,Model_Name,feature_represenation,variance_maintained,Dimentionality,r2_summary,RMSE_summary,r2_train,RMSE_train,standard_error_r2,standard_error_RMSE,standard_error_r2_train,standard_error_RMSE_train
0,Ridge,SNPs,-,322648,0.04915923685303468,0.9593899192071242,0.8414194160584539,0.36428201164056734,0.14470281649126882,0.30840436199879506,0.23084535684159393,0.3376046614542373
1,Lasso,SNPs,-,322648,0.2515781135619046,0.8510851208827788,0.47281146654593054,0.7210401491032633,0.11627321242413674,0.2767696640425118,0.2530305079185213,0.14979262260282197
2,ElasticNet,SNPs,-,322648,0.23391605729189288,0.8600157078179195,0.3097326446989185,0.8304504139769073,0.11245917715153458,0.2602667163277645,0.05968913023114723,0.04164617140816097
