,Model_Name,feature_represenation,variance_maintained,Dimentionality,r2_summary,RMSE_summary,r2_train,RMSE_train,standard_error_r2,standard_error_RMSE,standard_error_r2_train,standard_error_RMSE_train
0,Ridge,SNPs,-,366534,0.6637448286235347,0.5738292462349377,0.9993351563777249,0.020249270003920586,0.06996571094724112,0.09227501251493171,0.0016730720857899167,0.03303836076053421
1,Lasso,SNPs,-,366534,0.6508006350213135,0.5838774580249291,0.8779905637755715,0.34319865106241754,0.07799011785090293,0.076867184138521,0.0988315860024384,0.13786560831796701
2,ElasticNet,SNPs,-,366534,0.6494602693763385,0.5855448411370727,0.8892220108244322,0.3308248090984008,0.06529373130414287,0.07786354143228767,0.05286299046078532,0.08218674777424383
