,Model_Name,feature_represenation,variance_maintained,Dimentionality,r2_summary,RMSE_summary,r2_train,RMSE_train,standard_error_r2,standard_error_RMSE,standard_error_r2_train,standard_error_RMSE_train
0,Ridge,SNPs,-,363618,0.011578491832072125,0.9756511471102184,0.27072127093700826,0.85330196721009,0.13590687006869978,0.2634877738807361,0.09667747341474597,0.055041194200388624
1,Lasso,SNPs,-,363618,0.03318365904073559,0.9655496027121211,0.18801567874423017,0.9008373423909731,0.10845615341578635,0.26373998328504394,0.02716820443393372,0.02219898665333837
2,ElasticNet,SNPs,-,363618,-0.0007017701840535851,0.9826911819957688,0.09930413647629445,0.9483086144432037,0.0674653699042443,0.2670276713436891,0.1362239964203176,0.08506333505521346
