,Model_Name,feature_represenation,variance_maintained,Dimentionality,r2_summary,RMSE_summary,r2_train,RMSE_train,standard_error_r2,standard_error_RMSE,standard_error_r2_train,standard_error_RMSE_train
0,Ridge,SNPs,-,314263,0.24623530346211156,0.7693762454535124,0.7108074196100337,0.527034119333523,0.8892363449530155,0.5382822119667122,0.21564049201549623,0.1945608586533836
1,Lasso,SNPs,-,314263,0.2546248490174841,0.7692132499194286,0.7365464009203402,0.5101617180564748,0.8213668933137422,0.5397288000736873,0.11175297048530214,0.1431232848272082
2,ElasticNet,SNPs,-,314263,0.20123644121133394,0.8097847738665445,0.43101770675090895,0.7516580851420258,0.6511579453483135,0.5239549423105686,0.18319070884179825,0.13549497433439597
