,Model_Name,feature_represenation,variance_maintained,Dimentionality,r2_summary,RMSE_summary,r2_train,RMSE_train,standard_error_r2,standard_error_RMSE,standard_error_r2_train,standard_error_RMSE_train
0,Ridge,SNPs,-,314263,-1.270911203320422,0.8500515680296218,0.3369408652879122,0.8074193256499871,6.605582742367305,1.0403330848440504,0.2775135616523676,0.1935185564340384
1,Lasso,SNPs,-,314263,-1.7076067106252022,0.8632295415070501,0.23199583236097468,0.873192306208393,9.057920404082127,1.0494915585525553,0.2951775626252989,0.244834515954761
2,ElasticNet,SNPs,-,314263,-1.1624375325006475,0.853553635051907,0.019535987544391908,0.9891262885543944,6.412816371320975,1.075716836938328,0.12108530528267863,0.17257006979000686
