,Model_Name,feature_represenation,variance_maintained,Dimentionality,r2_summary,RMSE_summary,r2_train,RMSE_train,standard_error_r2,standard_error_RMSE,standard_error_r2_train,standard_error_RMSE_train
0,Ridge,SNPs,-,314263,0.1865527153461637,0.8528526415800389,0.3569098257221199,0.7981032613962781,0.1435524346752615,0.6218669029453774,0.21582175609573975,0.14348650519187683
1,Lasso,SNPs,-,314263,0.5079006100622975,0.6542672393071655,0.7622849818456288,0.48682209754660755,0.28591960977087577,0.5167211333859474,0.02447887017512228,0.018367808277484347
2,ElasticNet,SNPs,-,314263,0.46786969427461916,0.6961872677651779,0.5138109331375097,0.6955960805912372,0.2667176974542544,0.5828424806869996,0.11365612574358493,0.09144074885703661
