,Model_Name,feature_represenation,variance_maintained,Dimentionality,r2_summary,RMSE_summary,r2_train,RMSE_train,standard_error_r2,standard_error_RMSE,standard_error_r2_train,standard_error_RMSE_train
0,Ridge,SNPs,-,314263,0.047577144522231316,0.9505197041289044,0.47562815822115523,0.7225782104199159,0.13808141327918713,0.34282112482598626,0.10786415313717886,0.07500589732989985
1,Lasso,SNPs,-,314263,0.03575398902606569,0.9594930686816436,0.22077687107047742,0.8800375844001367,0.1141204727673845,0.37541919627821313,0.2297828603948751,0.11630192203685563
2,ElasticNet,SNPs,-,314263,0.058642703505564255,0.9469383093705535,0.38156417999844183,0.7826318379289978,0.11477175845852092,0.3599297007575662,0.21356849043999668,0.11950514838906116
