,Model_Name,feature_represenation,variance_maintained,Dimentionality,r2_summary,RMSE_summary,r2_train,RMSE_train,standard_error_r2,standard_error_RMSE,standard_error_r2_train,standard_error_RMSE_train
0,Ridge,SNPs,-,314263,0.1677356183279917,0.9012303617666227,0.5076674202608029,0.6991250564229119,0.13834199935577446,0.19640616967455785,0.16463919203279012,0.12327950746912594
1,Lasso,SNPs,-,314263,0.17424273844640822,0.8991235802870312,0.37188735587015187,0.7923036180597891,0.08518807259771016,0.20896044579076517,0.028441578999087603,0.014721325643520767
2,ElasticNet,SNPs,-,314263,0.14004413487961506,0.9174959293982131,0.2859120239612267,0.8440390157991784,0.09100980038220005,0.2118883056600535,0.13229649103830568,0.08737590789572193
