,Model_Name,feature_represenation,variance_maintained,Dimentionality,r2_summary,RMSE_summary,r2_train,RMSE_train,standard_error_r2,standard_error_RMSE,standard_error_r2_train,standard_error_RMSE_train
0,Ridge,SNPs,-,314263,0.3198415081828353,0.7991500193835265,0.8430783399837048,0.3959492886693575,0.19719399006482308,0.3145825420745608,0.009548524981119287,0.01962037111608309
1,Lasso,SNPs,-,314263,0.252578772383488,0.8402590100297441,0.48401219616390573,0.714852803954868,0.15991357080385862,0.3426393977695055,0.17586699355366125,0.14175432196355905
2,ElasticNet,SNPs,-,314263,0.2719943092519095,0.8306925247141255,0.5196254791512533,0.6906338736019755,0.1698535105887112,0.35604910666657397,0.14961595182278595,0.1056713007460887
