,Model_Name,feature_represenation,variance_maintained,Dimentionality,r2_summary,RMSE_summary,r2_train,RMSE_train,standard_error_r2,standard_error_RMSE,standard_error_r2_train,standard_error_RMSE_train
0,Ridge,SNPs,-,306574,0.041782102503553666,0.9554462154218735,0.7645102743867257,0.48116308766653815,0.26665795949491333,0.13828877172699913,0.1358463847482387,0.1292117641723977
1,Lasso,SNPs,-,306574,-0.0368011523334655,0.9994535575751338,0.1950072181241479,0.889248698105428,0.13648368907186872,0.19652719587236203,0.4182025804168734,0.25557785085283646
2,ElasticNet,SNPs,-,306574,0.033919337788438406,0.962567753538061,0.42035487538555993,0.7590529188784609,0.19114233642006073,0.17088344271692124,0.18373873516987363,0.11002550027047708
