,Model_Name,feature_represenation,variance_maintained,Dimentionality,r2_summary,RMSE_summary,r2_train,RMSE_train,standard_error_r2,standard_error_RMSE,standard_error_r2_train,standard_error_RMSE_train
0,Ridge,SNPs,-,322648,-0.02522817835418604,0.9802570185428001,0.6178384460127558,0.5923795886701194,0.24471623115880634,0.24458210602629035,0.4273843276997189,0.3606511910605164
1,Lasso,SNPs,-,322648,-0.048445736773636706,0.9931252937208627,0.023837541998431966,0.9876207738486239,0.20686714238015946,0.2629521702450441,0.013832441466257893,0.027457017717903473
2,ElasticNet,SNPs,-,322648,-0.06770689772156731,1.0016555552087447,0.05701164379723043,0.967104942595167,0.19987490052065796,0.25155940722487063,0.28871746895506456,0.1648664831150209
