,Model_Name,feature_represenation,variance_maintained,Dimentionality,r2_summary,RMSE_summary,r2_train,RMSE_train,standard_error_r2,standard_error_RMSE,standard_error_r2_train,standard_error_RMSE_train
0,Ridge,SNPs,-,334726,0.22136483236469878,0.8661455608035107,0.9506359819146749,0.21123913138983927,0.272473329779593,0.24929954601558227,0.05165180932982211,0.14663115173919794
1,Lasso,SNPs,-,334726,0.1474720934371064,0.9041782407789675,0.618523660407377,0.6044586581642615,0.2298879168917445,0.16443112721846015,0.3142405890722169,0.28245297811699666
2,ElasticNet,SNPs,-,334726,0.21573504246691932,0.8696336623765966,0.6558473301236958,0.583022121386945,0.20210523712306047,0.2095673066877145,0.1577229669818315,0.13797604125472443
