,Model_Name,feature_represenation,variance_maintained,Dimentionality,r2_summary,RMSE_summary,r2_train,RMSE_train,standard_error_r2,standard_error_RMSE,standard_error_r2_train,standard_error_RMSE_train
0,Ridge,SNPs,-,365385,-0.009560253096855365,0.9958794781667919,0.38899066497798,0.7730507638742274,0.11083714695811932,0.07775995331920944,0.35721756311289526,0.23423999107281132
1,Lasso,SNPs,-,365385,-0.01414582380881857,0.9994140491830948,0.030501216126250397,0.9840771672720198,0.02963276135170859,0.10583788924124572,0.12615581893932704,0.06972255320193368
2,ElasticNet,SNPs,-,365385,-0.01601728801951898,1.0003176139079315,0.01864473930869811,0.990343747317906,0.03734098643241702,0.10627279689804699,0.07717226480962598,0.03994721155474316
