,Model_Name,feature_represenation,variance_maintained,Dimentionality,r2_summary,RMSE_summary,r2_train,RMSE_train,standard_error_r2,standard_error_RMSE,standard_error_r2_train,standard_error_RMSE_train
0,Ridge,SNPs,-,333666,0.6062155818986854,0.6044778565904241,0.9999999999915783,2.3518712163597888e-06,0.20213810379628747,0.21961735151782966,2.277056724448182e-11,3.491249952723087e-06
1,Lasso,SNPs,-,333666,0.2844352022405207,0.7607769278599528,0.9847462971455975,0.08636275596378953,1.0381843933464012,0.3299538935412444,0.03969102055032966,0.18234409747281458
2,ElasticNet,SNPs,-,333666,0.5814169763450491,0.625128433820629,0.9332655449865139,0.24870430906367166,0.1467908760220414,0.18053837917198584,0.07038702947453454,0.1413222057412164
