,Model_Name,feature_represenation,variance_maintained,Dimentionality,r2_summary,RMSE_summary,r2_train,RMSE_train,standard_error_r2,standard_error_RMSE,standard_error_r2_train,standard_error_RMSE_train
0,Ridge,SNPs,-,232603,-0.015407500081344472,0.9467795932270359,0.7681612631871748,0.45303611824612056,0.3140731483482828,0.3784921211737029,0.2985671407816498,0.33327345923715307
1,Lasso,SNPs,-,232603,0.024958428679695256,0.9261599470220129,0.5730637353450507,0.6263236391662227,0.34837812222393766,0.3812088290263197,0.4416960311162202,0.39341873754318774
2,ElasticNet,SNPs,-,232603,-0.02798978537639225,0.9621656157975753,0.36577128754039934,0.7856084284890759,0.21061474857633852,0.45700070742003013,0.41277214226438136,0.2664134676570203
