,Model_Name,feature_represenation,variance_maintained,Dimentionality,r2_summary,RMSE_summary,r2_train,RMSE_train,standard_error_r2,standard_error_RMSE,standard_error_r2_train,standard_error_RMSE_train
0,Ridge,SNPs,-,322648,0.08161116297592588,0.9411785865833778,0.9372813311564798,0.21972766185288303,0.12669893352806263,0.1652658834397616,0.12411379855528369,0.24974281001586746
1,Lasso,SNPs,-,322648,0.002338901449152775,0.9809764496073137,0.5365708490581351,0.5989879476467834,0.11325756641909827,0.16358506261688813,0.7964489828268557,0.655720823156318
2,ElasticNet,SNPs,-,322648,0.07051774996712591,0.946998422309376,0.6583588779320301,0.5688781703678242,0.11568077538179607,0.16458822739718196,0.316069408347085,0.26774685289256395
