,Model_Name,feature_represenation,variance_maintained,Dimentionality,r2_summary,RMSE_summary,r2_train,RMSE_train,standard_error_r2,standard_error_RMSE,standard_error_r2_train,standard_error_RMSE_train
0,Ridge,SNPs,-,358874,0.5405477777333274,0.6495642903339716,0.9993664807733514,0.010790045811817948,0.3919033864812453,0.21581422631271605,0.0030652525129527004,0.0468536427911617
1,Lasso,SNPs,-,358874,0.46385975279385566,0.6965966757872657,0.9815431264953466,0.10947304270670179,0.5209748316825672,0.2679734133314758,0.0427626474943696,0.16719785188175343
2,ElasticNet,SNPs,-,358874,0.5051476174419834,0.6802403628658148,0.8874703067531283,0.3278700444832344,0.32203256035923217,0.20542624237871862,0.10666309599718077,0.15111841486787986
