,Model_Name,feature_represenation,variance_maintained,Dimentionality,r2_summary,RMSE_summary,r2_train,RMSE_train,standard_error_r2,standard_error_RMSE,standard_error_r2_train,standard_error_RMSE_train
0,Ridge,SNPs,-,363320,0.09449782138232153,0.926748816134944,0.8206012130673456,0.41271992104051747,0.24001200488870217,0.17275811638487215,0.16264184906859758,0.18773629801956893
1,Lasso,SNPs,-,363320,-0.0019147051747844257,0.9763130027330218,0.539486063592159,0.6518075440242326,0.25731520659779006,0.2066331859553915,0.45134754240506386,0.3865602493402427
2,ElasticNet,SNPs,-,363320,0.03517902469402458,0.9589657314585344,0.35677147463374287,0.7980187308945995,0.14369684109564954,0.17745169734806587,0.238546644936571,0.14750963571035275
