,Model_Name,feature_represenation,variance_maintained,Dimentionality,r2_summary,RMSE_summary,r2_train,RMSE_train,standard_error_r2,standard_error_RMSE,standard_error_r2_train,standard_error_RMSE_train
0,Ridge,SNPs,-,333062,0.010302263116851984,0.9629230968431308,0.6563579591860748,0.5766898266649554,0.22456694649112321,0.33397431478178236,0.2553161195680991,0.22657309245825893
1,Lasso,SNPs,-,333062,-0.06883273417369946,1.002134152269287,0.1427207968909637,0.9201163548818592,0.10456481136353646,0.33027552946813016,0.36192599669638315,0.1981539525645961
2,ElasticNet,SNPs,-,333062,-0.05474416323829075,0.9957390255552276,0.07129171865882676,0.9606866685849328,0.10256474975926938,0.32986131183290646,0.24227605148894304,0.12056258536329102
