,Model_Name,feature_represenation,variance_maintained,Dimentionality,r2_summary,RMSE_summary,r2_train,RMSE_train,standard_error_r2,standard_error_RMSE,standard_error_r2_train,standard_error_RMSE_train
0,Ridge,SNPs,-,302868,0.19280182656863368,0.8736420692619593,0.9533796565700605,0.20506575489764262,0.24285123249171348,0.27539601663884383,0.05643666022152755,0.13229760212627079
1,Lasso,SNPs,-,302868,0.1607833254425402,0.8959404883869608,0.2978599969236821,0.8347035630265571,0.05109826823557612,0.2953021911934605,0.2265387082174536,0.16054965905696092
2,ElasticNet,SNPs,-,302868,0.16254273246103257,0.893515066304086,0.45661830792586516,0.7303014122577665,0.08476600884432352,0.2768182093909266,0.27542345244626515,0.19424363183493534
