,Model_Name,feature_represenation,variance_maintained,Dimentionality,r2_summary,RMSE_summary,r2_train,RMSE_train,standard_error_r2,standard_error_RMSE,standard_error_r2_train,standard_error_RMSE_train
0,Ridge,SNPs,-,312695,-0.09720942302824294,0.9742619240573744,0.23289441330422175,0.8704352061091462,0.09684928908583355,0.552947457932853,0.2875794312240177,0.19010602042964933
1,Lasso,SNPs,-,312695,-0.18814778047088762,1.0132737195113768,0.28822026555153213,0.8266839819133569,0.2774409376872586,0.5858312716787701,0.5400444669597967,0.3609270900251341
2,ElasticNet,SNPs,-,312695,-0.0916517456771568,0.9732349234367509,0.022333168347960695,0.9874855807480596,0.10460631837701832,0.5637742611956215,0.1384224115211699,0.10613678706066602
