,Model_Name,feature_represenation,variance_maintained,Dimentionality,r2_summary,RMSE_summary,r2_train,RMSE_train,standard_error_r2,standard_error_RMSE,standard_error_r2_train,standard_error_RMSE_train
0,Ridge,SNPs,-,328467,-0.015424480858318245,1.0010712778810393,0.45397010845892943,0.7267872610343746,0.12673700831801232,0.21034219230996876,0.3833161405751846,0.28196906467184196
1,Lasso,SNPs,-,328467,-0.007283937126944173,0.9968934051646173,-5.551115123125783e-17,0.9999179749705082,0.013779718887591148,0.1870770899460154,2.35038872973259e-16,0.02074331126054882
2,ElasticNet,SNPs,-,328467,-0.0002761540349837333,0.9934182436925002,0.12300912911200071,0.9344987277622943,0.0213575735102273,0.18682025871354957,0.2369116952510207,0.14013637660945494
