,Model_Name,feature_represenation,variance_maintained,Dimentionality,r2_summary,RMSE_summary,r2_train,RMSE_train,standard_error_r2,standard_error_RMSE,standard_error_r2_train,standard_error_RMSE_train
0,Ridge,SNPs,-,295534,-0.3379870189023606,0.9722153639306703,0.6856573979281996,0.5015983066357439,1.3803697955752683,0.3480615820699053,0.4679019497729342,0.4803377409878805
1,Lasso,SNPs,-,295534,-0.4771621505468432,0.999533809809513,0.5659820010979814,0.5487467626654421,1.8994348675350152,0.42982624018642746,0.8466491271425844,0.7692186337098984
2,ElasticNet,SNPs,-,295534,-0.27062981034364836,0.9961157014023595,0.11787556830784432,0.9279203699494676,0.7413777895871151,0.5690423573663486,0.4197358264675531,0.2364441627678012
