,Model_Name,feature_represenation,variance_maintained,Dimentionality,r2_summary,RMSE_summary,r2_train,RMSE_train,standard_error_r2,standard_error_RMSE,standard_error_r2_train,standard_error_RMSE_train
0,Ridge,SNPs,-,358874,0.73821735799661,0.5006735966776152,0.999714036098614,0.005318472125789107,0.15674730073979812,0.15635829178276275,0.0017724226070018648,0.03295611773724779
1,Lasso,SNPs,-,358874,0.6732321134634711,0.5597159157042971,0.9768688455842989,0.13045734545060778,0.2071553904883573,0.20555559575257024,0.042111918623262266,0.1617433044320289
2,ElasticNet,SNPs,-,358874,0.709157881664849,0.5268630452738445,0.9141185237442455,0.2872975892742608,0.17286645831969363,0.15189454243483808,0.0680203900082537,0.1268015366478483
