,Model_Name,feature_represenation,variance_maintained,Dimentionality,r2_summary,RMSE_summary,r2_train,RMSE_train,standard_error_r2,standard_error_RMSE,standard_error_r2_train,standard_error_RMSE_train
0,Ridge,SNPs,-,330831,0.5584509189238375,0.5589647474824607,0.9999999999959786,1.7679176853013196e-06,0.4112490696447446,0.34163390835635477,9.499408760466828e-12,1.9105364040372594e-06
1,Lasso,SNPs,-,330831,-0.6699893822815153,1.0384275304822161,0.9936110134866829,0.032181016257368585,2.025953795746417,0.5824710695303318,0.035462137761098106,0.1548047082138761
2,ElasticNet,SNPs,-,330831,0.4796237151699611,0.6258308211404913,0.9047466063986144,0.30326158656860164,0.34899256239623444,0.3803630900074767,0.0858063853393342,0.13666929771248085
