,Model_Name,feature_represenation,variance_maintained,Dimentionality,r2_summary,RMSE_summary,r2_train,RMSE_train,standard_error_r2,standard_error_RMSE,standard_error_r2_train,standard_error_RMSE_train
0,Ridge,SNPs,-,363320,-0.01968554401182231,0.9985851946142212,0.1812971099405294,0.9043704267785082,0.05247184096904401,0.163317897144047,0.09383417427834145,0.05750566642497713
1,Lasso,SNPs,-,363320,-0.019546188308655156,0.9984809859751539,-1.1102230246251565e-16,0.9998661075170309,0.05997990456277705,0.16400031845177584,2.9013828376870757e-16,0.017818665509675986
2,ElasticNet,SNPs,-,363320,-0.019546188338984537,0.9984809859867664,-3.3306690738754695e-17,0.9998661075170308,0.05997990584254187,0.16400031862245792,2.0643700795231002e-16,0.017818665509675948
