,Model_Name,feature_represenation,variance_maintained,Dimentionality,r2_summary,RMSE_summary,r2_train,RMSE_train,standard_error_r2,standard_error_RMSE,standard_error_r2_train,standard_error_RMSE_train
0,Ridge,SNPs,-,358874,0.8104829710619291,0.41834557036510844,0.999999999999319,7.462633445863027e-07,0.21809023668415564,0.32752706363077516,1.6159394477843947e-12,7.45370507170379e-07
1,Lasso,SNPs,-,358874,0.454196773895466,0.7105661684539052,0.9984306887387617,0.017227221571614885,0.4819786984449464,0.3952391386840667,0.007660230808578018,0.0752841211594519
2,ElasticNet,SNPs,-,358874,0.7665784008944118,0.4650785940767971,0.9303931915907365,0.2602346561860395,0.22735982677985433,0.30645080872773545,0.048431264895527425,0.09200664945269561
