,Model_Name,feature_represenation,variance_maintained,Dimentionality,r2_summary,RMSE_summary,r2_train,RMSE_train,standard_error_r2,standard_error_RMSE,standard_error_r2_train,standard_error_RMSE_train
0,Ridge,SNPs,-,358874,0.6478805213469618,0.5748101896149,0.9999999999973812,9.838021777377894e-07,0.1808708550904252,0.1519580368578953,1.4341420360136229e-11,2.692764293350839e-06
1,Lasso,SNPs,-,358874,0.22098475453603672,0.8207249676628665,0.9883038547899894,0.06741827481054904,0.9234878279667874,0.41539915354742396,0.038477075387063735,0.17420235642907775
2,ElasticNet,SNPs,-,358874,0.6267273129741927,0.5923321078136903,0.9575338246093247,0.20169873964437823,0.1850598053999794,0.15204896614407404,0.03269383645507631,0.08873095391375987
