,Model_Name,feature_represenation,variance_maintained,Dimentionality,r2_summary,RMSE_summary,r2_train,RMSE_train,standard_error_r2,standard_error_RMSE,standard_error_r2_train,standard_error_RMSE_train
0,Ridge,SNPs,-,330341,0.05342699220002102,0.9439836870269596,0.6871200861522229,0.5339413822305555,0.41465286400242635,0.5255874786233385,0.307948380817207,0.35262779570175856
1,Lasso,SNPs,-,330341,0.012716416598396185,0.9686131859753884,0.4804418236321041,0.6734411934979063,0.2118392671710163,0.533344913926675,0.5399368889283357,0.555777596525229
2,ElasticNet,SNPs,-,330341,0.045126524466027516,0.9482373107457558,0.303839145758654,0.8247129927710856,0.14235862544547462,0.4754247199310833,0.395396097519264,0.2621313307681266
