,Model_Name,feature_represenation,variance_maintained,Dimentionality,r2_summary,RMSE_summary,r2_train,RMSE_train,standard_error_r2,standard_error_RMSE,standard_error_r2_train,standard_error_RMSE_train
0,Ridge,SNPs,-,358874,0.651110526660897,0.5812426279217957,0.9999995357602707,0.0002185785549800972,0.17891994773746125,0.1821111265570538,2.8773631772979658e-06,0.0013455363218456752
1,Lasso,SNPs,-,358874,0.5294597317389681,0.6659144504444804,0.9827880094962965,0.09389163523755294,0.38551394888476137,0.26813637291438364,0.04466512394465212,0.19060247161478422
2,ElasticNet,SNPs,-,358874,0.6328841110426989,0.5971491089758986,0.9305252339911022,0.2622285445466467,0.15557827157258866,0.164176519461159,0.02669084090980298,0.05479372962037958
