,Model_Name,feature_represenation,variance_maintained,Dimentionality,r2_summary,RMSE_summary,r2_train,RMSE_train,standard_error_r2,standard_error_RMSE,standard_error_r2_train,standard_error_RMSE_train
0,Ridge,SNPs,-,358874,0.7658779806093308,0.4728539207410075,0.9999999999990535,8.308129690372489e-07,0.14750688394870914,0.18908035610540036,3.043127365078633e-12,1.0736289147789625e-06
1,Lasso,SNPs,-,358874,0.44741131663095446,0.6884166115720319,0.9919347367414423,0.056635459201120966,0.7070667765297335,0.4220603438925685,0.02772503091460256,0.14088127323914063
2,ElasticNet,SNPs,-,358874,0.729424221763405,0.5078813352088433,0.915682851308606,0.2887528668766348,0.16036625297960905,0.18449667268586825,0.037437703385635415,0.06484232199802392
