,Model_Name,feature_represenation,variance_maintained,Dimentionality,r2_summary,RMSE_summary,r2_train,RMSE_train,standard_error_r2,standard_error_RMSE,standard_error_r2_train,standard_error_RMSE_train
0,Ridge,SNPs,-,307883,-0.0035753425990445063,0.9097380400443312,0.9758344237907265,0.1418648892939245,0.4876371139550565,0.6365843929361023,0.04602218612089422,0.13506001828022868
1,Lasso,SNPs,-,307883,-0.21340685444539437,0.9961302870960366,0.21212921936362722,0.872517517238569,0.6473222032827538,0.6365304319074199,0.5170613165579662,0.3556723211350427
2,ElasticNet,SNPs,-,307883,-0.15270479386707947,0.9688841291509828,0.018639301462968404,0.9895049201173126,0.6182480915517179,0.6081843398273158,0.11552758737027799,0.10491505436673056
