,Model_Name,feature_represenation,variance_maintained,Dimentionality,r2_summary,RMSE_summary,r2_train,RMSE_train,standard_error_r2,standard_error_RMSE,standard_error_r2_train,standard_error_RMSE_train
0,Ridge,SNPs,-,295534,-0.21234256412438524,0.9237058071945518,0.701543317091426,0.4788918118176911,0.7163842958738831,0.8762652243491786,0.5487172402181115,0.5531321173509421
1,Lasso,SNPs,-,295534,-0.07054556215546329,0.8878589781274607,0.5646663480185032,0.6285865818301575,0.6033766561254155,0.906103361851224,0.5109850172335665,0.4283085298577344
2,ElasticNet,SNPs,-,295534,-0.1439163252972384,0.9161574532222667,0.07532615905501669,0.9562964825955795,0.33812261661000437,0.8899116282276838,0.46687637081169986,0.3793798481377215
