,Model_Name,feature_represenation,variance_maintained,Dimentionality,r2_summary,RMSE_summary,r2_train,RMSE_train,standard_error_r2,standard_error_RMSE,standard_error_r2_train,standard_error_RMSE_train
0,Ridge,SNPs,-,358874,0.7296943460840584,0.5129053542849117,0.9999999999988711,9.247492359165819e-07,0.14810848375401806,0.22113531335408268,2.715582242276503e-12,1.0805350039404347e-06
1,Lasso,SNPs,-,358874,0.528726851753616,0.6623944444139964,0.9907185635543468,0.06661009923809472,0.3792322723290673,0.28131912849525337,0.02794966116623892,0.14444953740684596
2,ElasticNet,SNPs,-,358874,0.6884757762630414,0.551517876339049,0.9161674171342753,0.2786247757653653,0.1277320649771034,0.20900715900906328,0.09115879278350782,0.16700694118914572
