,Model_Name,feature_represenation,variance_maintained,Dimentionality,r2_summary,RMSE_summary,r2_train,RMSE_train,standard_error_r2,standard_error_RMSE,standard_error_r2_train,standard_error_RMSE_train
0,Ridge,SNPs,-,307883,-0.9827163695176154,0.8852417647658101,0.5958352753164654,0.6125100989348925,3.7703171929513797,1.0609264687818383,0.4967053023645215,0.38777835246025455
1,Lasso,SNPs,-,307883,-1.1127063643392252,0.8829909638742378,-1.1102230246251565e-16,0.9969893582928586,4.427571093757833,1.0489163223909324,2.2937445328034447e-16,0.14812767515937542
2,ElasticNet,SNPs,-,307883,-1.1144543627142398,0.8836452642427142,0.00875915385086462,0.9924058513397457,4.4257095095634735,1.048575597718387,0.05428979802735121,0.14739864719945225
