,Model_Name,feature_represenation,variance_maintained,Dimentionality,r2_summary,RMSE_summary,r2_train,RMSE_train,standard_error_r2,standard_error_RMSE,standard_error_r2_train,standard_error_RMSE_train
0,Ridge,SNPs,-,329899,0.08588970000188181,0.9337890131639396,0.7864110070633704,0.44706684879150627,0.2637216421408248,0.36301767128323287,0.20195436932912558,0.22709048425795808
1,Lasso,SNPs,-,329899,-0.020289602602778567,0.9840722271619455,0.574369760928495,0.6193010586052992,0.2498181849038638,0.32262821519361057,0.5352553874480844,0.4316136786310216
2,ElasticNet,SNPs,-,329899,0.07900767811405847,0.9383384683358882,0.3447903361039704,0.8073371176455911,0.12600578601756537,0.33243785650719626,0.17456272179550314,0.11269322024917192
