,Model_Name,feature_represenation,variance_maintained,Dimentionality,r2_summary,RMSE_summary,r2_train,RMSE_train,standard_error_r2,standard_error_RMSE,standard_error_r2_train,standard_error_RMSE_train
0,Ridge,SNPs,-,322648,0.022997403612839272,0.9691006723147857,0.8219429280990707,0.40126719338742556,0.2232756182868719,0.28465219605125375,0.20795877721379824,0.25847916167320745
1,Lasso,SNPs,-,322648,-0.038967319086348706,0.9992019303170592,0.3918793400509337,0.7569370759725699,0.21089075245739675,0.2816270299189973,0.5658019999435489,0.369514883171816
2,ElasticNet,SNPs,-,322648,0.0038117753406354147,0.9800715321139414,0.24168174140714513,0.8633295227364234,0.1301881522402476,0.2836393701187956,0.4044787679788587,0.24927928829745208
