,Model_Name,feature_represenation,variance_maintained,Dimentionality,r2_summary,RMSE_summary,r2_train,RMSE_train,standard_error_r2,standard_error_RMSE,standard_error_r2_train,standard_error_RMSE_train
0,Ridge,SNPs,-,323224,-0.03526524631242776,0.9841226825748687,0.3856240194050873,0.7756411162880577,0.13316542623680744,0.33917359127713126,0.3223037289193986,0.20248324126783734
1,Lasso,SNPs,-,323224,-0.047926326240307036,0.9915433610239306,0.052243685947258756,0.9704432421852034,0.1400846395861088,0.36032352903288917,0.2985155722577904,0.1931472495724683
2,ElasticNet,SNPs,-,323224,-0.04453998284528016,0.9889612527588931,0.04056155724099507,0.9789122929665587,0.1419172046113233,0.3457908377974784,0.11098801833057417,0.07606629947338128
