,Model_Name,feature_represenation,variance_maintained,Dimentionality,r2_summary,RMSE_summary,r2_train,RMSE_train,standard_error_r2,standard_error_RMSE,standard_error_r2_train,standard_error_RMSE_train
0,Ridge,SNPs,-,336711,0.09548573993507119,0.8875665924409291,0.8153748207802007,0.42027064902614597,0.5019232641899596,0.28851913849128447,0.14733665534000906,0.1615908803581685
1,Lasso,SNPs,-,336711,0.0700157776645039,0.9052594142278293,0.6463611173362297,0.5744512030034299,0.4412243420626812,0.3105469860674448,0.3780895571296697,0.3116543247104024
2,ElasticNet,SNPs,-,336711,0.03937037131061866,0.9196158452258867,0.3830265680893814,0.7827059211767718,0.492984517131005,0.3164143873571628,0.1818428008810987,0.11505637709267649
