,Model_Name,feature_represenation,variance_maintained,Dimentionality,r2_summary,RMSE_summary,r2_train,RMSE_train,standard_error_r2,standard_error_RMSE,standard_error_r2_train,standard_error_RMSE_train
0,Ridge,SNPs,-,321868,-0.08983965118800868,0.98929366619748,0.23571540254820583,0.8629356846001952,0.17484955281321293,0.40859469323761255,0.39201552091121655,0.28156867528901763
1,Lasso,SNPs,-,321868,-0.07226784041930652,0.9830217325392344,0.0,0.9995280967099535,0.174718297113062,0.4204611642997104,2.51267124354119e-16,0.04464380556701911
2,ElasticNet,SNPs,-,321868,-0.07226784119302654,0.9830217327431099,-1.1102230246251566e-17,0.9995280967099535,0.1747183032686489,0.4204611641228634,1.6056211729624113e-16,0.04464380556701911
