,Model_Name,feature_represenation,variance_maintained,Dimentionality,r2_summary,RMSE_summary,r2_train,RMSE_train,standard_error_r2,standard_error_RMSE,standard_error_r2_train,standard_error_RMSE_train
0,Ridge,SNPs,-,358874,0.6337269409678906,0.5972134884306701,0.9999705975406386,0.0021068706110127684,0.18734445726765078,0.2194607219575524,0.00016991092236048332,0.010485399818031418
1,Lasso,SNPs,-,358874,0.61250538645074,0.6157368351145196,0.9828192147829383,0.1123138263074879,0.12858075529678967,0.17533338020697117,0.039409447081401365,0.13505965717901242
2,ElasticNet,SNPs,-,358874,0.6020486516794852,0.6241206288383722,0.8817707158452915,0.3400813836458331,0.1563291194385387,0.2069354206764662,0.0641511249321021,0.10628751222654395
