,Model_Name,feature_represenation,variance_maintained,Dimentionality,r2_summary,RMSE_summary,r2_train,RMSE_train,standard_error_r2,standard_error_RMSE,standard_error_r2_train,standard_error_RMSE_train
0,Ridge,SNPs,-,336027,0.46476443644066584,0.7243365844429914,0.9999999999993828,7.629365185473731e-07,0.2127913053104854,0.16603588183092327,6.958214888434108e-13,3.782503887673674e-07
1,Lasso,SNPs,-,336027,0.4366050345844024,0.7438191004693598,0.8565132886164912,0.3647544522475958,0.20052475363166322,0.14497456502106157,0.09652032403584583,0.20935410808635285
2,ElasticNet,SNPs,-,336027,0.44481447521054474,0.7381364393995014,0.9106599644821146,0.2925721860690338,0.20473287127812037,0.1499437784743329,0.08355201196789971,0.12739200222025376
