,Model_Name,feature_represenation,variance_maintained,Dimentionality,r2_summary,RMSE_summary,r2_train,RMSE_train,standard_error_r2,standard_error_RMSE,standard_error_r2_train,standard_error_RMSE_train
0,Ridge,SNPs,-,323224,-0.025929561874057337,0.9836512212016029,0.5648778584467964,0.6509297382016456,0.14536498515187996,0.32173593743980083,0.25806205573149005,0.20312657873027953
1,Lasso,SNPs,-,323224,-0.03385040105263219,0.9893745686347017,0.004000122801550354,0.9976396847498561,0.06565417050988243,0.3401921979426484,0.014438210476867067,0.03699090792217337
2,ElasticNet,SNPs,-,323224,-0.030822825895689077,0.9875113491374558,0.09301563655907936,0.9490914541126645,0.08889557501159101,0.3372584270387538,0.2954272308254599,0.17237009134548362
