,Model_Name,feature_represenation,variance_maintained,Dimentionality,r2_summary,RMSE_summary,r2_train,RMSE_train,standard_error_r2,standard_error_RMSE,standard_error_r2_train,standard_error_RMSE_train
0,Ridge,SNPs,-,295534,-0.03825541543519924,0.9434954851541059,0.5612651056693465,0.6524210915698864,0.5174595369660179,0.42774493816331893,0.28921827915046294,0.22604556803620887
1,Lasso,SNPs,-,295534,-0.15424125171809128,1.001449437169,0.19927773843808932,0.8702957515087891,0.40037011183545707,0.4153837776158908,0.6362052842964309,0.425402005487517
2,ElasticNet,SNPs,-,295534,-0.150857057437758,0.9967907346867285,0.17628593779020962,0.9011422156209817,0.481213048437352,0.4225256400468666,0.3244548022942778,0.1593630593937829
