,Model_Name,feature_represenation,variance_maintained,Dimentionality,r2_summary,RMSE_summary,r2_train,RMSE_train,standard_error_r2,standard_error_RMSE,standard_error_r2_train,standard_error_RMSE_train
0,Ridge,SNPs,-,335382,-0.02531203416899922,0.9491371512218287,0.5461816645293986,0.6508945480793691,0.3443615635574752,0.3931803488722962,0.47364352364735185,0.34570357338637614
1,Lasso,SNPs,-,335382,-0.12962134808862255,0.9966707173306198,0.2036868980477254,0.8681099216254329,0.36275415643988657,0.41546367842386883,0.566235607622134,0.4372678930903431
2,ElasticNet,SNPs,-,335382,-0.10509377967036371,0.9848197194157565,0.10025200232726843,0.9450193594099848,0.31146081029287503,0.38298049070996215,0.27261239488210265,0.1466724901170774
