,Model_Name,feature_represenation,variance_maintained,Dimentionality,r2_summary,RMSE_summary,r2_train,RMSE_train,standard_error_r2,standard_error_RMSE,standard_error_r2_train,standard_error_RMSE_train
0,Ridge,SNPs,-,358874,0.7048128473067055,0.5328908403907132,0.9996996638073014,0.0069482120373982655,0.18657331166555102,0.2564298206153305,0.0017090037127930149,0.03291437177534157
1,Lasso,SNPs,-,358874,0.5443853868926831,0.6538353319025015,0.9766556540167335,0.12563441983021892,0.3429564933172582,0.24257105904806453,0.04530831469208354,0.17676709860812037
2,ElasticNet,SNPs,-,358874,0.6548151256633931,0.5776033118232838,0.8725491943545597,0.3544597013974011,0.16115809904634207,0.23711946691665609,0.061150524188748515,0.0856918910071634
