,Model_Name,feature_represenation,variance_maintained,Dimentionality,r2_summary,RMSE_summary,r2_train,RMSE_train,standard_error_r2,standard_error_RMSE,standard_error_r2_train,standard_error_RMSE_train
0,Ridge,SNPs,-,358874,0.46556366346582484,0.7187274938591534,0.9999514151309234,0.0022420894755149873,0.2827603908854114,0.34378942933327783,0.0003011321159993289,0.013886964071159295
1,Lasso,SNPs,-,358874,0.3367447026078784,0.7998436728960651,0.8769515869433248,0.3148266578249463,0.22786604568719473,0.30009963199596323,0.17243458961480648,0.3149999943274217
2,ElasticNet,SNPs,-,358874,0.3939513884175055,0.7670235189025059,0.7842213258787468,0.45392635579298146,0.24178131384331633,0.3366052449811759,0.1831938119265907,0.20088161634701698
