,Model_Name,feature_represenation,variance_maintained,Dimentionality,r2_summary,RMSE_summary,r2_train,RMSE_train,standard_error_r2,standard_error_RMSE,standard_error_r2_train,standard_error_RMSE_train
0,Ridge,SNPs,-,224779,-0.13168189718081347,0.9853873787719636,0.42931296919481843,0.7505523082249342,0.5913842987794857,0.36624109614720257,0.24408758702153882,0.18904504427965338
1,Lasso,SNPs,-,224779,-0.20956897924973078,1.0158166294209636,0.11220081730946188,0.936573923912882,0.6231706187407263,0.32097341254154294,0.3541037814517512,0.19641290347406792
2,ElasticNet,SNPs,-,224779,-0.17899132368517479,1.0006192651427892,0.010912654985266768,0.9937955990250316,0.6395676784669981,0.2961875619712649,0.04906383217296042,0.037744074316096124
