,Model_Name,feature_represenation,variance_maintained,Dimentionality,r2_summary,RMSE_summary,r2_train,RMSE_train,standard_error_r2,standard_error_RMSE,standard_error_r2_train,standard_error_RMSE_train
0,Ridge,SNPs,-,332947,-0.046013352552024454,0.969842192538586,0.5953342561510168,0.5469282975784597,0.4520015780713187,0.2133149895001061,0.6169442139005696,0.6578646431975818
1,Lasso,SNPs,-,332947,-0.06944531018606823,0.9863086467881276,0.22413428080145983,0.8684997322426803,0.32757059587789633,0.24238878133536412,0.46550906510261314,0.3033562811868899
2,ElasticNet,SNPs,-,332947,-0.0740579267699812,0.9874596131998948,0.306244806201326,0.8180795427809948,0.3295384883235782,0.2215874149768812,0.5030917865824845,0.3008756879036981
