,Model_Name,feature_represenation,variance_maintained,Dimentionality,r2_summary,RMSE_summary,r2_train,RMSE_train,standard_error_r2,standard_error_RMSE,standard_error_r2_train,standard_error_RMSE_train
0,Ridge,SNPs,-,365385,-0.007707407453634063,0.9950343718286886,0.42499035393647366,0.7534952822233189,0.10526463323226015,0.07754879578251284,0.24909180682900064,0.16362616628669094
1,Lasso,SNPs,-,365385,-0.014145561494860393,0.9994139151379562,0.03050091472684696,0.9840773299728566,0.02963289929717095,0.10583771029002707,0.12615463600594667,0.06972192958451215
2,ElasticNet,SNPs,-,365385,-0.014833092338088516,0.999756363711701,0.016851543126799807,0.9910531367921886,0.0375708009412368,0.10714833395055012,0.10444694640371632,0.05296040387950644
