,Model_Name,feature_represenation,variance_maintained,Dimentionality,r2_summary,RMSE_summary,r2_train,RMSE_train,standard_error_r2,standard_error_RMSE,standard_error_r2_train,standard_error_RMSE_train
0,Ridge,SNPs,-,302868,0.06004007712950203,0.9524224926788256,0.7799708771358996,0.4399152945940957,0.1894740867709447,0.19374424382946895,0.27275518756811873,0.3374449223209323
1,Lasso,SNPs,-,302868,-0.008286652288330486,0.9871078980818014,0.3138413160783089,0.8156129972034536,0.15778795752804675,0.1981160389223267,0.47721031897593086,0.31046244971848497
2,ElasticNet,SNPs,-,302868,0.035814867629269075,0.96596638555001,0.280742554095057,0.8430784206072071,0.11501328053298256,0.19560875026393773,0.2934692016380308,0.19067222439841255
