,Model_Name,feature_represenation,variance_maintained,Dimentionality,r2_summary,RMSE_summary,r2_train,RMSE_train,standard_error_r2,standard_error_RMSE,standard_error_r2_train,standard_error_RMSE_train
0,Ridge,SNPs,-,320251,0.09816283200045653,0.8723712607396463,0.940426204691123,0.1725229299975785,0.26743911436235795,0.6919324545415038,0.23112663362047758,0.3441677139783268
1,Lasso,SNPs,-,320251,-0.08885488138904964,0.9451742467230396,0.2781878803348467,0.773821608238346,0.4494291888623667,0.6672878788964011,0.8817944430437338,0.7896338051174164
2,ElasticNet,SNPs,-,320251,-0.03789910470834636,0.9378766685583073,0.10970799619805154,0.9359603597628339,0.13137261610705114,0.7351730146718074,0.35071752322063166,0.2032118185666756
