,Model_Name,feature_represenation,variance_maintained,Dimentionality,r2_summary,RMSE_summary,r2_train,RMSE_train,standard_error_r2,standard_error_RMSE,standard_error_r2_train,standard_error_RMSE_train
0,Ridge,SNPs,-,321468,-0.322437124898337,1.0048119896341863,0.280918927054333,0.8371264639356591,1.0159955471287614,0.45820167799509876,0.41133240978420915,0.27245104663535463
1,Lasso,SNPs,-,321468,-0.3275658450138814,1.0142013076932435,0.05071233338278314,0.9690127108161365,0.7764447946858322,0.45443022270830746,0.3143182987447178,0.1888580348460466
2,ElasticNet,SNPs,-,321468,-0.2823055930454307,0.9948363411094763,0.030466506796436886,0.9821212849993753,0.7777410658123098,0.43736860776791947,0.18883336549845148,0.10792307469507703
