,Model_Name,feature_represenation,variance_maintained,Dimentionality,r2_summary,RMSE_summary,r2_train,RMSE_train,standard_error_r2,standard_error_RMSE,standard_error_r2_train,standard_error_RMSE_train
0,Ridge,SNPs,-,334224,-0.166031928015873,0.9731826468483359,0.3358673019630743,0.8054671037877651,0.44819341561378706,0.43239720315244856,0.3281123583942316,0.1927889220993546
1,Lasso,SNPs,-,334224,-0.27324407411232404,1.0007893945664874,0.4361455451904737,0.6761518149946221,0.8230206156886412,0.418832741879653,0.8132467534828431,0.6479272748378359
2,ElasticNet,SNPs,-,334224,-0.19606564400905235,0.9880371677167336,0.13300494747144367,0.9262362791801566,0.4126274387148254,0.4469378611425594,0.3095671024488307,0.18602150999191916
