,Model_Name,feature_represenation,variance_maintained,Dimentionality,r2_summary,RMSE_summary,r2_train,RMSE_train,standard_error_r2,standard_error_RMSE,standard_error_r2_train,standard_error_RMSE_train
0,Ridge,SNPs,-,327819,-0.0166397501586229,0.8913473787847017,0.45856817182649806,0.734917401886797,0.2616603175824793,0.8737297090196835,0.0079757407654528,0.07220442762026466
1,Lasso,SNPs,-,327819,-0.11179414647693817,0.9196794448013733,0.22704601828079662,0.8596993916877114,0.26609245319224756,0.847871042112312,0.5580105834706832,0.35028803247312973
2,ElasticNet,SNPs,-,327819,-0.06344528607911867,0.9104941269184376,-2.2204460492503132e-17,0.9987747294947642,0.20483497568762507,0.87791742663757,1.3762467196820668e-16,0.09760445747215511
