,Model_Name,feature_represenation,variance_maintained,Dimentionality,r2_summary,RMSE_summary,r2_train,RMSE_train,standard_error_r2,standard_error_RMSE,standard_error_r2_train,standard_error_RMSE_train
0,Ridge,SNPs,-,323224,-0.048324471329419104,0.980879158065559,0.46274657337890085,0.730327513585206,0.2993669970649925,0.3213106206537563,0.16859084920887085,0.11960016934007865
1,Lasso,SNPs,-,323224,-0.04149754331185792,0.9795567384590839,0.048334964105256464,0.9749750070299642,0.205126274842768,0.319717697582141,0.03317331312362802,0.032933172960675584
2,ElasticNet,SNPs,-,323224,-0.061518199696335804,0.9885996690728462,0.03529462184047423,0.981624110388537,0.18165139725808782,0.3094915173928113,0.0796651671193596,0.06091904712053375
