,Model_Name,feature_represenation,variance_maintained,Dimentionality,r2_summary,RMSE_summary,r2_train,RMSE_train,standard_error_r2,standard_error_RMSE,standard_error_r2_train,standard_error_RMSE_train
0,Ridge,SNPs,-,323224,-0.037242250680900146,0.97984564591444,0.1499388661398059,0.921556986186139,0.09140320346559612,0.4569267395339651,0.002919650052688853,0.05067314142730752
1,Lasso,SNPs,-,323224,-0.035028381094925856,0.9783895144042154,-4.4408920985006264e-17,0.9995312584088912,0.08940742378001479,0.4532991406281743,2.7524934393641336e-16,0.0547456530596649
2,ElasticNet,SNPs,-,323224,-0.035028381935588174,0.9783895146432776,-2.2204460492503132e-17,0.9995312584088912,0.08940742651321827,0.4532991396884399,1.3762467196820668e-16,0.05474565305966484
