,Model_Name,feature_represenation,variance_maintained,Dimentionality,r2_summary,RMSE_summary,r2_train,RMSE_train,standard_error_r2,standard_error_RMSE,standard_error_r2_train,standard_error_RMSE_train
0,Ridge,SNPs,-,327819,-0.03781233222474163,0.9675313143875335,0.6203759591028986,0.600045244827113,0.31263481281605104,0.44569181349757403,0.31526027170635335,0.3036860084497301
1,Lasso,SNPs,-,327819,-0.0786303583436698,0.98821766957953,0.08120677401645213,0.9569847598342225,0.16494376569482241,0.43679673859932205,0.13882797312703618,0.06673347255459157
2,ElasticNet,SNPs,-,327819,-0.07367925960241836,0.9852739497213472,0.07659092839958163,0.9597344130718567,0.15670693450055964,0.4292744826564547,0.19528035926552556,0.13692490355323622
