,Model_Name,feature_represenation,variance_maintained,Dimentionality,r2_summary,RMSE_summary,r2_train,RMSE_train,standard_error_r2,standard_error_RMSE,standard_error_r2_train,standard_error_RMSE_train
0,Ridge,SNPs,-,324606,0.6653067173038838,0.5537387642660291,0.9999967507140409,0.0005753188469324475,0.3035441109185603,0.3133253505228519,2.0139242163549635e-05,0.003551073578401722
1,Lasso,SNPs,-,324606,0.4733516987901793,0.6929792488064929,0.9830043628807611,0.11162452903684858,0.5695449170200603,0.489294759353359,0.032695855573424686,0.14107822301272152
2,ElasticNet,SNPs,-,324606,0.6069914775921437,0.6038060023130964,0.906004121802565,0.28619568127979905,0.33992043721828413,0.3501920254605986,0.14002806215286792,0.2250032076113718
