,Model_Name,feature_represenation,variance_maintained,Dimentionality,r2_summary,RMSE_summary,r2_train,RMSE_train,standard_error_r2,standard_error_RMSE,standard_error_r2_train,standard_error_RMSE_train
0,Ridge,SNPs,-,358874,0.8376971121995195,0.3862208506370884,0.9999999999992581,7.785407281277268e-07,0.17206287916832713,0.24563462417687545,1.7926932354970043e-12,7.81779351724753e-07
1,Lasso,SNPs,-,358874,0.5975258206440758,0.6061728389190213,0.9923944474930485,0.053346461227507705,0.4112436482160514,0.399044634233889,0.02462259813442017,0.14355778595235363
2,ElasticNet,SNPs,-,358874,0.803794978859455,0.4281471491922823,0.9369117868976802,0.24873463710768173,0.1679980693041602,0.2153062336385239,0.03625641369544234,0.07225511700548615
