,Model_Name,feature_represenation,variance_maintained,Dimentionality,r2_summary,RMSE_summary,r2_train,RMSE_train,standard_error_r2,standard_error_RMSE,standard_error_r2_train,standard_error_RMSE_train
0,Ridge,SNPs,-,333474,0.5410399100521694,0.6273218448702476,0.9999999999964836,1.3595424464218263e-06,0.2411570686013472,0.2840874542730485,1.2832254217463345e-11,2.589196232256069e-06
1,Lasso,SNPs,-,333474,0.35988440960413814,0.7432287167701566,0.9684297057439633,0.11965350956662243,0.4215422854726811,0.4050394619998746,0.0964445556051243,0.268003010022855
2,ElasticNet,SNPs,-,333474,0.4981473309983997,0.6680170811007682,0.8976963557057104,0.31372962810229893,0.14529259921528925,0.3333729698732569,0.0722645403041168,0.10543987061142676
