,Model_Name,feature_represenation,variance_maintained,Dimentionality,r2_summary,RMSE_summary,r2_train,RMSE_train,standard_error_r2,standard_error_RMSE,standard_error_r2_train,standard_error_RMSE_train
0,Ridge,SNPs,-,327819,-0.09204718741571463,0.9140570831260153,0.5145085635123259,0.6942584354391806,0.5863307113360238,0.7498395122429027,0.18367548164294697,0.17521409620033873
1,Lasso,SNPs,-,327819,-0.13026054674415838,0.9243334088983086,0.37972184916976937,0.7560417218664166,0.649909470672935,0.745222874513693,0.654666422009732,0.45089163101196017
2,ElasticNet,SNPs,-,327819,-0.1152986813080408,0.9305456271199587,0.03314582979153946,0.9826847400873697,0.36978471310453326,0.7608483992197917,0.11686036214369454,0.13795998292316747
