,Model_Name,feature_represenation,variance_maintained,Dimentionality,r2_summary,RMSE_summary,r2_train,RMSE_train,standard_error_r2,standard_error_RMSE,standard_error_r2_train,standard_error_RMSE_train
0,Ridge,SNPs,-,330170,0.04851053611594466,0.9344855338094094,0.9130142321437352,0.2848585462284511,0.28643733681569034,0.4359991251604718,0.09272394615648663,0.14947492701358644
1,Lasso,SNPs,-,330170,-0.040060820300597336,0.9855232772607808,0.4759051181605118,0.6806693142522783,0.20531545593061137,0.5061679412284312,0.6750757845987233,0.5151698891891774
2,ElasticNet,SNPs,-,330170,0.07504020085519772,0.9279207378489376,0.5472664368543437,0.6680960925042423,0.18277887874811743,0.4657847619302664,0.18364647057210307,0.1331508593358501
