,Model_Name,feature_represenation,variance_maintained,Dimentionality,r2_summary,RMSE_summary,r2_train,RMSE_train,standard_error_r2,standard_error_RMSE,standard_error_r2_train,standard_error_RMSE_train
0,Ridge,SNPs,-,306956,-0.20816065409161394,0.8849561521229088,0.948402786766856,0.18125801824311297,1.2391606425862052,0.8744494935551791,0.12196265939931003,0.28967657510383715
1,Lasso,SNPs,-,306956,-0.31536779074890053,0.9266136933480125,-4.4408920985006264e-17,0.9984754116010869,0.8723484072175374,0.8279772548256854,1.834995626242756e-16,0.09517077027496049
2,ElasticNet,SNPs,-,306956,-0.30886289837435327,0.9257459293741905,0.007888126351247238,0.9942886304173917,0.8469537065975047,0.8296145888687764,0.04889111365262392,0.09077665222718939
