,Model_Name,feature_represenation,variance_maintained,Dimentionality,r2_summary,RMSE_summary,r2_train,RMSE_train,standard_error_r2,standard_error_RMSE,standard_error_r2_train,standard_error_RMSE_train
0,Ridge,SNPs,-,295534,-0.06592367259790696,0.9927491789949647,0.4349667678358999,0.7208180033047811,0.2450013385366278,0.4998678717517635,0.4945968765506169,0.4252766640537003
1,Lasso,SNPs,-,295534,-0.1583030647832188,1.0253384969751178,0.39220631202361617,0.7417433847381222,0.33425080748496105,0.4505532684662629,0.6995020116450605,0.4736466084296866
2,ElasticNet,SNPs,-,295534,-0.047645682194437586,0.9827009926238641,1.1102230246251566e-17,0.9994850734938473,0.08483474516037545,0.46428535970254875,2.6051929940942463e-16,0.05110379535975725
