,Model_Name,feature_represenation,variance_maintained,Dimentionality,r2_summary,RMSE_summary,r2_train,RMSE_train,standard_error_r2,standard_error_RMSE,standard_error_r2_train,standard_error_RMSE_train
0,Ridge,SNPs,-,363945,0.46877348711317957,0.7223517903224015,0.9700771856636073,0.17105830940387748,0.12926468328221097,0.10843047404080142,0.02182174226082664,0.054120077668065855
1,Lasso,SNPs,-,363945,0.3735207825381368,0.7850299973162671,0.7115896054169272,0.5304820595535544,0.13553783713609444,0.11580154843913855,0.1625763886517631,0.17425437582549427
2,ElasticNet,SNPs,-,363945,0.396624862959587,0.7711069054945845,0.7107386467915104,0.532431098704268,0.08402558554366203,0.09521107494695513,0.1695561466339802,0.15670485962136374
