,Model_Name,feature_represenation,variance_maintained,Dimentionality,r2_summary,RMSE_summary,r2_train,RMSE_train,standard_error_r2,standard_error_RMSE,standard_error_r2_train,standard_error_RMSE_train
0,Ridge,SNPs,-,305506,-0.8478281585717371,0.8895644592526675,0.9133342128634381,0.09036293425059544,3.206966206706991,0.9569472290653821,0.5308885670627418,0.49777628143221436
1,Lasso,SNPs,-,305506,-0.5815608859818584,0.887278837507585,0.0,0.9979917828258584,2.110557297252628,0.9999907106907968,3.553453750400821e-16,0.11551280116529716
2,ElasticNet,SNPs,-,305506,-0.5815608509381194,0.8872788353673875,-2.2204460492503132e-17,0.9979917828258584,2.110557123487558,0.9999907148142559,1.3762467196820668e-16,0.11551280116529705
