,Model_Name,feature_represenation,variance_maintained,Dimentionality,r2_summary,RMSE_summary,r2_train,RMSE_train,standard_error_r2,standard_error_RMSE,standard_error_r2_train,standard_error_RMSE_train
0,Ridge,SNPs,-,363320,-0.04238527178661169,0.9954145942648335,0.17166177487930667,0.9095776337552126,0.1303551169348555,0.2316537654469758,0.07275045183878687,0.037267593158007345
1,Lasso,SNPs,-,363320,-0.04387229698471371,0.9964858453988379,-7.549516567451064e-16,0.9997546148764169,0.11870922909377077,0.23509024033573106,5.108411626871687e-16,0.025038032815511677
2,ElasticNet,SNPs,-,363320,-0.043872292875289085,0.9964858443804948,1.1102230246251566e-17,0.9997546148764165,0.11870920837948573,0.23509025159580796,1.9053273071622963e-16,0.025038032815511514
