,Model_Name,feature_represenation,variance_maintained,Dimentionality,r2_summary,RMSE_summary,r2_train,RMSE_train,standard_error_r2,standard_error_RMSE,standard_error_r2_train,standard_error_RMSE_train
0,Ridge,SNPs,-,365713,0.8349438097879253,0.39419162051552703,0.9999999999798495,3.7947438929594044e-06,0.12846682010923874,0.17362957938713683,6.115753958765686e-11,4.9251156441012485e-06
1,Lasso,SNPs,-,365713,0.6741285220638985,0.5209897254461521,0.9717099909723738,0.13923488749986698,0.5761322332200625,0.3622699683949161,0.05687694754852448,0.19431992607858878
2,ElasticNet,SNPs,-,365713,0.7994423365395844,0.4342388539730628,0.9238545022692521,0.27213470786440047,0.16078210250588415,0.20226722927058233,0.048163455596543246,0.09362248023328987
