,Model_Name,feature_represenation,variance_maintained,Dimentionality,r2_summary,RMSE_summary,r2_train,RMSE_train,standard_error_r2,standard_error_RMSE,standard_error_r2_train,standard_error_RMSE_train
0,Ridge,SNPs,-,358874,0.5998051066168791,0.6231658571254055,0.9996926449896711,0.012042251476388217,0.1536893222933974,0.18233098971683512,0.0009297085325746127,0.02603650698647994
1,Lasso,SNPs,-,358874,0.5152038512426637,0.6853375501467425,0.9378990515663654,0.22298301619019967,0.23543902156141774,0.2333686067963022,0.10477401556062725,0.23482219408127167
2,ElasticNet,SNPs,-,358874,0.5664491957080688,0.6495047495226858,0.8954663376660223,0.31705117833169316,0.14809223396996793,0.18168793710127398,0.08853784350091419,0.1338617375243442
