,Model_Name,feature_represenation,variance_maintained,Dimentionality,r2_summary,RMSE_summary,r2_train,RMSE_train,standard_error_r2,standard_error_RMSE,standard_error_r2_train,standard_error_RMSE_train
0,Ridge,SNPs,-,358874,0.33545719983259775,0.8068441425322236,0.9990810807043939,0.015993559666127283,0.27107834582843693,0.37047750039291616,0.0036415216553927566,0.054035135856213765
1,Lasso,SNPs,-,358874,0.26417206510918667,0.8494205759744247,0.5425362269213936,0.6688655436787508,0.22407709303922518,0.3602594936924187,0.25374522355170065,0.2226878204152295
2,ElasticNet,SNPs,-,358874,0.2714132233280569,0.8447551077437087,0.7135018321126791,0.5280553160598803,0.1992793188042752,0.3425698161197607,0.19782008301979237,0.19308007193950488
