,Model_Name,feature_represenation,variance_maintained,Dimentionality,r2_summary,RMSE_summary,r2_train,RMSE_train,standard_error_r2,standard_error_RMSE,standard_error_r2_train,standard_error_RMSE_train
0,Ridge,SNPs,-,321020,-0.026973780951918425,0.94695444789146,0.9824297005242101,0.05263023492903905,0.3777155959893791,0.39865055684550416,0.10374913483572393,0.25471675808963107
1,Lasso,SNPs,-,321020,-0.046013981330335504,0.962757696056984,0.5177316815638362,0.6652057013757787,0.15668334017600677,0.40948754988865144,0.5307265068195003,0.4208966691860944
2,ElasticNet,SNPs,-,321020,-0.03677222077857656,0.9542910208345776,0.5683750263541989,0.6368349512612895,0.2738787012931348,0.3923957423375574,0.45957841797428967,0.31195509003169636
