,Model_Name,feature_represenation,variance_maintained,Dimentionality,r2_summary,RMSE_summary,r2_train,RMSE_train,standard_error_r2,standard_error_RMSE,standard_error_r2_train,standard_error_RMSE_train
0,Ridge,SNPs,-,298680,-0.2957409463097827,0.9264100291102613,0.8188677980083533,0.4053060362170918,1.2859698887829665,0.49079989267713464,0.21229163673125834,0.2852411406144232
1,Lasso,SNPs,-,298680,-0.6086959236283477,1.0170662312191248,0.28503196757290333,0.8000876581582622,1.7959420387233311,0.46412085835982075,0.7478982378580208,0.5069113140479474
2,ElasticNet,SNPs,-,298680,-0.4587717750835361,0.9780719687049341,0.24551438019289507,0.855418914802003,1.6325365769839104,0.5175048129766306,0.434926016357128,0.22666156471071694
