,Model_Name,feature_represenation,variance_maintained,Dimentionality,r2_summary,RMSE_summary,r2_train,RMSE_train,standard_error_r2,standard_error_RMSE,standard_error_r2_train,standard_error_RMSE_train
0,Ridge,SNPs,-,358874,0.3909560261990239,0.7690358117966792,0.9746295524210307,0.13903223891607291,0.17521681535927597,0.16276591884743036,0.04055798818832398,0.1626451150055418
1,Lasso,SNPs,-,358874,0.32955202402209793,0.808491668658857,0.7274961207561733,0.4808682835590323,0.08486446174425576,0.1377405716388126,0.36626020374253127,0.4287477693272527
2,ElasticNet,SNPs,-,358874,0.36810744142579244,0.7851610111578896,0.7774075178842866,0.4657417811475427,0.09363098954558718,0.1443036267081937,0.14942968969338905,0.15929297503439815
