,Model_Name,feature_represenation,variance_maintained,Dimentionality,r2_summary,RMSE_summary,r2_train,RMSE_train,standard_error_r2,standard_error_RMSE,standard_error_r2_train,standard_error_RMSE_train
0,Ridge,SNPs,-,358874,0.6133427631596785,0.6107957327192768,0.9999999999967979,1.420454588227175e-06,0.19746528449273712,0.23715205705809336,1.1415354783501905e-11,2.2388665231805507e-06
1,Lasso,SNPs,-,358874,0.47918113376997623,0.7018500436150815,0.9219004779108325,0.24295695238990012,0.47554984519427046,0.36277971849691326,0.12823269408240906,0.28734131511454436
2,ElasticNet,SNPs,-,358874,0.5601271633587607,0.6523796075021949,0.8391504485879384,0.3907707113018223,0.2055143821612089,0.24957030600528593,0.14873622799331476,0.18266907037402158
