,Model_Name,feature_represenation,variance_maintained,Dimentionality,r2_summary,RMSE_summary,r2_train,RMSE_train,standard_error_r2,standard_error_RMSE,standard_error_r2_train,standard_error_RMSE_train
0,Ridge,SNPs,-,358874,0.4431428911040725,0.7353781910483984,0.9999993149194917,0.0002620194180504669,0.2391250933526684,0.2206259532911062,4.24611670284088e-06,0.0016090307210204302
1,Lasso,SNPs,-,358874,0.32836116194817316,0.8057562808699098,0.9394971744004528,0.21624820283230503,0.36642335308142016,0.2821280275320268,0.09964855186237838,0.24558572545903637
2,ElasticNet,SNPs,-,358874,0.39850307728186535,0.7670175047653709,0.8130966386419672,0.4216014524252823,0.21277132046537298,0.2364223539567594,0.1643910100263765,0.19576215751367632
