,Model_Name,feature_represenation,variance_maintained,Dimentionality,r2_summary,RMSE_summary,r2_train,RMSE_train,standard_error_r2,standard_error_RMSE,standard_error_r2_train,standard_error_RMSE_train
0,Ridge,SNPs,-,306574,0.01835510236748069,0.9680237674470391,0.8242899293152809,0.406347044421684,0.2158940134888675,0.20816907412691518,0.17849110663790618,0.20097967548994713
1,Lasso,SNPs,-,306574,-0.04352069314516146,1.0015735475430536,0.1460724396256554,0.9170071234830014,0.14016906718666225,0.23895625396279715,0.3727336204397383,0.21521192183014448
2,ElasticNet,SNPs,-,306574,0.003322382776377275,0.9793215499558706,0.359938198742659,0.7926820421942623,0.10960488584237009,0.23919782299218872,0.3351086611377738,0.22431552576574149
