,Model_Name,feature_represenation,variance_maintained,Dimentionality,r2_summary,RMSE_summary,r2_train,RMSE_train,standard_error_r2,standard_error_RMSE,standard_error_r2_train,standard_error_RMSE_train
0,Ridge,SNPs,-,320428,-0.9334335610766284,0.9852990365694524,0.5255220997611569,0.676851790437747,5.07619158123361,0.32266275712989867,0.29501913054382856,0.218154008624905
1,Lasso,SNPs,-,320428,-1.3689706497296,1.0201907159487655,0.36231238937157784,0.7533840437886401,7.685349219982645,0.35028963355850684,0.6402677638342942,0.5211189753864113
2,ElasticNet,SNPs,-,320428,-0.7506657912463827,0.9914088137100056,0.1409933312392035,0.9215050066702899,4.006825595775417,0.42835999466104124,0.3172011048655088,0.1625042189352389
