,Model_Name,feature_represenation,variance_maintained,Dimentionality,r2_summary,RMSE_summary,r2_train,RMSE_train,standard_error_r2,standard_error_RMSE,standard_error_r2_train,standard_error_RMSE_train
0,Ridge,SNPs,-,358874,0.27489160235517085,0.799387869236659,0.9915941720766269,0.044252031190527744,0.3230346309015183,0.5998348560195046,0.03651363715859331,0.1563916636343524
1,Lasso,SNPs,-,358874,0.20349390128624692,0.8343744445833589,0.7574226661816462,0.42914551937756457,0.23559583814325333,0.5777115082553629,0.4393023658449095,0.49662162695049233
2,ElasticNet,SNPs,-,358874,0.19284863356934281,0.850125740812181,0.5592605291562911,0.6532090340170147,0.21264010958248017,0.64761143454011,0.2750101477828138,0.19190055637216735
