,Model_Name,feature_represenation,variance_maintained,Dimentionality,r2_summary,RMSE_summary,r2_train,RMSE_train,standard_error_r2,standard_error_RMSE,standard_error_r2_train,standard_error_RMSE_train
0,Ridge,SNPs,-,358874,0.7805116863478664,0.4455949168694919,0.9997385840617038,0.005132672397026613,0.21263027280745336,0.20763013485222448,0.0016202727578794743,0.03180512495501872
1,Lasso,SNPs,-,358874,0.7167150760671841,0.5071314279036918,0.9432638357122969,0.23110582426667645,0.2535286831704053,0.2111648172139176,0.06061444131239553,0.12595410706828739
2,ElasticNet,SNPs,-,358874,0.7288853019844024,0.49977207198533585,0.8895479230923908,0.32693047267397213,0.22658280800002667,0.20519189329652768,0.08399039708363315,0.1230755894393309
