,Model_Name,feature_represenation,variance_maintained,Dimentionality,r2_summary,RMSE_summary,r2_train,RMSE_train,standard_error_r2,standard_error_RMSE,standard_error_r2_train,standard_error_RMSE_train
0,Ridge,SNPs,-,358874,0.8248783381120602,0.40740443054261616,0.9999999999990987,7.718252534668598e-07,0.12239584049411935,0.16508233360286015,3.3648275917813735e-12,1.1652198257867686e-06
1,Lasso,SNPs,-,358874,0.6051520502355117,0.6016388395949269,0.9958822551778387,0.042177376473451586,0.41719295957210956,0.339788727561367,0.011231337974774443,0.09993435314141227
2,ElasticNet,SNPs,-,358874,0.8010814105716256,0.43422965269831765,0.9591235449567744,0.20014985255773998,0.13500611527372455,0.16528186000645534,0.021554319193869083,0.05994026080788515
