,Model_Name,feature_represenation,variance_maintained,Dimentionality,r2_summary,RMSE_summary,r2_train,RMSE_train,standard_error_r2,standard_error_RMSE,standard_error_r2_train,standard_error_RMSE_train
0,Ridge,SNPs,-,334224,-0.08025385068026375,1.0093759786110985,0.19469019261707143,0.8925991592831073,0.1946533148419451,0.04639571405380022,0.28853184413479704,0.1876485084163262
1,Lasso,SNPs,-,334224,-0.07259900922035827,1.0061605034671495,-1.3322676295501878e-16,0.9996800287351338,0.16195802593948305,0.0249679365785417,7.662617440307531e-16,0.0024519598132919625
2,ElasticNet,SNPs,-,334224,-0.07259901035398979,1.0061605039714125,-5.551115123125783e-17,0.9996800287351338,0.16195802850822552,0.024967938700662027,4.946198289111595e-16,0.002451959813291885
