,Model_Name,feature_represenation,variance_maintained,Dimentionality,r2_summary,RMSE_summary,r2_train,RMSE_train,standard_error_r2,standard_error_RMSE,standard_error_r2_train,standard_error_RMSE_train
0,Ridge,SNPs,-,300406,-0.09817624410993626,0.9735929267043106,0.7846633269541149,0.4362852430705516,0.6672721911537979,0.1370745471227229,0.3180188860672688,0.32680168630056494
1,Lasso,SNPs,-,300406,0.06262016871342033,0.9107395791921614,0.4969965331480101,0.6912463915689977,0.3708174930964174,0.2039832634955436,0.4996044343710511,0.32505963556629613
2,ElasticNet,SNPs,-,300406,-0.14249342208974025,0.9862057190352855,0.2293165895513971,0.8564903057328233,0.8548142849126028,0.11452854497501504,0.5755687904162771,0.3930101161093544
