,Model_Name,feature_represenation,variance_maintained,Dimentionality,r2_summary,RMSE_summary,r2_train,RMSE_train,standard_error_r2,standard_error_RMSE,standard_error_r2_train,standard_error_RMSE_train
0,Ridge,SNPs,-,323224,0.09527271552821194,0.9376536638902941,0.6759831751982914,0.5691097598984525,0.18011683494456737,0.2299137968861164,0.008371640772263643,0.017045700254622532
1,Lasso,SNPs,-,323224,0.007649389885533975,0.9826622540241499,0.3227423156839254,0.8103522670303112,0.17342957071479234,0.23739078337952133,0.4772412328647822,0.2947439629056218
2,ElasticNet,SNPs,-,323224,0.06821644707946027,0.9523484264701609,0.4201503150151187,0.755892105051312,0.14726136006127039,0.23564919724871855,0.27736196644705385,0.17187404306119067
