,Model_Name,feature_represenation,variance_maintained,Dimentionality,r2_summary,RMSE_summary,r2_train,RMSE_train,standard_error_r2,standard_error_RMSE,standard_error_r2_train,standard_error_RMSE_train
0,Ridge,SNPs,-,359902,0.29783340959562615,0.8245703965253944,0.9383961921191116,0.24113408674830783,0.24585769802384505,0.24645993017766568,0.06414511853429518,0.12724047406206757
1,Lasso,SNPs,-,359902,0.26004866506611174,0.8459344138847802,0.7782383917236846,0.4544700176519205,0.2661156545475622,0.2509040277472723,0.25442527016941435,0.2605051915387594
2,ElasticNet,SNPs,-,359902,0.24878367249153016,0.8529649789270638,0.6136818107043075,0.616415890957827,0.14211134907576772,0.18026788610073646,0.20179677262633713,0.17551675748301562
