,Model_Name,feature_represenation,variance_maintained,Dimentionality,r2_summary,RMSE_summary,r2_train,RMSE_train,standard_error_r2,standard_error_RMSE,standard_error_r2_train,standard_error_RMSE_train
0,Ridge,SNPs,-,358874,0.7415635084897182,0.4946411789501601,0.999999999996087,1.1250519421525555e-06,0.14174614926724957,0.19327875026929373,2.208417464056706e-11,3.3307060516145865e-06
1,Lasso,SNPs,-,358874,0.23495864315456877,0.8300668499760386,0.9988097477191542,0.011059810296887363,0.6110676725895903,0.22757936802631445,0.007377257755810891,0.06843004142477338
2,ElasticNet,SNPs,-,358874,0.7140503281019055,0.5208420260504832,0.9598273829022406,0.1936488650388104,0.14646308300396657,0.19791220975349397,0.04241218432309463,0.1025774275377396
