,Model_Name,feature_represenation,variance_maintained,Dimentionality,r2_summary,RMSE_summary,r2_train,RMSE_train,standard_error_r2,standard_error_RMSE,standard_error_r2_train,standard_error_RMSE_train
0,Ridge,SNPs,-,322648,-0.024995161319727344,0.9867564565228997,0.5393217085403632,0.6579658008357993,0.230080877590197,0.22031348994572963,0.45450956364254624,0.33392116755541573
1,Lasso,SNPs,-,322648,-0.06081065731309467,1.005404080131381,0.054895861051153086,0.9683827847420027,0.24588674769979998,0.2508664133514503,0.3041003348989592,0.18571502196464243
2,ElasticNet,SNPs,-,322648,-0.04150685051629579,0.9965625266273656,0.14199067742690882,0.9191019461085757,0.18677272639914688,0.23704075405553712,0.38678686831646636,0.22269374561299388
