,Model_Name,feature_represenation,variance_maintained,Dimentionality,r2_summary,RMSE_summary,r2_train,RMSE_train,standard_error_r2,standard_error_RMSE,standard_error_r2_train,standard_error_RMSE_train
0,Ridge,SNPs,-,298680,-8.556408768660846e+29,0.4885601520149801,0.9999999999992315,7.277602919889884e-07,5.303317098879384e+30,0.8641764221317334,1.9886993680185054e-12,1.026568810738392e-06
1,Lasso,SNPs,-,298680,-7.94927661928886e+30,0.6744852117283645,0.6998153726214047,0.4426258243084565,4.927012694064493e+31,0.8771960877336216,0.7470597101364229,0.6031936219584129
2,ElasticNet,SNPs,-,298680,-2.1216029523301477e+30,0.7528123795018576,0.6911495439860594,0.5438876270449557,1.3149831335005776e+31,0.83945785967724,0.2555225415126138,0.2445116874866312
