,Model_Name,feature_represenation,variance_maintained,Dimentionality,r2_summary,RMSE_summary,r2_train,RMSE_train,standard_error_r2,standard_error_RMSE,standard_error_r2_train,standard_error_RMSE_train
0,Ridge,SNPs,-,322648,-0.0181590229466553,0.9905917710766053,0.656770628393922,0.5793030823445663,0.10053221365597526,0.19085617271196903,0.20060012734088473,0.1752886584250577
1,Lasso,SNPs,-,322648,-0.03263095556368709,0.9983915368717762,0.001555861917523782,0.9990014052789737,0.08780714807852763,0.20473357251650842,0.007225962311817447,0.022374825239602398
2,ElasticNet,SNPs,-,322648,-0.030429869633911123,0.997259712016634,0.006535772259787864,0.9965221439920222,0.08953322417415203,0.2035372535922364,0.04050913615378772,0.037780753664738036
