,Model_Name,feature_represenation,variance_maintained,Dimentionality,r2_summary,RMSE_summary,r2_train,RMSE_train,standard_error_r2,standard_error_RMSE,standard_error_r2_train,standard_error_RMSE_train
0,Ridge,SNPs,-,323224,0.1363235814411523,0.9068639421287908,0.974507469640261,0.15282580101128904,0.23540387506515356,0.3633747698676313,0.03399833260053196,0.09852715874795506
1,Lasso,SNPs,-,323224,0.022011222179067667,0.9641602339924249,0.6423812485726178,0.5446495068261114,0.1634221722251171,0.3365549141606139,0.5237511219428087,0.5229283666174019
2,ElasticNet,SNPs,-,323224,0.09586660000678016,0.9303523252571024,0.5366665594449644,0.6678532299640021,0.1335192822137046,0.36713261493841315,0.3557782956311975,0.28242530203113864
