,Model_Name,feature_represenation,variance_maintained,Dimentionality,r2_summary,RMSE_summary,r2_train,RMSE_train,standard_error_r2,standard_error_RMSE,standard_error_r2_train,standard_error_RMSE_train
0,Ridge,SNPs,-,322088,-0.039865134698425994,0.9339044239550632,0.7572564386639917,0.47794161703302174,0.2544865141495326,0.6863878894982823,0.23007225104214418,0.2696772085540176
1,Lasso,SNPs,-,322088,-0.04845437820752467,0.9428405512406531,0.005508560975069998,0.9960610576394305,0.09149789057563952,0.7053872181835337,0.018162560331729475,0.08868785899657221
2,ElasticNet,SNPs,-,322088,-0.04596048781097104,0.9401460032604765,0.08994913379179431,0.9479928445144213,0.10341175449125932,0.6975380462637413,0.35211343322451155,0.23402423065520409
