,Model_Name,feature_represenation,variance_maintained,Dimentionality,r2_summary,RMSE_summary,r2_train,RMSE_train,standard_error_r2,standard_error_RMSE,standard_error_r2_train,standard_error_RMSE_train
0,Ridge,SNPs,-,331484,-0.06484240474033612,0.9623442855309312,0.23707849714619367,0.8703257372315553,0.15839431486404798,0.545323733855731,0.23841263636136967,0.16284906020947124
1,Lasso,SNPs,-,331484,-0.06834574817536015,0.9655219281685063,0.039068813084871666,0.9789968711580976,0.15992795735959875,0.5604006692117356,0.16169951859823,0.11978622754963383
2,ElasticNet,SNPs,-,331484,-0.06486566324294889,0.9636914462241616,2.2204460492503132e-17,0.999210193958971,0.15851477311916537,0.5579481467031842,1.3762467196820668e-16,0.06524848937894602
