,Model_Name,feature_represenation,variance_maintained,Dimentionality,r2_summary,RMSE_summary,r2_train,RMSE_train,standard_error_r2,standard_error_RMSE,standard_error_r2_train,standard_error_RMSE_train
0,Ridge,SNPs,-,336826,0.41154024062895694,0.6807708400366586,0.9999999999987615,1.0829378954548785e-06,0.31593013093787486,0.6464908773720978,1.0219210189225117e-12,4.710284856578498e-07
1,Lasso,SNPs,-,336826,0.1286933868600383,0.7953987075163653,0.901575348718368,0.270226760399003,1.042043157734607,0.7239265905912112,0.16664271536085454,0.3063295004240305
2,ElasticNet,SNPs,-,336826,0.31533158707032244,0.7397253904562159,0.8739162545064454,0.3420240833264897,0.2836073332180404,0.7011473576079731,0.12026995584586064,0.1589141947974777
