,Model_Name,feature_represenation,variance_maintained,Dimentionality,r2_summary,RMSE_summary,r2_train,RMSE_train,standard_error_r2,standard_error_RMSE,standard_error_r2_train,standard_error_RMSE_train
0,Ridge,SNPs,-,363320,0.004836104182165457,0.9779254258602912,0.27990762243955875,0.846840842997876,0.15275278175371748,0.27988491887401684,0.166715605491671,0.09908701752712368
1,Lasso,SNPs,-,363320,-0.022043872462691117,0.9920731266849049,0.16372062522378056,0.9117846385428331,0.08343797626621627,0.28540264297850354,0.27396206309980875,0.15956217613372042
2,ElasticNet,SNPs,-,363320,-0.022567855189390605,0.9918197094651883,0.05036167550167212,0.9741257291424346,0.05164382460394427,0.2726676816190363,0.09676073544417901,0.07033182565422356
