,Model_Name,feature_represenation,variance_maintained,Dimentionality,r2_summary,RMSE_summary,r2_train,RMSE_train,standard_error_r2,standard_error_RMSE,standard_error_r2_train,standard_error_RMSE_train
0,Ridge,SNPs,-,333721,0.5907736207050177,0.6245423901282464,0.9999999999985252,1.0813592686716221e-06,0.14392669303413164,0.16721770597861801,3.218867067822908e-12,1.1325951370075742e-06
1,Lasso,SNPs,-,333721,0.43545900016539396,0.7173784547980744,0.9783128245326461,0.11568696568042662,0.648376053178151,0.43800769198977224,0.04329178321741389,0.18850139993109088
2,ElasticNet,SNPs,-,333721,0.588236171313825,0.6284759845322718,0.9435329348918785,0.22453700428107237,0.1421206607924549,0.1931760665204111,0.07623261368216089,0.1620155576516254
