,Model_Name,feature_represenation,variance_maintained,Dimentionality,r2_summary,RMSE_summary,r2_train,RMSE_train,standard_error_r2,standard_error_RMSE,standard_error_r2_train,standard_error_RMSE_train
0,Ridge,SNPs,-,358874,0.6565287036509238,0.5756317294130503,0.9983803579687051,0.01740795780546006,0.18109812731650488,0.1838866311367989,0.007760221919482489,0.07560800585537734
1,Lasso,SNPs,-,358874,0.5648377341133822,0.6473341494945093,0.9354776261012179,0.24940395034860183,0.20492571492977374,0.1515108578903388,0.06155535255263668,0.09749244766175853
2,ElasticNet,SNPs,-,358874,0.6239505992871445,0.6033450061264007,0.8727046347725179,0.35282500650757764,0.182819043252979,0.18538917286308954,0.07786072262058712,0.10626476847291509
