,Model_Name,feature_represenation,variance_maintained,Dimentionality,r2_summary,RMSE_summary,r2_train,RMSE_train,standard_error_r2,standard_error_RMSE,standard_error_r2_train,standard_error_RMSE_train
0,Ridge,SNPs,-,305506,-0.09152915346518142,0.997272030799699,0.9090354457612032,0.26218056321815286,0.23212828283846162,0.4063055968659114,0.16151724208291043,0.29782859652871163
1,Lasso,SNPs,-,305506,-0.10492379925449274,1.0016654278601835,0.5494931787463693,0.6110205836953072,0.3576250648766353,0.4151542811110649,0.7148467728469272,0.5855059479989323
2,ElasticNet,SNPs,-,305506,-0.05743609934670365,0.9822788401857993,0.23255032033463438,0.8663571067967593,0.20183498920818782,0.4053001241411009,0.42995231041061144,0.2321131744580422
