,Model_Name,feature_represenation,variance_maintained,Dimentionality,r2_summary,RMSE_summary,r2_train,RMSE_train,standard_error_r2,standard_error_RMSE,standard_error_r2_train,standard_error_RMSE_train
0,Ridge,SNPs,-,312695,0.35146520947727883,0.7596471542799101,0.9999999999991357,8.612065548974015e-07,0.39084780032114697,0.2600467837775005,1.799708471709097e-12,6.436749681683384e-07
1,Lasso,SNPs,-,312695,0.2011624735361034,0.8152094821947717,0.9934684125119967,0.05173282569898762,0.8663538866182212,0.3978048485623132,0.02397786346585377,0.12157920602735466
2,ElasticNet,SNPs,-,312695,0.2605959438457456,0.8183083328337757,0.7413186392533914,0.49296275297154407,0.3536064632815131,0.2602365166899158,0.2612235527910504,0.24985648789620266
