,Model_Name,feature_represenation,variance_maintained,Dimentionality,r2_summary,RMSE_summary,r2_train,RMSE_train,standard_error_r2,standard_error_RMSE,standard_error_r2_train,standard_error_RMSE_train
0,Ridge,SNPs,-,323224,-0.024553041466760593,0.9846759997385909,0.40561039265346627,0.7673446847655667,0.12689085449463564,0.4156721381622507,0.22115039148442162,0.15130372599114356
1,Lasso,SNPs,-,323224,-0.01949685751520398,0.982012638136035,0.003838141645905846,0.9977183653989138,0.051367021573263894,0.4093279740859613,0.010672865721561531,0.04347057396692583
2,ElasticNet,SNPs,-,323224,-0.01916075100209815,0.9819352427544205,0.010332974809935702,0.9943528925463179,0.05174548784052999,0.40993899795901906,0.06404444139290287,0.05561930505545581
