,Model_Name,feature_represenation,variance_maintained,Dimentionality,r2_summary,RMSE_summary,r2_train,RMSE_train,standard_error_r2,standard_error_RMSE,standard_error_r2_train,standard_error_RMSE_train
0,Ridge,SNPs,-,306956,-0.11271785603042783,0.9949632262080467,0.14264335305563727,0.9253668207784483,0.20374693266174107,0.3793042522899519,0.007752455209874367,0.03658586773843475
1,Lasso,SNPs,-,306956,-0.11504055477475925,0.9964107468714842,0.029029726762082864,0.983535097525198,0.1919874939745866,0.37989204835600227,0.1799281105842333,0.10142592598883199
2,ElasticNet,SNPs,-,306956,-0.10800170602835257,0.9934038742487101,0.06691773949274062,0.9642441368322914,0.2201449336078303,0.3880650772016673,0.2120905871345012,0.13214075690663576
