,Model_Name,feature_represenation,variance_maintained,Dimentionality,r2_summary,RMSE_summary,r2_train,RMSE_train,standard_error_r2,standard_error_RMSE,standard_error_r2_train,standard_error_RMSE_train
0,Ridge,SNPs,-,321020,0.11187786004029135,0.8937007437207983,0.9994009602959152,0.007867153978751774,0.38907767650175384,0.4113448855342831,0.0037128865451196403,0.04875625605713801
1,Lasso,SNPs,-,321020,0.037025896691307666,0.9293474248439071,0.7172738012968017,0.4363899807164109,0.48860445230913585,0.43825764451792243,0.5856120095230393,0.6056194095426498
2,ElasticNet,SNPs,-,321020,0.014522295506134176,0.9480966305438421,0.5500094429552382,0.6127344778882018,0.3257276381784074,0.4471881381178567,0.7642744184073728,0.5570882784625096
