,Model_Name,feature_represenation,variance_maintained,Dimentionality,r2_summary,RMSE_summary,r2_train,RMSE_train,standard_error_r2,standard_error_RMSE,standard_error_r2_train,standard_error_RMSE_train
0,Ridge,SNPs,-,296465,-0.8183920200841482,0.7737086764184109,0.7807085425305372,0.3554969224495374,2.2383781854527105,1.3740120694434097,0.5074704942033168,0.527210032984113
1,Lasso,SNPs,-,296465,-0.5924108607466625,0.7558636318232173,0.04149248683696403,0.9703050154592728,1.8746641107496513,1.3939793548409853,0.20928269940376115,0.24666103066427678
2,ElasticNet,SNPs,-,296465,-0.5777670978089036,0.7555936953982628,1.1102230246251566e-17,0.9933158472646059,1.8771051789473834,1.4014354057433642,2.6051929940942463e-16,0.2287842093088318
