,Model_Name,feature_represenation,variance_maintained,Dimentionality,r2_summary,RMSE_summary,r2_train,RMSE_train,standard_error_r2,standard_error_RMSE,standard_error_r2_train,standard_error_RMSE_train
0,Ridge,SNPs,-,320428,-1.0551983373106786,0.9482710621533532,0.5246369077512416,0.6743310405938606,6.461047719241832,0.5970479753334359,0.34465128915484494,0.32629711622738006
1,Lasso,SNPs,-,320428,-0.7285940704732186,0.9699728512821854,0.13257431280080173,0.9237344822172975,3.8466567286210838,0.6341497158046921,0.4244099718017464,0.29117206370427956
2,ElasticNet,SNPs,-,320428,-0.7023645577011806,0.9604216235562851,0.024564006186894183,0.9856419773651159,3.859689006397811,0.6335106790834873,0.15224928769774443,0.09960297630159536
