,Model_Name,feature_represenation,variance_maintained,Dimentionality,r2_summary,RMSE_summary,r2_train,RMSE_train,standard_error_r2,standard_error_RMSE,standard_error_r2_train,standard_error_RMSE_train
0,Ridge,SNPs,-,363320,-0.03385672539614816,1.002058179929713,0.14359368703648118,0.9252663373836069,0.07926355523104801,0.22266945734836127,0.006741409794372401,0.026667224786809135
1,Lasso,SNPs,-,363320,-0.0238598046346975,0.9967289956832386,-2.1094237467877973e-16,0.9998144239022604,0.07656617681598861,0.21039992864119775,5.275612425447922e-16,0.025641368995250186
2,ElasticNet,SNPs,-,363320,-0.023859805016808688,0.9967289959484728,-5.551115123125783e-17,0.9998144239022604,0.07656617241363037,0.21039992962652102,2.35038872973259e-16,0.025641368995250154
