,Model_Name,feature_represenation,variance_maintained,Dimentionality,r2_summary,RMSE_summary,r2_train,RMSE_train,standard_error_r2,standard_error_RMSE,standard_error_r2_train,standard_error_RMSE_train
0,Ridge,SNPs,-,320428,-0.6194248988723351,0.951785390095667,0.7576612830482674,0.4545452495658353,3.0166304311172927,0.5798134197855079,0.28799422838279576,0.38321233337520394
1,Lasso,SNPs,-,320428,-0.7829902475525221,0.9934487666146314,0.4229553183067553,0.7119565636416504,3.501384864243393,0.5861898649345678,0.734345710698688,0.5015746150541543
2,ElasticNet,SNPs,-,320428,-0.48830132131044385,0.9651339585592155,0.06101147751070933,0.9635153857004504,2.2493554895823067,0.6303298454493632,0.2989447399894964,0.16634661520340535
