,Model_Name,feature_represenation,variance_maintained,Dimentionality,r2_summary,RMSE_summary,r2_train,RMSE_train,standard_error_r2,standard_error_RMSE,standard_error_r2_train,standard_error_RMSE_train
0,Ridge,SNPs,-,363320,0.051437196634673485,0.9546624026291176,0.5522252020312165,0.6657225534881753,0.10765771593710331,0.3435633623492368,0.17645223629800663,0.13073872950353135
1,Lasso,SNPs,-,363320,0.04092883643995332,0.9593608198152704,0.29835008735550744,0.8373127979958,0.1065420819914408,0.3433086921106523,0.027765611729684406,0.025454272839535802
2,ElasticNet,SNPs,-,363320,0.013361085569672637,0.972088357627715,0.106931663709001,0.9441139174972045,0.05394996547368933,0.32612749396842333,0.16282570239628655,0.10357535955279203
