,Model_Name,feature_represenation,variance_maintained,Dimentionality,r2_summary,RMSE_summary,r2_train,RMSE_train,standard_error_r2,standard_error_RMSE,standard_error_r2_train,standard_error_RMSE_train
0,Ridge,SNPs,-,320710,-0.002888856024380293,0.9686603870540631,0.8132043587840045,0.39615620546871383,0.2211823886705103,0.27602192696135375,0.3158061180183548,0.3488801876241136
1,Lasso,SNPs,-,320710,-0.054815851794965065,0.9939588735756829,0.10769137569020663,0.9430322691445248,0.16663211111157467,0.2704802528026728,0.18831008122075613,0.10188806557856567
2,ElasticNet,SNPs,-,320710,-0.05255856480279501,0.9943392240244854,0.007356731699839569,0.9959521551632242,0.1402678097301093,0.28652725677202934,0.04559749548026023,0.04145323085628581
