,Model_Name,feature_represenation,variance_maintained,Dimentionality,r2_summary,RMSE_summary,r2_train,RMSE_train,standard_error_r2,standard_error_RMSE,standard_error_r2_train,standard_error_RMSE_train
0,Ridge,SNPs,-,331368,0.004127052243252527,0.9481459617373366,0.5302732062187534,0.6816847210931977,0.37371063073423383,0.38685327828056604,0.17897811101239683,0.13787660310820005
1,Lasso,SNPs,-,331368,-0.01601813908394186,0.9539408204587437,0.45784421776920614,0.7190202512549495,0.37693933559297166,0.3439979928487094,0.48327687198267677,0.32118951390469147
2,ElasticNet,SNPs,-,331368,-0.06294486159987318,0.9775817383841426,0.16555257842437673,0.9080667892617647,0.4091468448720696,0.37818159416943575,0.3228012132519375,0.18721198808205017
