,Model_Name,feature_represenation,variance_maintained,Dimentionality,r2_summary,RMSE_summary,r2_train,RMSE_train,standard_error_r2,standard_error_RMSE,standard_error_r2_train,standard_error_RMSE_train
0,Ridge,SNPs,-,327819,0.11815926062881506,0.9231862294843652,0.7412604290545335,0.5027738300126126,0.21534556091629217,0.18223373387165578,0.15283441245659715,0.15535822250950604
1,Lasso,SNPs,-,327819,0.06848419407383398,0.94876441207752,0.6642587963751938,0.5515195310958705,0.26451536463600667,0.21215459852987648,0.35200046183135564,0.36761704741734763
2,ElasticNet,SNPs,-,327819,0.09746029307559186,0.935726903813227,0.33238163950229554,0.8144636515862328,0.10623671969107903,0.17200493309753265,0.22883815394920837,0.14940038211330314
