,Model_Name,feature_represenation,variance_maintained,Dimentionality,r2_summary,RMSE_summary,r2_train,RMSE_train,standard_error_r2,standard_error_RMSE,standard_error_r2_train,standard_error_RMSE_train
0,Ridge,SNPs,-,323890,-0.2743323588282232,0.934494393459662,0.6142825666525378,0.5862522591250281,0.9490848857463479,0.8144938208147151,0.5550865843069392,0.47676052095675087
1,Lasso,SNPs,-,323890,-0.3320854843410464,0.9507843719437314,0.17477551760352422,0.8811392168863313,0.9496882923021359,0.8000343252666604,0.6240850015470247,0.4986414118191373
2,ElasticNet,SNPs,-,323890,-0.2923578313235985,0.9313502366525093,0.0,0.998551675022972,0.9673980674382765,0.7597445218105879,2.0515874793467993e-16,0.08612256699057018
