,Model_Name,feature_represenation,variance_maintained,Dimentionality,r2_summary,RMSE_summary,r2_train,RMSE_train,standard_error_r2,standard_error_RMSE,standard_error_r2_train,standard_error_RMSE_train
0,Ridge,SNPs,-,305506,-0.04739035749561867,0.9439779494193177,0.9423770096601243,0.21870612436687983,0.4121972674910127,0.616726527138416,0.10991058070989752,0.20930448696167472
1,Lasso,SNPs,-,305506,-0.012859502013209323,0.9375405776723129,0.42406506619955964,0.7073894510432124,0.17050729762892075,0.6284940127935,0.7797797853640056,0.557968246674836
2,ElasticNet,SNPs,-,305506,-0.04285904104620748,0.953650658464515,0.02357537867623134,0.9871303457804375,0.0984643828007938,0.6426714913155424,0.14612171090299828,0.1250319924792063
