,Model_Name,feature_represenation,variance_maintained,Dimentionality,r2_summary,RMSE_summary,r2_train,RMSE_train,standard_error_r2,standard_error_RMSE,standard_error_r2_train,standard_error_RMSE_train
0,Ridge,SNPs,-,302868,0.005258787716978608,0.9465271027720177,0.8140830295448181,0.39129371420550735,0.29527793837202054,0.3907620644205953,0.24907531347252151,0.36989513633562304
1,Lasso,SNPs,-,302868,0.06504288817068717,0.9233816168703545,0.5975230535762134,0.6336736021583369,0.1404751245448706,0.40261701787906456,0.027544454870211746,0.02064245047397073
2,ElasticNet,SNPs,-,302868,-0.03131753465870853,0.968195032311016,0.15859241489012532,0.9149475614958379,0.15917247764019185,0.41254983094829084,0.1885735514916763,0.10143003408152067
