,Model_Name,feature_represenation,variance_maintained,Dimentionality,r2_summary,RMSE_summary,r2_train,RMSE_train,standard_error_r2,standard_error_RMSE,standard_error_r2_train,standard_error_RMSE_train
0,Ridge,SNPs,-,334119,0.06955941282048254,0.9096446882151086,0.7308887223734712,0.4544966894009992,0.4243953078705958,0.5013400411940814,0.3535910512163552,0.5089001744838296
1,Lasso,SNPs,-,334119,0.2326307341379668,0.8253604063490559,0.8684761683948041,0.31740661917568624,0.26833890529415405,0.41113379310708303,0.23062105364995308,0.377411279352345
2,ElasticNet,SNPs,-,334119,0.10028395539911933,0.8952945047019668,0.5159852102274265,0.6833281943712681,0.41746860594021207,0.5085364402190818,0.3439259242151869,0.25888222963379565
