,Model_Name,feature_represenation,variance_maintained,Dimentionality,r2_summary,RMSE_summary,r2_train,RMSE_train,standard_error_r2,standard_error_RMSE,standard_error_r2_train,standard_error_RMSE_train
0,Ridge,SNPs,-,326322,0.5113870789706453,0.6651264040070582,0.9999999999993898,7.650406363220206e-07,0.2752420581518745,0.44811019041187516,5.048908357179691e-13,3.376292201339869e-07
1,Lasso,SNPs,-,326322,0.3633936851833544,0.7482362680949317,0.9689172169828674,0.12245849343189175,0.517957349177609,0.4985945686121224,0.0969699987172493,0.25411261446908556
2,ElasticNet,SNPs,-,326322,0.46424917123450443,0.698296901433908,0.8192011564414178,0.4163204364883236,0.19519035198137308,0.41903599097664357,0.15447276896381937,0.1870333966127028
