,Model_Name,feature_represenation,variance_maintained,Dimentionality,r2_summary,RMSE_summary,r2_train,RMSE_train,standard_error_r2,standard_error_RMSE,standard_error_r2_train,standard_error_RMSE_train
0,Ridge,SNPs,-,322648,-0.02522817835418286,0.9802570185427985,0.6178384460127575,0.592379588670118,0.2447162311588031,0.2445821060262964,0.42738432769971846,0.3606511910605165
1,Lasso,SNPs,-,322648,-0.04844573677363632,0.9931252937208622,0.023837541998432365,0.9876207738486239,0.20686714238015722,0.2629521702450499,0.013832441466258017,0.027457017717904052
2,ElasticNet,SNPs,-,322648,-0.0640076196859283,1.0000420389900084,0.02099558622359603,0.9884002088103875,0.19708965868969097,0.25270613163912664,0.13013199162295305,0.06851488149632926
