,Model_Name,feature_represenation,variance_maintained,Dimentionality,r2_summary,RMSE_summary,r2_train,RMSE_train,standard_error_r2,standard_error_RMSE,standard_error_r2_train,standard_error_RMSE_train
0,Ridge,SNPs,-,363283,0.6696169048145191,0.5706802252898597,0.9966492495911975,0.05419385559867205,0.07635013336978656,0.07821831643836616,0.004559655106803009,0.041744477560313624
1,Lasso,SNPs,-,363283,0.6449298573497751,0.5916921193975014,0.9104859542202555,0.29448892860458353,0.06941423553244387,0.061967301073584155,0.05514313652307467,0.10705062544817527
2,ElasticNet,SNPs,-,363283,0.6542681568234182,0.5839941988775216,0.894676727317981,0.32136072796872894,0.06745532631281469,0.06711576804272638,0.05650752054425053,0.09321213556900301
