,Model_Name,feature_represenation,variance_maintained,Dimentionality,r2_summary,RMSE_summary,r2_train,RMSE_train,standard_error_r2,standard_error_RMSE,standard_error_r2_train,standard_error_RMSE_train
0,Ridge,SNPs,-,358874,0.6705811899483971,0.5486660919464336,0.9999011398649363,0.003182995364395774,0.3003742728903239,0.18316945349581534,0.0006127414537177535,0.01972121270188948
1,Lasso,SNPs,-,358874,0.5493434620138866,0.6126391424606799,0.918339727933054,0.25667290510551316,0.7635573034691575,0.2766675904319696,0.11866504505315205,0.25615305838952934
2,ElasticNet,SNPs,-,358874,0.6472839566790999,0.5709009588178686,0.9302030438466153,0.251220480707265,0.27649912944841887,0.18229177798984364,0.0879644468572995,0.16573981921333666
