,Model_Name,feature_represenation,variance_maintained,Dimentionality,r2_summary,RMSE_summary,r2_train,RMSE_train,standard_error_r2,standard_error_RMSE,standard_error_r2_train,standard_error_RMSE_train
0,Ridge,SNPs,-,363320,0.025780571646940052,0.9591764430851252,0.43134197942342956,0.7520753832108987,0.186392550955576,0.31348808993098626,0.13099458381573748,0.057368208476851264
1,Lasso,SNPs,-,363320,0.01189441336498811,0.9675038027607992,0.2893964805540402,0.8424226606395709,0.14895597396799373,0.32716394342684113,0.041932735982323444,0.020583979155802404
2,ElasticNet,SNPs,-,363320,-0.0059758580443953655,0.9788483787486291,0.09982234919006835,0.9474864870200216,0.09703824436464187,0.35540802109944386,0.1385998382383773,0.06716111378560874
