,Model_Name,feature_represenation,variance_maintained,Dimentionality,r2_summary,RMSE_summary,r2_train,RMSE_train,standard_error_r2,standard_error_RMSE,standard_error_r2_train,standard_error_RMSE_train
0,Ridge,SNPs,-,320302,0.07199489433996528,0.9135450821957779,0.9927855021501688,0.034917114406638416,0.37470623376703693,0.23652697003936235,0.040101629786766624,0.16027405813026152
1,Lasso,SNPs,-,320302,-0.023631402938914282,0.9567595979564314,0.6756793933318631,0.544952351828931,0.45110600626193587,0.22019923949973522,0.41054692271737736,0.33841546922377186
2,ElasticNet,SNPs,-,320302,0.04586237775960987,0.932018115754454,0.6653603726732833,0.5604561158622123,0.22916995270554535,0.23583194768180107,0.2974476730040163,0.30144022002870924
