,Model_Name,feature_represenation,variance_maintained,Dimentionality,r2_summary,RMSE_summary,r2_train,RMSE_train,standard_error_r2,standard_error_RMSE,standard_error_r2_train,standard_error_RMSE_train
0,Ridge,SNPs,-,331484,-0.0631438481424016,0.9935718749338572,0.16473014319884882,0.9131348730618037,0.12085673302847366,0.3300895271899055,0.07587511463838822,0.03475537241570872
1,Lasso,SNPs,-,331484,-0.04435701921441616,0.9840988000327766,0.12867875519269276,0.9308540910408291,0.17985599446584635,0.3287694199929671,0.22222762581685007,0.10591203754885938
2,ElasticNet,SNPs,-,331484,-0.044957795691709615,0.9885000774642931,0.016908392572547983,0.9910102331947699,0.07490617729615881,0.35726673263371905,0.0751786719156404,0.055860774879370356
