,Model_Name,feature_represenation,variance_maintained,Dimentionality,r2_summary,RMSE_summary,r2_train,RMSE_train,standard_error_r2,standard_error_RMSE,standard_error_r2_train,standard_error_RMSE_train
0,Ridge,SNPs,-,366200,0.7882301407259921,0.439849159997103,0.9992076880677351,0.009029567679224833,0.22160552454581162,0.23391263601891668,0.004910800143249872,0.05594396517661205
1,Lasso,SNPs,-,366200,0.6773662514655966,0.5444019045047211,0.944667594981089,0.21763016858282044,0.3533126912132789,0.31990787418467204,0.07027258021571485,0.18208847767801234
2,ElasticNet,SNPs,-,366200,0.7400725147365594,0.4894929151465803,0.8934764123887113,0.3219564323718031,0.26766616488116485,0.250071556530721,0.05947704821287691,0.10581689802505913
