,Model_Name,feature_represenation,variance_maintained,Dimentionality,r2_summary,RMSE_summary,r2_train,RMSE_train,standard_error_r2,standard_error_RMSE,standard_error_r2_train,standard_error_RMSE_train
0,Ridge,SNPs,-,334561,0.47279963976284745,0.7070950181437328,0.9999999999980553,1.3684254907623782e-06,0.4175616622236427,0.3944728988817303,1.4608754768778445e-12,5.059511399075764e-07
1,Lasso,SNPs,-,334561,0.4640969338767901,0.7095155467854155,0.9576395401600352,0.19671345208889396,0.4023198731815676,0.3311087402911093,0.04844882850837058,0.12098935015921497
2,ElasticNet,SNPs,-,334561,0.40870577809931086,0.7499510944251094,0.8218177832850482,0.4116404894657626,0.429359629454047,0.3927432439457062,0.15638091271225196,0.19559287829055927
