,Model_Name,feature_represenation,variance_maintained,Dimentionality,r2_summary,RMSE_summary,r2_train,RMSE_train,standard_error_r2,standard_error_RMSE,standard_error_r2_train,standard_error_RMSE_train
0,Ridge,SNPs,-,316603,0.35461653501889695,0.7366289956707486,0.99999999998959,2.933730518014028e-06,0.4013021981367636,0.41840561335433013,1.9594741697574526e-11,2.9114005689879747e-06
1,Lasso,SNPs,-,316603,-0.567311553611993,0.9981294026994985,0.9924745869448588,0.04921601234584913,3.421189567110362,0.45172950164116626,0.0306506295018928,0.14992356273756374
2,ElasticNet,SNPs,-,316603,0.14429776081136886,0.8156385398757227,0.7953652238217295,0.44077586120843093,0.9740191662631773,0.3625227167832552,0.18723009011089456,0.21683028307630287
