,Model_Name,feature_represenation,variance_maintained,Dimentionality,r2_summary,RMSE_summary,r2_train,RMSE_train,standard_error_r2,standard_error_RMSE,standard_error_r2_train,standard_error_RMSE_train
0,Ridge,SNPs,-,358874,0.7280282489503203,0.5116873989580031,0.9996972023404974,0.005487697852024129,0.15733675887566825,0.16389373649060443,0.0018767593151231361,0.034003774571171666
1,Lasso,SNPs,-,358874,0.5996224751769881,0.5926753831903755,0.973961425461894,0.13195573508818081,0.6326863048493745,0.3297564458335607,0.04644041674100664,0.1940209091594567
2,ElasticNet,SNPs,-,358874,0.6926384437101271,0.5461176878982448,0.905877680041857,0.2934859931965777,0.14804773159578416,0.1617992066381101,0.11534064905830602,0.17987776519884585
