,Model_Name,feature_represenation,variance_maintained,Dimentionality,r2_summary,RMSE_summary,r2_train,RMSE_train,standard_error_r2,standard_error_RMSE,standard_error_r2_train,standard_error_RMSE_train
0,Ridge,SNPs,-,298680,0.30870343845549947,0.7688008594280595,0.999999999999021,8.213426633607197e-07,0.4196596878850078,0.201108996741503,3.0043185870570063e-12,1.1554892346368437e-06
1,Lasso,SNPs,-,298680,0.17187567509944573,0.8514889292284961,0.7851056807870349,0.399640495263226,0.384337135709936,0.21494004517894144,0.3125266360725781,0.4739747252609224
2,ElasticNet,SNPs,-,298680,0.24862974639060356,0.8094036056551517,0.7979967035777423,0.44131901713391425,0.35360976166816754,0.20475208801171282,0.1497502747787502,0.1724306707693468
