,Model_Name,feature_represenation,variance_maintained,Dimentionality,r2_summary,RMSE_summary,r2_train,RMSE_train,standard_error_r2,standard_error_RMSE,standard_error_r2_train,standard_error_RMSE_train
0,Ridge,SNPs,-,209593,0.19107324484615476,0.7802203267527505,0.9999999999996809,5.539180558970355e-07,0.860390064803194,0.20193812746742146,2.5977754567570113e-13,2.1311650149296783e-07
1,Lasso,SNPs,-,209593,-0.18930690252972088,0.95856091035912,0.9149268245666388,0.2279540016752857,1.1798077780061045,0.5304647792306098,0.2297442193805374,0.36665650985342746
2,ElasticNet,SNPs,-,209593,0.0256134748341039,0.8665295927438164,0.6933782840583476,0.5170581111842999,0.8040195799011467,0.2151546652490396,0.4588700215103932,0.4021902481597942
