,Model_Name,feature_represenation,variance_maintained,Dimentionality,r2_summary,RMSE_summary,r2_train,RMSE_train,standard_error_r2,standard_error_RMSE,standard_error_r2_train,standard_error_RMSE_train
0,Ridge,SNPs,-,334726,0.22136483236469878,0.8661455608035107,0.9506359819146749,0.21123913138983927,0.272473329779593,0.24929954601558227,0.05165180932982211,0.14663115173919794
1,Lasso,SNPs,-,334726,0.1474720934371064,0.9041782407789675,0.618523660407377,0.6044586581642615,0.2298879168917445,0.16443112721846015,0.3142405890722169,0.28245297811699666
2,ElasticNet,SNPs,-,334726,0.19563163196407513,0.8803313107453163,0.5692817790401905,0.6535634628042462,0.21535025889992826,0.2075706253743842,0.1645660160397297,0.13190439141646124
