,Model_Name,feature_represenation,variance_maintained,Dimentionality,r2_summary,RMSE_summary,r2_train,RMSE_train,standard_error_r2,standard_error_RMSE,standard_error_r2_train,standard_error_RMSE_train
0,Ridge,SNPs,-,358874,0.6456489178374939,0.5661129734687386,0.8049006230780856,0.4389493870873549,0.3677793231114235,0.4342819501774493,0.08099978254772396,0.09093582451962756
1,Lasso,SNPs,-,358874,0.6121564278276301,0.5995316968845525,0.9201388206350034,0.2717708680645705,0.36929176929018015,0.45806653177053736,0.09158242326256691,0.16464549859310626
2,ElasticNet,SNPs,-,358874,0.5386256247029068,0.6486521369753234,0.6348792247150609,0.587271138276446,0.4804623195006253,0.4780166674288649,0.44411065175955866,0.29420432792011775
