,Model_Name,feature_represenation,variance_maintained,Dimentionality,r2_summary,RMSE_summary,r2_train,RMSE_train,standard_error_r2,standard_error_RMSE,standard_error_r2_train,standard_error_RMSE_train
0,Ridge,SNPs,-,323224,-0.06379603168111395,0.9920469799218099,0.47793969391575175,0.7107745338396209,0.21380081149906108,0.31821387986369204,0.36778405837871975,0.2782549459892941
1,Lasso,SNPs,-,323224,-0.06694618656367508,0.9937018837440563,0.0014941072528667277,0.9987947361519016,0.19233327736647565,0.3152740219442833,0.00632791430472459,0.0356785165450069
2,ElasticNet,SNPs,-,323224,-0.06440120814701436,0.9926177461214818,0.03655024154691801,0.9794294893754903,0.17670115888441026,0.31325789386300956,0.22654074414245098,0.13666173793159347
