,Model_Name,feature_represenation,variance_maintained,Dimentionality,r2_summary,RMSE_summary,r2_train,RMSE_train,standard_error_r2,standard_error_RMSE,standard_error_r2_train,standard_error_RMSE_train
0,Ridge,SNPs,-,363320,-0.0062798093000553164,0.9945768142156718,0.1870439881389136,0.9011198109715004,0.051139965254006735,0.19338060299451518,0.09680459169689964,0.05675435880766911
1,Lasso,SNPs,-,363320,-0.022265470214668272,1.0022544370877065,0.0535758521542639,0.9707514328590903,0.07778851438367229,0.1955077869913527,0.22140167379652226,0.11271780252886517
2,ElasticNet,SNPs,-,363320,-0.009784186721915255,0.9968219016783273,0.02958069618223491,0.9847808777908104,0.029388518475907895,0.20433667601144495,0.08036742145948389,0.04635098007444861
