,Model_Name,feature_represenation,variance_maintained,Dimentionality,r2_summary,RMSE_summary,r2_train,RMSE_train,standard_error_r2,standard_error_RMSE,standard_error_r2_train,standard_error_RMSE_train
0,Ridge,SNPs,-,358874,0.28626204310663583,0.8370331861780824,0.9937315239619744,0.0602496799872787,0.27814192125829756,0.44013175934941035,0.015955847122285035,0.10737847720634969
1,Lasso,SNPs,-,358874,0.20803000957613943,0.8795508635670366,0.4782705123174047,0.7179820597288157,0.21466519223948552,0.4220815143825368,0.20906626676444093,0.1819021140700804
2,ElasticNet,SNPs,-,358874,0.21845047571098564,0.873335215006966,0.5877678216613902,0.6402711398520159,0.18568878185086396,0.40467409662239706,0.13483359040492468,0.12360963682719459
