,Model_Name,feature_represenation,variance_maintained,Dimentionality,r2_summary,RMSE_summary,r2_train,RMSE_train,standard_error_r2,standard_error_RMSE,standard_error_r2_train,standard_error_RMSE_train
0,Ridge,SNPs,-,322648,0.11945163488184918,0.9045078694469092,0.999996012257159,0.000713907504492715,0.18316865021690693,0.24845030813909072,2.426314190484909e-05,0.003887406849160473
1,Lasso,SNPs,-,322648,-0.03782152873115543,0.9869765390463406,0.05962795617994965,0.9655315010231689,0.1162592753345268,0.3207059931258017,0.3143503630095681,0.19549779204580847
2,ElasticNet,SNPs,-,322648,0.07314152109134699,0.9319517608905026,0.7465709190184714,0.49151790954296026,0.15019154621160893,0.2997517854478996,0.21644162748032852,0.20537947934995812
