,Model_Name,feature_represenation,variance_maintained,Dimentionality,r2_summary,RMSE_summary,r2_train,RMSE_train,standard_error_r2,standard_error_RMSE,standard_error_r2_train,standard_error_RMSE_train
0,Ridge,SNPs,-,298680,0.10320686262272369,0.8385881885039901,0.9988254051849548,0.024472843308616994,0.7547746637377108,0.25414343935315,0.0031147477375333956,0.04918672840753316
1,Lasso,SNPs,-,298680,-0.08921825330318373,0.9031733126354102,0.9642382281954834,0.13461490624039776,1.1391013114605757,0.27574628186020556,0.09260752305317468,0.27597045240004303
2,ElasticNet,SNPs,-,298680,-0.03778120727999593,0.9317404705184964,0.6351689375985518,0.5776155529707026,0.6036682958389165,0.3398528069363851,0.4836751469071833,0.3262854205684127
