,Model_Name,feature_represenation,variance_maintained,Dimentionality,r2_summary,RMSE_summary,r2_train,RMSE_train,standard_error_r2,standard_error_RMSE,standard_error_r2_train,standard_error_RMSE_train
0,Ridge,SNPs,-,321868,-0.0886362415598926,0.9078189075557448,0.9515046141013964,0.126100939736858,0.49788126453646764,0.5973019677098421,0.21723768251833137,0.33579405966113346
1,Lasso,SNPs,-,321868,-0.16694721433935797,0.9593508034835876,0.421764233300834,0.6905586503673603,0.31037028516269405,0.6829190656263839,0.7149842463461773,0.6731016048112111
2,ElasticNet,SNPs,-,321868,-0.12663089102057457,0.9450076651780164,0.09869288799125366,0.9397671310615904,0.30099530088826104,0.6891750390332309,0.4145198375398146,0.26993241111037325
