,Model_Name,feature_represenation,variance_maintained,Dimentionality,r2_summary,RMSE_summary,r2_train,RMSE_train,standard_error_r2,standard_error_RMSE,standard_error_r2_train,standard_error_RMSE_train
0,Ridge,SNPs,-,333666,0.596769394712322,0.5974288725406122,0.9999999999966005,1.523105014040053e-06,0.2314680893258206,0.2767930809508333,7.767528570349612e-12,2.153416606515612e-06
1,Lasso,SNPs,-,333666,0.561177286641586,0.6187515204622754,0.9589354906195326,0.15199925746907297,0.2693227995064881,0.25640470789050973,0.10636128923356823,0.2713659361813381
2,ElasticNet,SNPs,-,333666,0.5812273560059085,0.610897653482513,0.9292024086341542,0.25932080480734276,0.18560987550748884,0.2579134332240952,0.06680241576465643,0.11746008330124132
