,Model_Name,feature_represenation,variance_maintained,Dimentionality,r2_summary,RMSE_summary,r2_train,RMSE_train,standard_error_r2,standard_error_RMSE,standard_error_r2_train,standard_error_RMSE_train
0,Ridge,SNPs,-,322648,-0.04570425582022504,0.9992896213674731,0.833956441439506,0.3246220203406673,0.21919041718213317,0.20733571601878079,0.4878241533444851,0.5021833670062514
1,Lasso,SNPs,-,322648,-0.06083807605885978,1.0133640545221958,0.13463238576881573,0.9111947021589939,0.16281625406888126,0.30462821794163186,0.5772731335025906,0.4060495723887214
2,ElasticNet,SNPs,-,322648,-0.031477136979818646,0.9968422027879948,0.008094836999310939,0.9955577412477542,0.09029382600325671,0.24638944408820568,0.05017231952302583,0.023615528331663558
