,Model_Name,feature_represenation,variance_maintained,Dimentionality,r2_summary,RMSE_summary,r2_train,RMSE_train,standard_error_r2,standard_error_RMSE,standard_error_r2_train,standard_error_RMSE_train
0,Ridge,SNPs,-,320428,-0.30354665312342677,0.8620674938485595,0.83681677121516,0.38985029124571213,1.4439047039198418,0.9912579738089828,0.15900937617620628,0.20237323549307576
1,Lasso,SNPs,-,320428,-0.3986066124328119,0.874007799580553,0.31799984594508063,0.8038176448671567,1.9052512163626578,0.946353377165407,0.6213123387932304,0.4359802325715793
2,ElasticNet,SNPs,-,320428,-0.22829968179728466,0.8718344569030007,0.0,0.9959168793810305,0.8492540429982418,1.0302936925036505,0.0,0.1819255540855842
