,Model_Name,feature_represenation,variance_maintained,Dimentionality,r2_summary,RMSE_summary,r2_train,RMSE_train,standard_error_r2,standard_error_RMSE,standard_error_r2_train,standard_error_RMSE_train
0,Ridge,SNPs,-,358874,0.778446978985188,0.4518398993294515,0.9999999999990411,8.010172015793601e-07,0.23971194603817247,0.3190064989424597,3.439615592770083e-12,1.2119966419450717e-06
1,Lasso,SNPs,-,358874,0.3398729274711714,0.76365625045279,0.9942865844844992,0.03224983301312035,0.628585332271406,0.39893684736014823,0.027684380451188106,0.14014231492099716
2,ElasticNet,SNPs,-,358874,0.7275289195807413,0.5066161870643576,0.9228162262347358,0.27042644083841905,0.21746264274161645,0.29706981594558973,0.06891546211814041,0.1327278740308718
