,Model_Name,feature_represenation,variance_maintained,Dimentionality,r2_summary,RMSE_summary,r2_train,RMSE_train,standard_error_r2,standard_error_RMSE,standard_error_r2_train,standard_error_RMSE_train
0,Ridge,SNPs,-,359426,0.6962159484608377,0.499095479453593,0.9999999999865884,3.4918504817965996e-06,0.4967823175717521,0.24371169663780978,1.632959818799773e-11,2.275117463583979e-06
1,Lasso,SNPs,-,359426,0.5549319205141661,0.604478098525075,0.9519375908367554,0.1866987076122558,0.6647841485606003,0.36158662854303714,0.08306429622847906,0.2339243433146753
2,ElasticNet,SNPs,-,359426,0.647394811642309,0.5536312356350908,0.8585351014280721,0.37252597456384334,0.4427543878450327,0.17892533640389438,0.07905392647482791,0.1052356644055943
