,Model_Name,feature_represenation,variance_maintained,Dimentionality,r2_summary,RMSE_summary,r2_train,RMSE_train,standard_error_r2,standard_error_RMSE,standard_error_r2_train,standard_error_RMSE_train
0,Ridge,SNPs,-,323224,-0.005764827526409333,0.9606135602172841,0.7556946809260402,0.47733963428362697,0.1877962270951755,0.4135984790283744,0.23043257421330535,0.2510778305618648
1,Lasso,SNPs,-,323224,-0.040913290869570317,0.9756109792316324,0.23158603129089483,0.86449900075886,0.18606289236448248,0.40051394107716026,0.4982629713816529,0.30645831046018734
2,ElasticNet,SNPs,-,323224,-0.01735128105034863,0.9709447427271013,0.11582959598738747,0.9359930323832263,0.09586925540971289,0.4539788268869897,0.2941519208489071,0.16019234630267942
