,Model_Name,feature_represenation,variance_maintained,Dimentionality,r2_summary,RMSE_summary,r2_train,RMSE_train,standard_error_r2,standard_error_RMSE,standard_error_r2_train,standard_error_RMSE_train
0,Ridge,SNPs,-,358874,0.789330990196372,0.44359298417572623,0.9999999999937668,1.2879076404032086e-06,0.13621680733047042,0.12555591756674697,3.6561632317882556e-11,4.431792874023196e-06
1,Lasso,SNPs,-,358874,0.5305811871744517,0.6431572832832774,0.995333339629712,0.04635817462818506,0.51731027317893,0.34368937152011614,0.011827528352218473,0.1036029135044758
2,ElasticNet,SNPs,-,358874,0.7692784396590927,0.46805409178717194,0.9534456605841907,0.20738004867215226,0.11519417938580875,0.11183589642839262,0.04969984362491623,0.11948444526921091
