,Model_Name,feature_represenation,variance_maintained,Dimentionality,r2_summary,RMSE_summary,r2_train,RMSE_train,standard_error_r2,standard_error_RMSE,standard_error_r2_train,standard_error_RMSE_train
0,Ridge,SNPs,-,358874,0.5327521770961481,0.6761494858982319,0.9999999999970586,1.2135238979806493e-06,0.08951406395625001,0.11581241934941346,1.3882632734524347e-11,2.5466817654557265e-06
1,Lasso,SNPs,-,358874,0.41624815392464753,0.7496885878551769,0.9734382292345386,0.13897572866758373,0.34701836986705437,0.215345248773222,0.04928812649609813,0.17704792606460973
2,ElasticNet,SNPs,-,358874,0.5098616727044081,0.6935631284460984,0.9025830829146096,0.3005074879704478,0.07788683489108138,0.13374378561496095,0.10361317109074439,0.17159527076012965
