,Model_Name,feature_represenation,variance_maintained,Dimentionality,r2_summary,RMSE_summary,r2_train,RMSE_train,standard_error_r2,standard_error_RMSE,standard_error_r2_train,standard_error_RMSE_train
0,Ridge,SNPs,-,327819,0.18357846723395754,0.8759385597695087,0.9622111866833355,0.18302112656771383,0.2970468055940264,0.20248924400997767,0.049232667957459536,0.1326370577127155
1,Lasso,SNPs,-,327819,0.15214286685629413,0.8964707025152704,0.7507807207607381,0.47235479689822285,0.23195241450429574,0.21945658861908324,0.2141886246375588,0.33064139886476057
2,ElasticNet,SNPs,-,327819,0.1312202224983952,0.9052544020533001,0.5789445204681756,0.6444871826857987,0.2902718105646535,0.2220276080168893,0.1767210336979371,0.13002172711154805
