,Model_Name,feature_represenation,variance_maintained,Dimentionality,r2_summary,RMSE_summary,r2_train,RMSE_train,standard_error_r2,standard_error_RMSE,standard_error_r2_train,standard_error_RMSE_train
0,Ridge,SNPs,-,358874,0.48466775116700334,0.7057005498616299,0.9659548853680954,0.15497672634206724,0.2567127039956498,0.15534487863242985,0.07437965634363093,0.20679192527542087
1,Lasso,SNPs,-,358874,0.41284602292855027,0.7563011242437849,0.6252288012754671,0.6090299744529745,0.23858657256515467,0.1331823056633683,0.13317153025624126,0.12354244863550003
2,ElasticNet,SNPs,-,358874,0.45355380971257914,0.7298554812434889,0.7342749196995277,0.5116501377633873,0.20847895674857314,0.11687883247658143,0.12980688698398263,0.12667525908648256
