,Model_Name,feature_represenation,variance_maintained,Dimentionality,r2_summary,RMSE_summary,r2_train,RMSE_train,standard_error_r2,standard_error_RMSE,standard_error_r2_train,standard_error_RMSE_train
0,Ridge,SNPs,-,327819,-0.0017775099572535425,0.9582514435793216,0.7028285335007854,0.5360343313904118,0.23257833257597155,0.39523233050707585,0.2305387110429623,0.21463515535832525
1,Lasso,SNPs,-,327819,-0.010070283132277013,0.9595933789855681,0.2996279697801439,0.819409586542248,0.20410602549774703,0.3626124892995519,0.5111367052072995,0.32789269109381064
2,ElasticNet,SNPs,-,327819,-0.035972956859874575,0.9743631572341827,0.18202263155764603,0.899425004368058,0.1535606686111855,0.3800358606446691,0.33135101121323723,0.1896267458672471
