,Model_Name,feature_represenation,variance_maintained,Dimentionality,r2_summary,RMSE_summary,r2_train,RMSE_train,standard_error_r2,standard_error_RMSE,standard_error_r2_train,standard_error_RMSE_train
0,Ridge,SNPs,-,209593,-12.104069132000937,0.6169246410636943,0.9822816107727503,0.06207557679385267,71.28012963917391,0.6619722371911605,0.07321329651876902,0.25649655407398936
1,Lasso,SNPs,-,209593,-33.312970908330676,0.9674140843556434,0.8889666055901121,0.215012385914365,180.6105220502627,0.9674710758808315,0.3755585772096831,0.444382196650406
2,ElasticNet,SNPs,-,209593,-10.511358894173995,0.7958419226790027,0.2523333037066563,0.8440109736717147,54.30865338729158,1.0476474674076661,0.5567635331007881,0.3604215454670028
