,Model_Name,feature_represenation,variance_maintained,Dimentionality,r2_summary,RMSE_summary,r2_train,RMSE_train,standard_error_r2,standard_error_RMSE,standard_error_r2_train,standard_error_RMSE_train
0,Ridge,SNPs,-,56566,0.3712809299622578,0.7813283044740454,0.9025972334244622,0.3103996814264305,0.2686559207752219,0.2861757669016741,0.04073426208112107,0.07156685725134102
1,Lasso,SNPs,-,56566,0.3155445124941203,0.8149893590179336,0.6084534916997374,0.6224999445224838,0.24726182087038664,0.2660351950119516,0.17141211466617207,0.14639066671489515
2,ElasticNet,SNPs,-,56566,0.35730795421672845,0.7913153737752936,0.6455896495340464,0.591904500101043,0.22727679266356074,0.2759552619857994,0.1592718265312087,0.13162738228139179
