,Model_Name,feature_represenation,variance_maintained,Dimentionality,r2_summary,RMSE_summary,r2_train,RMSE_train,standard_error_r2,standard_error_RMSE,standard_error_r2_train,standard_error_RMSE_train
0,Ridge,SNPs,-,56566,0.4005733325728172,0.7517873770117786,0.7791733279692533,0.46906946999304716,0.16470563413699266,0.22836124787362042,0.04621276454794138,0.038618484022368865
1,Lasso,SNPs,-,56566,0.38277226336546866,0.7644027356824638,0.7506402465435087,0.4972320702532338,0.1587026989987326,0.24407060383587809,0.09296721776446643,0.0851337461826302
2,ElasticNet,SNPs,-,56566,0.37171036045891104,0.7727365059191518,0.5626666439081303,0.6603711134423311,0.1387797913015902,0.26193967376081384,0.09731130633448294,0.08195434566940601
