,Model_Name,feature_represenation,variance_maintained,Dimentionality,r2_summary,RMSE_summary,r2_train,RMSE_train,standard_error_r2,standard_error_RMSE,standard_error_r2_train,standard_error_RMSE_train
0,Ridge,SNPs,-,56566,0.3427594078823378,0.7583367643904817,0.9701307542420855,0.15821235395129057,0.3409382329827902,0.5908802423501192,0.03318559794618048,0.14810634116066887
1,Lasso,SNPs,-,56566,0.30672212750480454,0.7635468881955726,0.8001096654906783,0.44463735920485825,0.45120053040369407,0.5345249011074307,0.08152185763207512,0.10638792535996203
2,ElasticNet,SNPs,-,56566,0.32511728884655156,0.776120573767461,0.5980362448300155,0.6264637873828575,0.248542485154536,0.5959810445382862,0.26593595443590085,0.24229676489325672
