,Model_Name,feature_represenation,variance_maintained,Dimentionality,r2_summary,RMSE_summary,r2_train,RMSE_train,standard_error_r2,standard_error_RMSE,standard_error_r2_train,standard_error_RMSE_train
0,Ridge,SNPs,-,56566,0.31445213361103164,0.8015496660824885,0.9069843518815048,0.30108785674571786,0.19332263549742473,0.30734863226731096,0.05680616345223044,0.09874346855658288
1,Lasso,SNPs,-,56566,0.23374520844719324,0.8485465287634677,0.6362148168030941,0.5999356518271873,0.20243712464984384,0.33638773975002617,0.13324503938342666,0.11539175685551907
2,ElasticNet,SNPs,-,56566,0.2848569491918653,0.8224013219804874,0.6164122975038799,0.6175648032373927,0.13402174718575824,0.3379863145784454,0.12412180622532361,0.10840384602460412
