,Model_Name,feature_represenation,variance_maintained,Dimentionality,r2_summary,RMSE_summary,r2_train,RMSE_train,standard_error_r2,standard_error_RMSE,standard_error_r2_train,standard_error_RMSE_train
0,Ridge,SNPs,-,56566,0.4621993418290145,0.6638581374028155,0.9678695023922584,0.1770255480668299,0.4462533765441876,0.49421280882789725,0.02183254918865652,0.07110752553677852
1,Lasso,SNPs,-,56566,0.40100576049915587,0.7015771208318676,0.8379333244752214,0.39323721094827446,0.43998150294219507,0.4790594243517606,0.13805999561772048,0.19804091881095542
2,ElasticNet,SNPs,-,56566,0.38782100917278733,0.7351920065168425,0.5411830835738688,0.6677615198632408,0.34935007378013744,0.5723916795873865,0.3178880813606666,0.2403075228267925
