,Model_Name,feature_represenation,variance_maintained,Dimentionality,r2_summary,RMSE_summary,r2_train,RMSE_train,standard_error_r2,standard_error_RMSE,standard_error_r2_train,standard_error_RMSE_train
0,Ridge,SNPs,-,68168,0.22057306116607087,0.8662860818017506,0.9615913695838277,0.19185065704598062,0.26710950298318314,0.24012844635557745,0.03305108010194926,0.08726183590583744
1,Lasso,SNPs,-,68168,0.16060545095897097,0.8988408761626909,0.546661694934564,0.6650878961990382,0.1570831537983866,0.1648803623696471,0.2613707987132761,0.2212149808401794
2,ElasticNet,SNPs,-,68168,0.1764620571400392,0.8916137946681169,0.6184095307841977,0.6129662237551045,0.19865397023690126,0.21453272580163643,0.1899909211074175,0.16094054329613863
