,Model_Name,feature_represenation,variance_maintained,Dimentionality,r2_summary,RMSE_summary,r2_train,RMSE_train,standard_error_r2,standard_error_RMSE,standard_error_r2_train,standard_error_RMSE_train
0,Ridge,SNPs,-,46638,0.26382687915514874,0.8224461506885401,0.8829093621454329,0.33581794843462537,0.40025805139297826,0.3036311493946062,0.07971374644984104,0.14036579165679264
1,Lasso,SNPs,-,46638,0.1279824820009617,0.8936333514698418,0.7256521246797799,0.509098827531756,0.3935053388261551,0.25814303622544443,0.2470397272114228,0.25385406819672557
2,ElasticNet,SNPs,-,46638,0.17297418973072637,0.8757542809047356,0.5328415558068773,0.6804441795159638,0.239253087867714,0.22931533254931472,0.18206415636029855,0.13386972621019097
