,Model_Name,feature_represenation,variance_maintained,Dimentionality,r2_summary,RMSE_summary,r2_train,RMSE_train,standard_error_r2,standard_error_RMSE,standard_error_r2_train,standard_error_RMSE_train
0,Ridge,SNPs,-,67978,0.5781193273973497,0.6350803085616855,1.0,9.085080078458035e-13,0.12952755460851478,0.170631298853533,0.0,2.129600564897735e-14
1,Lasso,SNPs,-,67978,0.5650120514366516,0.6391746702605223,0.9961982767630039,0.04124287157504121,0.19077436111076967,0.14338548980822305,0.0122252624301934,0.09604205174262583
2,ElasticNet,SNPs,-,67978,0.55568151273744,0.6536106428416582,0.9542265854444998,0.20913961835217573,0.10428576010580017,0.17647744970363038,0.038780885664338544,0.09517208468947601
