,Model_Name,feature_represenation,variance_maintained,Dimentionality,r2_summary,RMSE_summary,r2_train,RMSE_train,standard_error_r2,standard_error_RMSE,standard_error_r2_train,standard_error_RMSE_train
0,Ridge,SNPs,-,57422,0.19204949712468197,0.8601617368215044,1.0,1.4624946435359571e-12,0.2840891022328656,0.23600007540218354,0.0,2.119775644414156e-13
1,Lasso,SNPs,-,57422,-0.023444439080016997,0.9596539159559861,0.7106897098017105,0.4624780968129597,0.5255605569741559,0.2289026072431134,0.4473620695427639,0.5648158028204164
2,ElasticNet,SNPs,-,57422,0.1419682109694939,0.8885397579415246,0.8360094330665921,0.3918017178729908,0.24133264333257606,0.24726253718645014,0.18340062733582715,0.21278935639436958
