,Model_Name,feature_represenation,variance_maintained,Dimentionality,r2_summary,RMSE_summary,r2_train,RMSE_train,standard_error_r2,standard_error_RMSE,standard_error_r2_train,standard_error_RMSE_train
0,Ridge,SNPs,-,36602,0.350129672215009,0.7619267821425922,1.0,1.635331926782594e-12,0.36449122704829806,0.23774955052117666,0.0,8.250778484188927e-14
1,Lasso,SNPs,-,36602,0.29069837199568016,0.7868820410969544,0.9497107786458189,0.15499714785464438,0.45416694813387465,0.23132785855760513,0.15309143266554567,0.3385986853279963
2,ElasticNet,SNPs,-,36602,0.23742931720438226,0.8311083341765679,0.8682492122000991,0.35960632049030056,0.3004504848388098,0.2185620307306825,0.08408524960919003,0.12076991602295653
