,Model_Name,feature_represenation,variance_maintained,Dimentionality,r2_summary,RMSE_summary,r2_train,RMSE_train,standard_error_r2,standard_error_RMSE,standard_error_r2_train,standard_error_RMSE_train
0,Ridge,SNPs,-,76734,0.3812913935676533,0.7636222281728728,0.9942234377638876,0.06608106287117745,0.34829104814895623,0.30961955865015095,0.009120823202921943,0.07747392312186784
1,Lasso,SNPs,-,76734,0.2632514628870481,0.8367758112236937,0.8445887415378865,0.3548998973699499,0.2378771152470353,0.27206238501752616,0.21799382313860013,0.3549405555121079
2,ElasticNet,SNPs,-,76734,0.3291164984126268,0.7999505396785888,0.853680455674513,0.37719160201850166,0.20947188965892216,0.2718180094266613,0.10172653136967087,0.14277938816386734
