,Model_Name,feature_represenation,variance_maintained,Dimentionality,r2_summary,RMSE_summary,r2_train,RMSE_train,standard_error_r2,standard_error_RMSE,standard_error_r2_train,standard_error_RMSE_train
0,Ridge,SNPs,-,79656,0.6688472304568752,0.5690488782945343,0.991841908063521,0.08946104656465119,0.08284130841036172,0.0990129407411607,0.004710795356391081,0.027147749106742475
1,Lasso,SNPs,-,79656,0.659599170619165,0.5769587702752222,0.8968098657894242,0.31903907285031696,0.06969669818099586,0.08455181269681103,0.05108188164956328,0.07041048421849429
2,ElasticNet,SNPs,-,79656,0.6448722754357988,0.5895094417995889,0.8925070874907638,0.3253942717691477,0.07386491091929537,0.0928674174083099,0.05193117025482802,0.07752365727243371
