,Model_Name,feature_represenation,variance_maintained,Dimentionality,r2_summary,RMSE_summary,r2_train,RMSE_train,standard_error_r2,standard_error_RMSE,standard_error_r2_train,standard_error_RMSE_train
0,Ridge,SNPs,-,63731,0.04179405226303584,0.9634163362056325,0.8173479910140169,0.40732385617915834,0.11721466753234071,0.3044062527965741,0.2043164310783857,0.27392230795881023
1,Lasso,SNPs,-,63731,0.20277358113883398,0.8773430847897468,0.266561389348627,0.8561544994901568,0.1525436363130286,0.2691965637651811,0.024578999469348974,0.023748732235488648
2,ElasticNet,SNPs,-,63731,0.1700873383999479,0.8946563074043424,0.23190284937354283,0.8753353464231922,0.1198337010456084,0.25814958992553233,0.13531647056105298,0.0829725499920271
