,Model_Name,feature_represenation,variance_maintained,Dimentionality,r2_summary,RMSE_summary,r2_train,RMSE_train,standard_error_r2,standard_error_RMSE,standard_error_r2_train,standard_error_RMSE_train
0,Ridge,SNPs,-,79809,0.533063912056251,0.6712234634794805,0.9883110957519031,0.10621956459922925,0.1810362109600528,0.1082979545160308,0.007850197700429629,0.04042399457774837
1,Lasso,SNPs,-,79809,0.47673124929604754,0.7104097273429036,0.9445282076956114,0.22988251907263468,0.21613413149722308,0.1356963937536568,0.04781927094001037,0.10423788950441994
2,ElasticNet,SNPs,-,79809,0.5097295908821068,0.6894053676240283,0.8870170486148325,0.33527614156277913,0.16039286228993516,0.10151571019508711,0.03173907088153059,0.04495803393686582
