,Model_Name,feature_represenation,variance_maintained,Dimentionality,r2_summary,RMSE_summary,r2_train,RMSE_train,standard_error_r2,standard_error_RMSE,standard_error_r2_train,standard_error_RMSE_train
0,Ridge,SNPs,-,50329,0.3134392904865762,0.753466551377194,0.9995464488064726,0.01181115723692796,0.4159795344008104,0.648948303006634,0.0020756581828655367,0.0329069023164618
1,Lasso,SNPs,-,50329,0.19554711173565664,0.8161993839035773,0.8117198230966236,0.4146455932365765,0.4052985006684354,0.6729154008378953,0.15908646599968293,0.23627090497997555
2,ElasticNet,SNPs,-,50329,0.15450547789457034,0.8285453185987947,0.7633292601266055,0.4571118410534273,0.5229467888250117,0.6701881728665929,0.33274406018392777,0.3225438253230203
