,Model_Name,feature_represenation,variance_maintained,Dimentionality,r2_summary,RMSE_summary,r2_train,RMSE_train,standard_error_r2,standard_error_RMSE,standard_error_r2_train,standard_error_RMSE_train
0,Ridge,SNPs,-,54488,0.5073797549506399,0.6685187583721185,1.0,1.1743261449030796e-12,0.3773610016279411,0.5058551056617597,0.0,8.423680156485593e-14
1,Lasso,SNPs,-,54488,0.3692500512141598,0.7530408956288588,0.9380705708332107,0.21757690682118483,0.35187761696643427,0.4767384373563144,0.12472078919858962,0.2630964687672686
2,ElasticNet,SNPs,-,54488,0.44360949156461893,0.7140579963808811,0.9313223165551264,0.25711269289823996,0.30862479485144845,0.5034636557826925,0.0501063663818542,0.0908400721701264
