,Model_Name,feature_represenation,variance_maintained,Dimentionality,r2_summary,RMSE_summary,r2_train,RMSE_train,standard_error_r2,standard_error_RMSE,standard_error_r2_train,standard_error_RMSE_train
0,Ridge,SNPs,-,54606,0.4776112187237909,0.6685604696613757,1.0,2.1508182262840663e-12,0.34772952466655804,0.47674957750685726,0.0,4.563690129813952e-13
1,Lasso,SNPs,-,54606,0.3803511538795174,0.7308342928168475,0.8873550577845333,0.2948632934253749,0.3543292722222595,0.49285041101326527,0.16788327951469062,0.33834656381225753
2,ElasticNet,SNPs,-,54606,0.38713405958086194,0.7331686995770383,0.8252279207687823,0.3954745514397856,0.36896937737987323,0.565162307904749,0.2182922801683442,0.23474829241671755
