,Model_Name,feature_represenation,variance_maintained,Dimentionality,r2_summary,RMSE_summary,r2_train,RMSE_train,standard_error_r2,standard_error_RMSE,standard_error_r2_train,standard_error_RMSE_train
0,Ridge,SNPs,-,63731,0.11302184504732601,0.916280901473883,0.9737915438233313,0.1477311531202493,0.21589785779330917,0.35361735628770447,0.04641243770033735,0.13939427406933025
1,Lasso,SNPs,-,63731,-0.015058359456511027,0.9821929980838287,0.17385510572022086,0.9040623028445713,0.1251274979561173,0.36813321073620825,0.3755228835582095,0.24659113851031655
2,ElasticNet,SNPs,-,63731,0.10659099216898539,0.9209646881153266,0.6283976825706885,0.6027705033236107,0.18234890525410904,0.35859286337577984,0.22415315056252275,0.18891473833910194
