,Model_Name,feature_represenation,variance_maintained,Dimentionality,r2_summary,RMSE_summary,r2_train,RMSE_train,standard_error_r2,standard_error_RMSE,standard_error_r2_train,standard_error_RMSE_train
0,Ridge,SNPs,-,50646,0.44850422998725475,0.6458723918985187,0.9871247811614778,0.101939940835877,0.3914399610187716,0.9592238660343497,0.019788309241479354,0.07911537673350744
1,Lasso,SNPs,-,50646,0.060879289904415476,0.7794392837486854,0.7379551732361609,0.45612300561618824,0.9163738022953715,0.9140611211514719,0.38067994908177133,0.46994613317577544
2,ElasticNet,SNPs,-,50646,0.24268751077761053,0.739235369862275,0.7332203115434297,0.5028703939845598,0.48238797885845547,0.9744746222922398,0.19621876602814636,0.1485354179989383
