,Model_Name,feature_represenation,variance_maintained,Dimentionality,r2_summary,RMSE_summary,r2_train,RMSE_train,standard_error_r2,standard_error_RMSE,standard_error_r2_train,standard_error_RMSE_train
0,Ridge,SNPs,-,58135,0.2695685051604906,0.8192032434072354,1.0,1.1623061286556354e-12,0.2269681372512773,0.2442157581353473,0.0,3.3531207777616375e-14
1,Lasso,SNPs,-,58135,0.22886715682815267,0.8428695452477762,0.9396571497155344,0.20503068956771203,0.2728141480411371,0.27866183878184725,0.15132021940437024,0.26985055723628776
2,ElasticNet,SNPs,-,58135,0.24352356608920966,0.8357804342778433,0.8699727068801271,0.3324541649761139,0.22279040137801984,0.2701937926715702,0.21868682782405793,0.29390351253914243
