,Model_Name,feature_represenation,variance_maintained,Dimentionality,r2_summary,RMSE_summary,r2_train,RMSE_train,standard_error_r2,standard_error_RMSE,standard_error_r2_train,standard_error_RMSE_train
0,Ridge,SNPs,-,52174,0.41328916974442387,0.685779367700303,1.0,1.547559623043398e-12,0.30173842764659153,0.6701331432663111,0.0,2.7144732832624464e-13
1,Lasso,SNPs,-,52174,0.19042446448285555,0.792961541150492,0.8808206610877609,0.28677916500502904,0.4265918488676627,0.7073240013914155,0.2524543514921,0.37294142093921084
2,ElasticNet,SNPs,-,52174,0.269881207438719,0.7636000851430443,0.8727665996955832,0.34412535509563935,0.23170558845631029,0.7041483058549161,0.1295512151721681,0.19328875063169415
