,Model_Name,feature_represenation,variance_maintained,Dimentionality,r2_summary,RMSE_summary,r2_train,RMSE_train,standard_error_r2,standard_error_RMSE,standard_error_r2_train,standard_error_RMSE_train
0,Ridge,SNPs,-,100,-0.159716382493947,0.9965826757530449,7.01843795037238e-05,0.9993464173475927,0.5699168634288634,0.3297246187681386,1.3758597081883946e-05,0.03309186674129385
1,Simple Regression,SNPs,-,100,-21.349125062445694,3.9709383807373753,1.0,4.083655451998914e-15,35.77519795573482,1.4169602290922063,0.0,1.9257253084031226e-15
2,Lasso,SNPs,-,100,-0.15968115993344942,0.9965695634266454,0.0,0.9993814896561936,0.5698513812430535,0.3297255522753431,0.0,0.03309316005462669
3,ElasticNet,SNPs,-,100,-0.15968115993344945,0.9965695634266454,-2.2204460492503132e-17,0.9993814896561936,0.5698513812430536,0.3297255522753431,1.3762467196820668e-16,0.033093160054626675
