,Model_Name,feature_represenation,variance_maintained,Dimentionality,r2_summary,RMSE_summary,r2_train,RMSE_train,standard_error_r2,standard_error_RMSE,standard_error_r2_train,standard_error_RMSE_train
0,Ridge,SNPs,-,314263,0.41264296606448614,0.7440761923981456,0.7713811383888174,0.47709426330243404,0.17325034830095612,0.22867786654059863,0.05175092158093102,0.05770298288380944
1,Lasso,SNPs,-,314263,0.3690138989075668,0.7756845474470977,0.6134161142323672,0.6166968251643294,0.1495292154207543,0.27597981248996734,0.1885225412602398,0.1630684091923321
2,ElasticNet,SNPs,-,314263,0.36530138174317284,0.7779792356866446,0.5346780802877498,0.6811938970056604,0.18804763831657975,0.2900638032299,0.07985968715152754,0.05448719450294387
