,Model_Name,feature_represenation,variance_maintained,Dimentionality,r2_summary,RMSE_summary,r2_train,RMSE_train,standard_error_r2,standard_error_RMSE,standard_error_r2_train,standard_error_RMSE_train
0,Ridge,SNPs,-,314263,-0.045419071121525934,0.9053016634493187,0.16303910557510717,0.9133521369534071,0.15313703669069367,0.847130787166805,0.006036486533401435,0.10010462142012934
1,Lasso,SNPs,-,314263,-0.05989727470511756,0.9120861331334049,-1.3322676295501878e-16,0.9983942163337717,0.15952003490706435,0.8543792304911725,4.678339252784612e-16,0.11070224718259693
2,ElasticNet,SNPs,-,314263,-0.05989727770847433,0.9120861341144064,4.4408920985006264e-17,0.9983942163337716,0.1595200405377659,0.8543792301912516,1.834995626242756e-16,0.11070224718259696
