,Model_Name,feature_represenation,variance_maintained,Dimentionality,r2_summary,RMSE_summary,r2_train,RMSE_train,standard_error_r2,standard_error_RMSE,standard_error_r2_train,standard_error_RMSE_train
0,Ridge,SNPs,-,314263,0.07045202546853893,0.9263757253563835,0.527602107134889,0.6831223873764241,0.29143256250852345,0.5288316878442434,0.18010403147597964,0.12271597518652064
1,Lasso,SNPs,-,314263,-0.028570742950069117,0.974435839336783,0.03618160641927284,0.9796166654582285,0.08391343005361847,0.5205771899218972,0.2195819341150231,0.13672679441387592
2,ElasticNet,SNPs,-,314263,-0.03262610590998362,0.9758052827631752,0.16830695830429365,0.9079829775704065,0.16970062384787787,0.5242607896502373,0.3231510911221911,0.20897451449209833
