,Model_Name,feature_represenation,variance_maintained,Dimentionality,r2_summary,RMSE_summary,r2_train,RMSE_train,standard_error_r2,standard_error_RMSE,standard_error_r2_train,standard_error_RMSE_train
0,Ridge,SNPs,-,314263,0.473725883956482,0.6578579794218146,0.9093763213174949,0.2930894624617045,0.4497758161348752,0.5056773886921577,0.07900552816299582,0.13320643566962273
1,Lasso,SNPs,-,314263,0.42391253208816493,0.6814100933130317,0.8762530334375594,0.3367891296646413,0.4811058917236086,0.4743558098988072,0.1548373244487078,0.21580573064037842
2,ElasticNet,SNPs,-,314263,0.45376627208018333,0.6949012346222257,0.5832460960021255,0.6397767120669205,0.3490522399562478,0.5476928024471422,0.25822507889354485,0.20637719529949833
