,Model_Name,feature_represenation,variance_maintained,Dimentionality,r2_summary,RMSE_summary,r2_train,RMSE_train,standard_error_r2,standard_error_RMSE,standard_error_r2_train,standard_error_RMSE_train
0,Ridge,SNPs,-,314263,-0.6377949250329336,0.7464311953256653,0.5659138405175369,0.6479966208182633,4.403804717539159,0.8060443455704545,0.24074229560209337,0.13758690205072177
1,Lasso,SNPs,-,314263,-1.375754266954215,0.7731200865450958,0.9230527609949722,0.2674351921553896,6.017189689305245,0.6303446308976551,0.06448047876598134,0.15255028552588076
2,ElasticNet,SNPs,-,314263,-0.005982441522045112,0.7638213236259699,0.20705828822551556,0.8852134860256375,0.8672631414608705,0.9394077997243548,0.36348905742595283,0.25957485663356195
