,Model_Name,feature_represenation,variance_maintained,Dimentionality,r2_summary,RMSE_summary,r2_train,RMSE_train,standard_error_r2,standard_error_RMSE,standard_error_r2_train,standard_error_RMSE_train
0,Ridge,SNPs,-,314263,0.12921553851114503,0.9127587492150615,0.7653700401191373,0.47665092139069504,0.26134745761784706,0.24500899969941797,0.16774957091643436,0.17384269850179762
1,Lasso,SNPs,-,314263,0.09075144721390871,0.9344988918041185,0.4851163296956011,0.7057427181524268,0.1809839411589903,0.24018682424057936,0.3755810321782017,0.2872355816055066
2,ElasticNet,SNPs,-,314263,0.1355551720048227,0.9123242264747476,0.5689853615842513,0.6493856750081877,0.19388427344520523,0.2604899889859356,0.25266820931181855,0.18388118630462283
