,Model_Name,feature_represenation,variance_maintained,Dimentionality,r2_summary,RMSE_summary,r2_train,RMSE_train,standard_error_r2,standard_error_RMSE,standard_error_r2_train,standard_error_RMSE_train
0,Ridge,SNPs,-,314263,0.37655183025725975,0.7776954005806886,0.878856272549624,0.344095394680248,0.2745671620386093,0.28743274401496893,0.06849754214694716,0.1058543846851937
1,Lasso,SNPs,-,314263,0.3669396908677566,0.7837694725993486,0.7042608109997991,0.5377650236182271,0.24591256426971556,0.2661867508190658,0.20359055298401754,0.17516290124525374
2,ElasticNet,SNPs,-,314263,0.38403519879706216,0.772969187715534,0.5920825423598106,0.6364021605690213,0.2479079410496817,0.2677670069600641,0.1349342638646361,0.10608420357486893
