,Model_Name,feature_represenation,variance_maintained,Dimentionality,r2_summary,RMSE_summary,r2_train,RMSE_train,standard_error_r2,standard_error_RMSE,standard_error_r2_train,standard_error_RMSE_train
0,Ridge,SNPs,-,314263,0.24112827359338904,0.8236172162601297,0.7012966189165059,0.5461406597894896,0.197491414031034,0.4749233673828668,0.014948352727994987,0.03190601556709446
1,Lasso,SNPs,-,314263,0.25260066814289217,0.8230966308188336,0.46450977403150207,0.7293856905312704,0.19639955020902883,0.5058257938930432,0.1696971808629762,0.14849209090585763
2,ElasticNet,SNPs,-,314263,0.21413299443972625,0.8480985363607604,0.38733167542138736,0.7814716755843305,0.12437572620349481,0.5345213179072631,0.10349669033310921,0.07154753021331312
