,Model_Name,feature_represenation,variance_maintained,Dimentionality,r2_summary,RMSE_summary,r2_train,RMSE_train,standard_error_r2,standard_error_RMSE,standard_error_r2_train,standard_error_RMSE_train
0,Ridge,SNPs,-,314263,0.11646200578253438,0.916647304663955,0.6901219469430776,0.5524327647877119,0.13841240449398037,0.4108568638539486,0.14658382581855472,0.1439078641193663
1,Lasso,SNPs,-,314263,0.09240327524308614,0.9270487905729204,0.2927798165458556,0.8405022880310458,0.10826738997251788,0.3846938037463899,0.032192432479668714,0.03264406339463546
2,ElasticNet,SNPs,-,314263,0.04762849407895383,0.9527984439939595,0.19572869379818414,0.8944416998010462,0.08861084027851905,0.42219141696792556,0.217205052896196,0.12181478207616929
