,Model_Name,feature_represenation,variance_maintained,Dimentionality,r2_summary,RMSE_summary,r2_train,RMSE_train,standard_error_r2,standard_error_RMSE,standard_error_r2_train,standard_error_RMSE_train
0,Ridge,SNPs,-,314263,0.5073683206840377,0.6854322063407032,0.8668552262969998,0.36339570148585293,0.21010265803042982,0.3458184312045719,0.0585037320922379,0.07988133478959521
1,Lasso,SNPs,-,314263,0.484915488694377,0.7034597866623821,0.6853880221186538,0.5555383987174737,0.16849269960713686,0.33566897567652165,0.18860300723636805,0.18268976326866498
2,ElasticNet,SNPs,-,314263,0.48048394323689114,0.7078551984424243,0.6071031448079607,0.6255357755240897,0.19901195088685503,0.3665369295253017,0.11351796234504573,0.10611790078956548
