,Model_Name,feature_represenation,variance_maintained,Dimentionality,r2_summary,RMSE_summary,r2_train,RMSE_train,standard_error_r2,standard_error_RMSE,standard_error_r2_train,standard_error_RMSE_train
0,Ridge,SNPs,-,314263,0.04780951528653882,0.9327601540525412,0.5577291958755752,0.6607523364061044,0.1939374293954634,0.4116105760035909,0.1752604475695658,0.11081148766994159
1,Lasso,SNPs,-,314263,-0.013157973374826359,0.9641283912391633,0.13937129218370417,0.9240238400026997,0.10965979206995917,0.437227877677057,0.28551877062664205,0.1571952181138011
2,ElasticNet,SNPs,-,314263,0.026397620723606817,0.9452088883502843,0.2648774403528096,0.8560914020286923,0.10259626199973412,0.4257545404906224,0.1600174587724817,0.11386912955528126
