,Model_Name,feature_represenation,variance_maintained,Dimentionality,r2_summary,RMSE_summary,r2_train,RMSE_train,standard_error_r2,standard_error_RMSE,standard_error_r2_train,standard_error_RMSE_train
0,Ridge,SNPs,-,363888,0.5338582955164974,0.6694864063001894,0.9998892211646515,0.003309406666011911,0.20476554853769516,0.1222088250484198,0.0006866139262713426,0.020484234384657417
1,Lasso,SNPs,-,363888,0.503180755464781,0.6918556450218395,0.9280291648816411,0.2591029414006526,0.2040550321284115,0.12296121951931023,0.07325853401580316,0.1386091212447688
2,ElasticNet,SNPs,-,363888,0.5176075628108769,0.6828818264648066,0.8680004950310849,0.3552369395794339,0.18711626579555538,0.12231109258633788,0.11800693771802251,0.15660757595520367
