,Model_Name,feature_represenation,variance_maintained,Dimentionality,r2_summary,RMSE_summary,r2_train,RMSE_train,standard_error_r2,standard_error_RMSE,standard_error_r2_train,standard_error_RMSE_train
0,Ridge,SNPs,-,344721,0.22054286674374027,0.8451617821425832,0.9994067532551736,0.007560261013588145,0.4149692459432759,0.10750227075586677,0.003676981401966743,0.046850471956851505
1,Lasso,SNPs,-,344721,0.7099203211216162,0.4861306485959351,0.8487688453726271,0.38757755029356683,0.41237157481352604,0.2416619601617657,0.05545872305075706,0.06981867114925892
2,ElasticNet,SNPs,-,344721,0.6988236434255349,0.49944796015862264,0.7557832294942243,0.49353408328014775,0.4065609898255296,0.24648477634282537,0.04426917959709711,0.04521942051990797
