,Model_Name,feature_represenation,variance_maintained,Dimentionality,r2_summary,RMSE_summary,r2_train,RMSE_train,standard_error_r2,standard_error_RMSE,standard_error_r2_train,standard_error_RMSE_train
0,Ridge,SNPs,-,336883,0.15532184717098377,0.8818826934979155,0.9981341068944811,0.03146535516714627,0.28447323648884143,0.29703334903637874,0.004141595140632462,0.06027839735895003
1,Lasso,SNPs,-,336883,0.09802150635733754,0.9095732908607388,0.8014594111218816,0.3756886086199516,0.43618942835915386,0.3406292996147654,0.5275738618645417,0.48651838248669255
2,ElasticNet,SNPs,-,336883,0.08077569969767326,0.9245929561574042,0.505312332187396,0.6907102950393443,0.20233589159318027,0.32178769320152756,0.38962288700425374,0.2883973047496518
