,Model_Name,feature_represenation,variance_maintained,Dimentionality,r2_summary,RMSE_summary,r2_train,RMSE_train,standard_error_r2,standard_error_RMSE,standard_error_r2_train,standard_error_RMSE_train
0,Ridge,SNPs,-,363497,0.09930865781461212,0.9435977090923844,0.5391526154095702,0.6759891760446084,0.08715531307276346,0.13990804438452617,0.16362997438921686,0.1248105678162439
1,Lasso,SNPs,-,363497,0.023760543509301048,0.9821060721221186,0.14346623115572557,0.9235096346451723,0.07429113610784865,0.13154446282314883,0.2389803074768551,0.1332048656638534
2,ElasticNet,SNPs,-,363497,0.08813499984113754,0.9495790735906534,0.39015274343889234,0.7792337777042286,0.05952641370409311,0.13683020632736442,0.15919466355341766,0.11016941218300114
