,Model_Name,feature_represenation,variance_maintained,Dimentionality,r2_summary,RMSE_summary,r2_train,RMSE_train,standard_error_r2,standard_error_RMSE,standard_error_r2_train,standard_error_RMSE_train
0,Ridge,SNPs,-,323224,0.024003849028093584,0.9526060844693925,0.5008326990473859,0.7030672405577411,0.14620441656911465,0.4725842583702802,0.15741011377153757,0.11040858051798463
1,Lasso,SNPs,-,323224,-0.018904070922576087,0.9744182044447346,0.01808899220822211,0.9902305746940371,0.0374692937906192,0.47599232934919544,0.03990792584938187,0.05543265256477944
2,ElasticNet,SNPs,-,323224,-0.006723903828517741,0.9689536674691839,0.11765088574439131,0.9358193438124204,0.08552980464269946,0.48150250351456647,0.25292451382473097,0.13377241646428623
