,Model_Name,feature_represenation,variance_maintained,Dimentionality,r2_summary,RMSE_summary,r2_train,RMSE_train,standard_error_r2,standard_error_RMSE,standard_error_r2_train,standard_error_RMSE_train
0,Ridge,SNPs,-,334205,0.3467509466902483,0.7870571750361866,0.999999999999536,6.740950875626603e-07,0.3549909905252519,0.18598745914216622,3.10320463026112e-13,2.0863806953270175e-07
1,Lasso,SNPs,-,334205,0.28084296258626074,0.8237586933430521,0.9191846157855635,0.2579234805225798,0.43111638567352795,0.1860888951732562,0.130258917190905,0.24827989870503275
2,ElasticNet,SNPs,-,334205,0.3422565383470797,0.7924518004459962,0.868898227765441,0.35179572192683206,0.29667672680549945,0.16300656968745816,0.12461826569699808,0.17215494577726703
