,Model_Name,feature_represenation,variance_maintained,Dimentionality,r2_summary,RMSE_summary,r2_train,RMSE_train,standard_error_r2,standard_error_RMSE,standard_error_r2_train,standard_error_RMSE_train
0,Ridge,SNPs,-,320302,-0.011125567576192064,0.972652015696282,0.681191294050714,0.5192564132661078,0.16196901474487674,0.3572682694082601,0.4002165064521449,0.46710846770754616
1,Lasso,SNPs,-,320302,-0.0011807413046163728,0.971112870819703,0.40660723571195756,0.7279549519154251,0.09389645879436312,0.3889799092977158,0.5628863191353215,0.5545884887931508
2,ElasticNet,SNPs,-,320302,0.008278068649424698,0.9641305367727724,0.2869728667578989,0.8313401554543117,0.11973176732899876,0.3587815345082121,0.49334308622579204,0.30109410908088735
