,Model_Name,feature_represenation,variance_maintained,Dimentionality,r2_summary,RMSE_summary,r2_train,RMSE_train,standard_error_r2,standard_error_RMSE,standard_error_r2_train,standard_error_RMSE_train
0,Ridge,SNPs,-,363320,0.09630455388798695,0.9399414790153594,0.7592476718512561,0.47377073287087623,0.12681090690659583,0.1341380329038738,0.25756294692248477,0.2658449655584233
1,Lasso,SNPs,-,363320,0.07668813796109487,0.9512715347122516,0.38949087498932755,0.7766353201885348,0.12233183200122776,0.16626949712423816,0.23815659368750874,0.1835703520562454
2,ElasticNet,SNPs,-,363320,0.048919464808540015,0.9651742326917893,0.245527067975822,0.8641142044012646,0.06786169516820816,0.1385521955087912,0.2966917081399834,0.1730284199081362
