,Model_Name,feature_represenation,variance_maintained,Dimentionality,r2_summary,RMSE_summary,r2_train,RMSE_train,standard_error_r2,standard_error_RMSE,standard_error_r2_train,standard_error_RMSE_train
0,Ridge,SNPs,-,327819,0.032658122903935195,0.9554565677485987,0.8947099191015753,0.29749627336160017,0.3047982664463205,0.26446411235109063,0.13728857320225396,0.26133043658685945
1,Lasso,SNPs,-,327819,-0.023385218622295624,0.9859854350922012,0.275674634297599,0.8389816254070617,0.19408257812346655,0.28800628200670797,0.41325241113696615,0.26932775775272105
2,ElasticNet,SNPs,-,327819,0.006116994578897306,0.9721171169619753,0.2930335952571952,0.8355834170957869,0.11548386585937537,0.26736522318366196,0.30927779995886406,0.18563170448226105
