,Model_Name,feature_represenation,variance_maintained,Dimentionality,r2_summary,RMSE_summary,r2_train,RMSE_train,standard_error_r2,standard_error_RMSE,standard_error_r2_train,standard_error_RMSE_train
0,Ridge,SNPs,-,321020,0.1256292281731583,0.8912147613372042,0.9999999999996029,6.214571832313222e-07,0.2866576121029379,0.19799133685002226,2.7318156114429586e-13,2.0236227798548633e-07
1,Lasso,SNPs,-,321020,0.0007788610076135294,0.9517753857317379,0.689419324306108,0.4915168311957707,0.3889669280057875,0.2295832178618767,0.5303901901674419,0.5424253088691338
2,ElasticNet,SNPs,-,321020,0.0616658416286666,0.9243068498056054,0.727792594614899,0.48872990910909886,0.2334615620295791,0.18701750088978583,0.4270189289881421,0.38542489160932075
