,Model_Name,feature_represenation,variance_maintained,Dimentionality,r2_summary,RMSE_summary,r2_train,RMSE_train,standard_error_r2,standard_error_RMSE,standard_error_r2_train,standard_error_RMSE_train
0,Ridge,SNPs,-,318500,0.056447454911907946,0.902375841252712,0.9999999999999996,2.0407691108856063e-08,0.5811971024219351,0.15164577809632176,0.0,3.8044238632411227e-10
1,Lasso,SNPs,-,318500,-0.17488869309941635,1.012955352680239,0.5517046991074653,0.6298030052585716,0.598397630486763,0.16762205673869734,0.5773743572830823,0.4780667172100949
2,ElasticNet,SNPs,-,318500,-0.09806571564291201,0.985811258164054,0.4118601585219519,0.7453085517632585,0.40199471489700767,0.17296995597279294,0.5458525973963788,0.360771113015549
