,Model_Name,feature_represenation,variance_maintained,Dimentionality,r2_summary,RMSE_summary,r2_train,RMSE_train,standard_error_r2,standard_error_RMSE,standard_error_r2_train,standard_error_RMSE_train
0,Ridge,SNPs,-,363497,0.10629575111808823,0.9397168985187639,0.657294707961386,0.5853674322746226,0.10411778363333017,0.14003388779239592,0.006424609354303236,0.011788813404978555
1,Lasso,SNPs,-,363497,0.023756060055028762,0.9821083536077103,0.14347787620563723,0.9235029599517071,0.07428477881566654,0.13154351969518518,0.23900016318027872,0.13321579758051888
2,ElasticNet,SNPs,-,363497,0.08841946374868218,0.9494354116590439,0.3702269076788862,0.7926962036506502,0.059047205329929534,0.1368525454689393,0.1195054317317756,0.08522736525058096
