,Model_Name,feature_represenation,variance_maintained,Dimentionality,r2_summary,RMSE_summary,r2_train,RMSE_train,standard_error_r2,standard_error_RMSE,standard_error_r2_train,standard_error_RMSE_train
0,Ridge,SNPs,-,358874,0.7251391029273025,0.5142229596761464,0.9996942252000608,0.00551737728322789,0.1620236616952255,0.16719356966864313,0.0018952117867296221,0.03418409389731394
1,Lasso,SNPs,-,358874,0.6900365595832878,0.5451760369605336,0.9754468532495658,0.13913792807292175,0.17237966718437878,0.1514375126624362,0.04104155349606962,0.15171530447720252
2,ElasticNet,SNPs,-,358874,0.6836871360469625,0.5511354819849649,0.8942227196779433,0.3193605556372694,0.1691555656849728,0.15961369868638822,0.09111210410200009,0.13444782645536688
