,Model_Name,feature_represenation,variance_maintained,Dimentionality,r2_summary,RMSE_summary,r2_train,RMSE_train,standard_error_r2,standard_error_RMSE,standard_error_r2_train,standard_error_RMSE_train
0,Ridge,SNPs,-,331368,0.20963170893124042,0.8504236574046964,0.9983068019314753,0.024831156458392893,0.31066932906445344,0.23141229708167385,0.005330947694760921,0.0661889971050945
1,Lasso,SNPs,-,331368,0.01303082365409094,0.9508169993585764,0.9251002365828519,0.21456280714866183,0.35732602883191755,0.25482469400034935,0.19133977357537504,0.3412222474013595
2,ElasticNet,SNPs,-,331368,0.09629645685211197,0.9139319956681775,0.5215446467126936,0.6743421606090316,0.2541856883932559,0.2543798574457323,0.4373536676528852,0.3128397996550551
