,Model_Name,feature_represenation,variance_maintained,Dimentionality,r2_summary,RMSE_summary,r2_train,RMSE_train,standard_error_r2,standard_error_RMSE,standard_error_r2_train,standard_error_RMSE_train
0,Ridge,SNPs,-,366001,0.7965392564750513,0.4385886438721317,0.9999999999773411,4.469511536629579e-06,0.17000086324771074,0.17799551540778186,3.7466387393013907e-11,3.3342829109106176e-06
1,Lasso,SNPs,-,366001,0.6149039827405158,0.5878671934229533,0.9488399102546093,0.17265260766275864,0.4583261182790191,0.30106637594111446,0.10667150059069645,0.3002106491531527
2,ElasticNet,SNPs,-,366001,0.7622829305422714,0.47708934870789793,0.9305585321471059,0.256300830128868,0.16166397799628385,0.17522495617922035,0.0662951898187794,0.12273228970487852
