,Model_Name,feature_represenation,variance_maintained,Dimentionality,r2_summary,RMSE_summary,r2_train,RMSE_train,standard_error_r2,standard_error_RMSE,standard_error_r2_train,standard_error_RMSE_train
0,Ridge,SNPs,-,321020,-0.0854892596493181,0.9963418251198093,0.4766292947413791,0.643828770716977,0.23625363580742928,0.3574450971671185,0.6258693572228288,0.6938623469964309
1,Lasso,SNPs,-,321020,-0.039401344736279355,0.9780959228261799,0.21332806648193062,0.8799181338922081,0.1738628764442623,0.37623794198151855,0.34878602659097474,0.2405729372132485
2,ElasticNet,SNPs,-,321020,-0.06554645543216726,0.9899023129397095,0.1026605422132724,0.9377361556801309,0.19482070019963812,0.376621995672216,0.42967346332176926,0.2489687929506237
