,Model_Name,feature_represenation,variance_maintained,Dimentionality,r2_summary,RMSE_summary,r2_train,RMSE_train,standard_error_r2,standard_error_RMSE,standard_error_r2_train,standard_error_RMSE_train
0,Ridge,SNPs,-,327819,-0.054300161671077166,0.9267794449261286,0.2680845746137462,0.853061630342684,0.14235487485986104,0.797040021307547,0.28921226527626065,0.24748336763666634
1,Lasso,SNPs,-,327819,-0.07811713346729934,0.9386833223610025,0.10194529323145397,0.9363083383053864,0.12393094121820535,0.8148883790696917,0.5270440249506602,0.4294679788478188
2,ElasticNet,SNPs,-,327819,-0.06265231915306926,0.9285036980916266,-4.4408920985006264e-17,0.9985011648890165,0.13300604894372794,0.7789409300095217,1.834995626242756e-16,0.10561651949153737
