,Model_Name,feature_represenation,variance_maintained,Dimentionality,r2_summary,RMSE_summary,r2_train,RMSE_train,standard_error_r2,standard_error_RMSE,standard_error_r2_train,standard_error_RMSE_train
0,Ridge,SNPs,-,320428,0.045850585136087155,0.927325555302974,0.9483682421881533,0.17156382296709938,0.4110997928465983,0.3780649618554363,0.1288930854186502,0.3052341102765092
1,Lasso,SNPs,-,320428,-0.04637108784763019,0.9741027940482747,0.7507549045662728,0.45596285519309976,0.5589069690973948,0.462508157717588,0.41805843642786755,0.42271501380117715
2,ElasticNet,SNPs,-,320428,-0.028777876594182884,0.9700893965487163,0.47535006436522365,0.698228295242282,0.27289906830462324,0.3841762992160515,0.5278184459652074,0.40091836264387715
