,Model_Name,feature_represenation,variance_maintained,Dimentionality,r2_summary,RMSE_summary,r2_train,RMSE_train,standard_error_r2,standard_error_RMSE,standard_error_r2_train,standard_error_RMSE_train
0,Ridge,SNPs,-,320710,-0.038304663658783676,0.9871800972539188,0.7830178527182654,0.4142497337548517,0.2917754091148522,0.19895784983279938,0.4255199518490394,0.4396380975749449
1,Lasso,SNPs,-,320710,-0.052689101413752035,0.9949287277364439,0.26648788079124847,0.8081863183043433,0.25200218925494156,0.19346975670837344,0.6399628474797512,0.5883419569442025
2,ElasticNet,SNPs,-,320710,-0.05676258237593891,0.9968715132965067,0.10443899828497187,0.9432903108988748,0.19724638241341916,0.16438708573437388,0.29143189828244437,0.17177693187367885
