,Model_Name,feature_represenation,variance_maintained,Dimentionality,r2_summary,RMSE_summary,r2_train,RMSE_train,standard_error_r2,standard_error_RMSE,standard_error_r2_train,standard_error_RMSE_train
0,Ridge,SNPs,-,334561,-0.0392396283431252,0.9868793176951202,0.22564603641570663,0.8681982780490323,0.1588736680172913,0.32126983504278583,0.3906512810154035,0.2818126303103464
1,Lasso,SNPs,-,334561,-0.06684236511331842,0.9975483050868859,0.047999386366529215,0.973846926556325,0.20025910281218767,0.30336118474666024,0.19833559014995622,0.10327544204374872
2,ElasticNet,SNPs,-,334561,-0.05657578925557931,0.9930417928708085,4.4408920985006264e-17,0.9996975354334796,0.2025613814431894,0.307753720851432,5.447341448556213e-16,0.033317586240697764
