,Model_Name,feature_represenation,variance_maintained,Dimentionality,r2_summary,RMSE_summary,r2_train,RMSE_train,standard_error_r2,standard_error_RMSE,standard_error_r2_train,standard_error_RMSE_train
0,Ridge,SNPs,-,320302,-0.03816820926757895,0.970079949995343,0.15207155561005384,0.9202379762855384,0.09600566897431255,0.5299970687916505,0.004545476110260701,0.05839417057582857
1,Lasso,SNPs,-,320302,-0.03798293902985881,0.9700986802421977,-8.881784197001253e-17,0.999352486016406,0.08048424765791416,0.5300420111537919,2.247401482266812e-16,0.06303577937378924
2,ElasticNet,SNPs,-,320302,-0.051935877555005616,0.9791484015743179,0.009886020103421,0.9945131580038185,0.09848429198785813,0.559433647102646,0.0612741874212068,0.08208911227502472
