,Model_Name,feature_represenation,variance_maintained,Dimentionality,r2_summary,RMSE_summary,r2_train,RMSE_train,standard_error_r2,standard_error_RMSE,standard_error_r2_train,standard_error_RMSE_train
0,Ridge,SNPs,-,295534,-0.2242781419403465,0.9762339775725388,0.2772278708503503,0.842964823787407,0.9440636630492021,0.45673705095749234,0.3445784829864599,0.23225196229435127
1,Lasso,SNPs,-,295534,-0.2890571603402559,1.0001001141725858,0.2601625129852203,0.817156015121215,0.9951515560137474,0.46908721076762183,0.6998870472766225,0.5175436725180009
2,ElasticNet,SNPs,-,295534,-0.23214500920291775,0.9785143279632417,0.14012271565505185,0.9178216929376574,1.0052699974728243,0.4733071501628749,0.42763860768735845,0.25445137052723565
