,Model_Name,feature_represenation,variance_maintained,Dimentionality,r2_summary,RMSE_summary,r2_train,RMSE_train,standard_error_r2,standard_error_RMSE,standard_error_r2_train,standard_error_RMSE_train
0,Ridge,SNPs,-,295534,-0.14913914773926085,0.9311507733425105,0.75903356331881,0.4526715772778262,0.8504404112696148,0.5916474377856848,0.3146934246603352,0.36295890817997917
1,Lasso,SNPs,-,295534,-0.2518144293960008,0.972929560266413,0.20615780850060456,0.8791060726604034,0.8553697149473358,0.5832254617247657,0.5232296762917671,0.3373098201795664
2,ElasticNet,SNPs,-,295534,-0.2354306027155118,0.9611824004156182,0.07028653088074745,0.95856577434561,0.8255430871872287,0.5449098084926656,0.3200771906542839,0.19712807582203587
