,Model_Name,feature_represenation,variance_maintained,Dimentionality,r2_summary,RMSE_summary,r2_train,RMSE_train,standard_error_r2,standard_error_RMSE,standard_error_r2_train,standard_error_RMSE_train
0,Ridge,SNPs,-,323224,0.07832781717400134,0.9496170815991654,0.843789222153862,0.39028932698351937,0.1800843605313333,0.18970227190000308,0.08620044286116066,0.1223596177447609
1,Lasso,SNPs,-,323224,-0.06728194568632218,1.021370579345592,0.36297386440856344,0.7714318762358519,0.1661791669909761,0.17284440713248952,0.6161155951527136,0.4064818630552519
2,ElasticNet,SNPs,-,323224,0.05995524674006415,0.9601369347157427,0.5029901677153165,0.6980592614617882,0.10614773549162307,0.18421258072525387,0.2833758227964365,0.20645622174901748
