,Model_Name,feature_represenation,variance_maintained,Dimentionality,r2_summary,RMSE_summary,r2_train,RMSE_train,standard_error_r2,standard_error_RMSE,standard_error_r2_train,standard_error_RMSE_train
0,Ridge,SNPs,-,335382,-0.058174578632316044,1.0068575111516636,0.4636011021213474,0.6519604021208372,0.36309156410595056,0.14319721906413319,0.6068875631084539,0.6898779668633861
1,Lasso,SNPs,-,335382,-0.06710358952026063,1.0141031857152878,0.129874506045434,0.921578933037648,0.1584890911604019,0.06326257771306436,0.46905193503117537,0.29954498894430825
2,ElasticNet,SNPs,-,335382,-0.04291773484532887,1.002588376738583,0.13579584379825432,0.9236025096325113,0.13537851204158435,0.04561506359062156,0.372132197852088,0.213797541322973
