,Model_Name,feature_represenation,variance_maintained,Dimentionality,r2_summary,RMSE_summary,r2_train,RMSE_train,standard_error_r2,standard_error_RMSE,standard_error_r2_train,standard_error_RMSE_train
0,Ridge,SNPs,-,327819,0.19942531210402825,0.8668088404311949,0.9906033489694359,0.04671317917969049,0.21346582681534126,0.15001626225574177,0.042407234112837,0.17430175494152333
1,Lasso,SNPs,-,327819,0.06644307731387118,0.9332250309133436,0.8023396118882274,0.3909376896224249,0.49101069732838487,0.29742878924194427,0.2617681610467285,0.43685216555983425
2,ElasticNet,SNPs,-,327819,0.13856808345100757,0.8951336668136212,0.6217393354039465,0.6027140469361661,0.35368925186913086,0.147826402156386,0.3139655040509355,0.24769672084625188
