,Model_Name,feature_represenation,variance_maintained,Dimentionality,r2_summary,RMSE_summary,r2_train,RMSE_train,standard_error_r2,standard_error_RMSE,standard_error_r2_train,standard_error_RMSE_train
0,Ridge,SNPs,-,327111,0.05081056965396598,0.9454242564588877,0.8778879933077842,0.33761630837948753,0.2885418904220552,0.207607205046115,0.11865586681568606,0.18680840102414814
1,Lasso,SNPs,-,327111,-0.014900792955881625,0.9802238337166972,0.5137402914352643,0.6692266478599781,0.26080164309008697,0.2399352594935608,0.5326510105066827,0.39284233722313977
2,ElasticNet,SNPs,-,327111,0.023058187445854382,0.9626141914585687,0.4549168809886188,0.7281261987140667,0.11941637406695495,0.1866920991749453,0.36666383816855086,0.2426433648881516
