,Model_Name,feature_represenation,variance_maintained,Dimentionality,r2_summary,RMSE_summary,r2_train,RMSE_train,standard_error_r2,standard_error_RMSE,standard_error_r2_train,standard_error_RMSE_train
0,Ridge,SNPs,-,358874,0.6357185013144837,0.5967898216341854,0.9999999999977858,1.1144722553948888e-06,0.09146091779927021,0.13183609454257977,9.472081388037579e-12,2.0625557072975456e-06
1,Lasso,SNPs,-,358874,0.2850000652927236,0.8290257605683089,0.9976992328738497,0.02787012190900082,0.5821441814169621,0.45002148359665217,0.008810930921498837,0.08221844557389409
2,ElasticNet,SNPs,-,358874,0.6366392959291991,0.596863607918171,0.9460999743286947,0.23132251558442324,0.07406854929826616,0.13390227387554424,0.020365803948463032,0.041709303812338644
