,Model_Name,feature_represenation,variance_maintained,Dimentionality,r2_summary,RMSE_summary,r2_train,RMSE_train,standard_error_r2,standard_error_RMSE,standard_error_r2_train,standard_error_RMSE_train
0,Ridge,SNPs,-,358874,0.5883037149350527,0.6111696371074508,0.9998679229237238,0.004467358672218249,0.37542966005626044,0.19175522962372682,0.0007630041565148528,0.022158441944164872
1,Lasso,SNPs,-,358874,0.5339086092566624,0.6513545590662976,0.9711505778160139,0.1504537686915139,0.404225723838287,0.22986241866780038,0.047022977982302594,0.16289401574288281
2,ElasticNet,SNPs,-,358874,0.5637087319287997,0.6351114612001733,0.9157275450301474,0.27846531359787674,0.33304047468870257,0.22794271391004617,0.10389403732773113,0.15892517121530472
