,Model_Name,feature_represenation,variance_maintained,Dimentionality,r2_summary,RMSE_summary,r2_train,RMSE_train,standard_error_r2,standard_error_RMSE,standard_error_r2_train,standard_error_RMSE_train
0,Ridge,SNPs,-,328760,0.08377327457589104,0.9447640122447972,0.8545791548757816,0.3757346277804943,0.052936489504071406,0.14068402710616945,0.09474865861362451,0.13905727672265972
1,Lasso,SNPs,-,328760,0.022638142776774096,0.9757142816393666,0.5571473014514857,0.650958405652183,0.08913670110268726,0.15188082614601767,0.3372990923176777,0.2863780425936326
2,ElasticNet,SNPs,-,328760,0.06381178020795515,0.9544451773441738,0.5376554284173535,0.6752813162856183,0.10703774726655844,0.14026010553559504,0.21691312198628612,0.16946427260871996
