,Model_Name,feature_represenation,variance_maintained,Dimentionality,r2_summary,RMSE_summary,r2_train,RMSE_train,standard_error_r2,standard_error_RMSE,standard_error_r2_train,standard_error_RMSE_train
0,Ridge,SNPs,-,305506,-0.004848694526757613,0.9304441348162593,0.9696743994171092,0.1576264369300669,0.2144462446471649,0.6428079628749545,0.0560026334777038,0.15334059470714023
1,Lasso,SNPs,-,305506,0.02269837378343199,0.9232049244751132,0.505469474601603,0.5629871389644517,0.21703419266607543,0.6674172293851481,0.9408735660003619,0.8448691995830822
2,ElasticNet,SNPs,-,305506,-0.024968944825777627,0.9440410724636314,0.20659031041012066,0.8668797222106055,0.12095013481508618,0.6608049392856834,0.5958321373666622,0.4372418432346131
