,Model_Name,feature_represenation,variance_maintained,Dimentionality,r2_summary,RMSE_summary,r2_train,RMSE_train,standard_error_r2,standard_error_RMSE,standard_error_r2_train,standard_error_RMSE_train
0,Ridge,SNPs,-,209593,-0.11398158046836943,0.7527826075538311,0.9870393138266985,0.06679927888746115,1.5497557973162814,0.4857986777803016,0.03638791434329722,0.1742472634367365
1,Lasso,SNPs,-,209593,-0.403282655840826,0.8233817428913663,0.941439033371926,0.15975583563784682,2.67930536016744,0.5790224958219414,0.2649445896162863,0.33347424569329615
2,ElasticNet,SNPs,-,209593,-0.4162833401537702,0.8376261678495246,0.7422168802360749,0.488678088403439,2.0524928278970513,0.5001209985326878,0.26848446839681583,0.2964279589911109
