,Model_Name,feature_represenation,variance_maintained,Dimentionality,r2_summary,RMSE_summary,r2_train,RMSE_train,standard_error_r2,standard_error_RMSE,standard_error_r2_train,standard_error_RMSE_train
0,Ridge,SNPs,-,336711,0.5274323529368444,0.6532679544870991,0.9999999999967834,1.7215280684836195e-06,0.39191727560151013,0.5032854281664291,3.8424626452551366e-12,9.977170711411286e-07
1,Lasso,SNPs,-,336711,-0.20495757365968892,0.9484828099037029,0.9917897325996647,0.039779394470766144,2.013723650326883,0.7791833125675512,0.03944253772431123,0.1727709849273843
2,ElasticNet,SNPs,-,336711,0.4668667188917226,0.6994907194189027,0.903153623702565,0.3011116205996656,0.3531902033189069,0.5307512107450039,0.09273527518321587,0.1290055969373546
