,Model_Name,feature_represenation,variance_maintained,Dimentionality,r2_summary,RMSE_summary,r2_train,RMSE_train,standard_error_r2,standard_error_RMSE,standard_error_r2_train,standard_error_RMSE_train
0,Ridge,SNPs,-,209593,0.21635548398039436,0.722164465951365,0.996687479146352,0.017371494010010015,0.741165092940904,0.3114805526273429,0.020531216959040262,0.1076664089881157
1,Lasso,SNPs,-,209593,-0.23983279317390377,0.8513004396329009,0.9183893169443808,0.21618364658360512,2.1867920158004264,0.33025559607321364,0.23316571863595184,0.3639437409264315
2,ElasticNet,SNPs,-,209593,0.0015770754273630061,0.8391557223674886,0.7043217156884332,0.5049275781316623,0.6776636666024852,0.39260822083637564,0.5294789162910327,0.4263403297478447
