,Model_Name,feature_represenation,variance_maintained,Dimentionality,r2_summary,RMSE_summary,r2_train,RMSE_train,standard_error_r2,standard_error_RMSE,standard_error_r2_train,standard_error_RMSE_train
0,Ridge,SNPs,-,333563,0.5929785160815348,0.6308542586255929,0.9999999999939271,2.0142417465703345e-06,0.09506184823600969,0.15396950851159213,1.6405551812783752e-11,2.9435614307857066e-06
1,Lasso,SNPs,-,333563,0.5961855345395215,0.6263274652410575,0.9808081819755741,0.12091276497651263,0.09574513734818049,0.11797703692535617,0.03804461513550841,0.13939673030012206
2,ElasticNet,SNPs,-,333563,0.5703299826686519,0.6483720678606693,0.9300695648407044,0.2552384937412261,0.06181726253049591,0.13620703832646402,0.05556784502928663,0.14353814278303909
