,Model_Name,feature_represenation,variance_maintained,Dimentionality,r2_summary,RMSE_summary,r2_train,RMSE_train,standard_error_r2,standard_error_RMSE,standard_error_r2_train,standard_error_RMSE_train
0,Ridge,SNPs,-,335542,0.5928561411600448,0.5503995200160208,0.9999999999996009,6.123331063069616e-07,0.4603228859401184,0.2698196046173206,4.582289870508587e-13,3.592652331122641e-07
1,Lasso,SNPs,-,335542,0.18709224118443732,0.8034347511221575,0.9939222912399174,0.045655310336602556,0.8255013945111506,0.6209071258909329,0.0256822629498022,0.12973084534140014
2,ElasticNet,SNPs,-,335542,0.5855617977063639,0.578920066323234,0.9330405804997642,0.23605423922725083,0.2877524405492703,0.32304435647241037,0.12582331784993434,0.23382555356032347
