,Model_Name,feature_represenation,variance_maintained,Dimentionality,r2_summary,RMSE_summary,r2_train,RMSE_train,standard_error_r2,standard_error_RMSE,standard_error_r2_train,standard_error_RMSE_train
0,Ridge,SNPs,-,331484,-0.08953591202159396,1.0031006718348898,0.291287098336148,0.8397420973155284,0.4375639743480378,0.19922452155797402,0.16563746004856852,0.08777326811276251
1,Lasso,SNPs,-,331484,-0.10731776753742053,1.0108598443013546,0.04051876877852726,0.978117489726134,0.47289772825787335,0.2102978574561879,0.1681202355395546,0.08642764045320415
2,ElasticNet,SNPs,-,331484,-0.07551106031949661,1.0005062266741165,0.02915072376939217,0.9835953557772882,0.30458234440878135,0.21180326023098625,0.18067805780522897,0.0919287665777122
