,Model_Name,feature_represenation,variance_maintained,Dimentionality,r2_summary,RMSE_summary,r2_train,RMSE_train,standard_error_r2,standard_error_RMSE,standard_error_r2_train,standard_error_RMSE_train
0,Ridge,SNPs,-,365712,-0.01644952553533745,0.9828581837476413,0.23226251027413577,0.8753720780100174,0.114144169934307,0.3603300407169143,0.12669976375493258,0.08823757786174835
1,Lasso,SNPs,-,365712,-0.03391514591255205,0.9899784646960221,0.0,0.9996401250593532,0.060772551874795425,0.3332122387831958,1.7767268752004106e-16,0.04108699868819534
2,ElasticNet,SNPs,-,365712,-0.035736791706652296,0.9911773055598474,0.00916685030048232,0.9951837168744344,0.06263483664448895,0.33916227100241036,0.05681672680187331,0.06602819766428875
