,Model_Name,feature_represenation,variance_maintained,Dimentionality,r2_summary,RMSE_summary,r2_train,RMSE_train,standard_error_r2,standard_error_RMSE,standard_error_r2_train,standard_error_RMSE_train
0,Ridge,SNPs,-,358874,0.3612748838050379,0.7850266177222303,0.999839369861563,0.003902749870366131,0.24441073013172102,0.406926096922485,0.0009955958042985162,0.02417396621320719
1,Lasso,SNPs,-,358874,0.29663406979050794,0.8195890889554743,0.7691769403874287,0.4751088854474395,0.15468911407348818,0.3430079925435851,0.17234746514172708,0.16119634365791596
2,ElasticNet,SNPs,-,358874,0.26904052894724967,0.8400852577756973,0.6353626203203575,0.5990233813680559,0.1905772137892259,0.40556809809407207,0.17900901082397203,0.14427800683800365
