,Model_Name,feature_represenation,variance_maintained,Dimentionality,r2_summary,RMSE_summary,r2_train,RMSE_train,standard_error_r2,standard_error_RMSE,standard_error_r2_train,standard_error_RMSE_train
0,Ridge,SNPs,-,326910,0.1275702049114399,0.8138843831808791,0.9999999999988984,9.003516832424125e-07,0.8376589113046329,0.3206430459380663,3.224429688191563e-12,1.1154865433067879e-06
1,Lasso,SNPs,-,326910,-0.0059422132132724735,0.8673099462575368,0.8738178361927946,0.3132169373725272,1.1951906338162912,0.5487256252190154,0.16335355465658988,0.3444927473199276
2,ElasticNet,SNPs,-,326910,0.03638429914829152,0.8556711106504368,0.8325851809293324,0.40517426155825,0.9426085943025114,0.3451164387038853,0.08222787315549736,0.09690851913089328
