,Model_Name,feature_represenation,variance_maintained,Dimentionality,r2_summary,RMSE_summary,r2_train,RMSE_train,standard_error_r2,standard_error_RMSE,standard_error_r2_train,standard_error_RMSE_train
0,Ridge,SNPs,-,209593,0.14101794448784521,0.6531372770150007,0.9999992942676735,0.00038347768295890944,1.141312131235425,0.4731442454231561,2.9163035792994773e-06,0.001582557821854656
1,Lasso,SNPs,-,209593,-0.4041458415186436,0.8257216829401717,0.9683324859319632,0.13753812548506594,2.019014858475699,0.6044920419362548,0.0851727545804904,0.20815084285919544
2,ElasticNet,SNPs,-,209593,-0.31279027677430477,0.8472452451301158,0.6162555139314216,0.5721786970830635,1.7663225139086296,0.7967034822427083,0.6559082828940156,0.4366971728350051
