,Model_Name,feature_represenation,variance_maintained,Dimentionality,r2_summary,RMSE_summary,r2_train,RMSE_train,standard_error_r2,standard_error_RMSE,standard_error_r2_train,standard_error_RMSE_train
0,Ridge,SNPs,-,318345,0.07170408593558633,0.8972775190217759,0.8714798120162672,0.3483221849750111,0.5259939658946412,0.27435443281804456,0.11489991615782794,0.16418622381017156
1,Lasso,SNPs,-,318345,0.13931124778371148,0.8812873432601167,0.6473299691433709,0.5453680495873443,0.2572089551060921,0.334641260686621,0.5015694059162925,0.47758189443542126
2,ElasticNet,SNPs,-,318345,0.1478575040990013,0.8833571146381634,0.3531215730060281,0.8001448776888397,0.22135636275107837,0.3842837269325081,0.23978711176110404,0.14764435583259133
