,Model_Name,feature_represenation,variance_maintained,Dimentionality,r2_summary,RMSE_summary,r2_train,RMSE_train,standard_error_r2,standard_error_RMSE,standard_error_r2_train,standard_error_RMSE_train
0,Ridge,SNPs,-,356729,-0.051624500307815846,0.9758820181905747,0.16637250044707835,0.9120185904471516,0.1211004556737786,0.4965901607969839,0.07304903189848701,0.06604498683498486
1,Lasso,SNPs,-,356729,-0.04931847618020417,0.9748494320438331,-4.4408920985006264e-17,0.9992740702979744,0.1410649852628234,0.4983709360268628,2.5542058134358435e-16,0.0658678118783299
2,ElasticNet,SNPs,-,356729,-0.04931847584710103,0.9748494320369725,0.0,0.9992740702979744,0.14106498584712795,0.4983709377560816,0.0,0.0658678118783299
