,Model_Name,feature_represenation,variance_maintained,Dimentionality,r2_summary,RMSE_summary,r2_train,RMSE_train,standard_error_r2,standard_error_RMSE,standard_error_r2_train,standard_error_RMSE_train
0,Ridge,SNPs,-,321020,0.1381274030920844,0.8850846456996762,0.999999999999721,5.269334145856176e-07,0.26469737113356356,0.23085680568734648,7.27519540859339e-14,7.557810753286626e-08
1,Lasso,SNPs,-,321020,0.0002752138353044331,0.9417206244569392,0.8776747130861573,0.2955158916107672,0.6671466225282374,0.2804318868737256,0.23107135317397964,0.3786334980813404
2,ElasticNet,SNPs,-,321020,0.05848218227935494,0.9279097131908711,0.6135544990938921,0.6108636962574686,0.20759998339339067,0.2386334550514244,0.299979503105238,0.25268874085835347
