,Model_Name,feature_represenation,variance_maintained,Dimentionality,r2_summary,RMSE_summary,r2_train,RMSE_train,standard_error_r2,standard_error_RMSE,standard_error_r2_train,standard_error_RMSE_train
0,Ridge,SNPs,-,323224,0.03801566783596162,0.9381533815659358,0.7420743225804299,0.4995615577041499,0.15868896802439547,0.5001508156096289,0.17162225814322465,0.1613084368840904
1,Lasso,SNPs,-,323224,0.01290649624211635,0.9486189499621067,0.3182558856440978,0.8139005679661314,0.20538247101839818,0.49487541809413566,0.4990323361005042,0.31945661782061646
2,ElasticNet,SNPs,-,323224,-0.00035773181136240507,0.9605048687309338,0.1624981672759302,0.9088817594548201,0.061078522926018994,0.5285945736369326,0.33626462106491,0.19120437523504205
