,Model_Name,feature_represenation,variance_maintained,Dimentionality,r2_summary,RMSE_summary,r2_train,RMSE_train,standard_error_r2,standard_error_RMSE,standard_error_r2_train,standard_error_RMSE_train
0,Ridge,SNPs,-,365245,0.8103987679343232,0.4081289055661793,0.9993140553902125,0.008341944186943685,0.22893656633411386,0.2050443108191523,0.004251528712384759,0.05169450974892953
1,Lasso,SNPs,-,365245,0.6876768781592089,0.5271354205104252,0.9885082706298662,0.08096430831147251,0.3604654647140813,0.3744581730617592,0.029917358950360504,0.14745385345222708
2,ElasticNet,SNPs,-,365245,0.7632644220858296,0.46211860488354894,0.9083993486568398,0.29838923215943236,0.20696275437136427,0.17950821120110044,0.06356068866214783,0.10479405989534549
