,Model_Name,feature_represenation,variance_maintained,Dimentionality,r2_summary,RMSE_summary,r2_train,RMSE_train,standard_error_r2,standard_error_RMSE,standard_error_r2_train,standard_error_RMSE_train
0,Ridge,SNPs,-,323224,0.027660486972748245,0.9713122444698714,0.7923511575095558,0.4476381135522443,0.189934797026809,0.2007720278396351,0.16381112463139008,0.1774794175452935
1,Lasso,SNPs,-,323224,-0.013277373499152634,0.9949611821508543,0.003701418632879949,0.997976522605238,0.021387454428973062,0.2311573906075957,0.015300453238880959,0.020958310830376404
2,ElasticNet,SNPs,-,323224,-0.013321793802774018,0.9948629421705446,0.0986926258179599,0.9432799377564784,0.04117223570948217,0.2299104476778393,0.35050243668681913,0.1914095905455839
