,Model_Name,feature_represenation,variance_maintained,Dimentionality,r2_summary,RMSE_summary,r2_train,RMSE_train,standard_error_r2,standard_error_RMSE,standard_error_r2_train,standard_error_RMSE_train
0,Ridge,SNPs,-,320300,-0.2731181887294856,0.9096043649610374,0.797342531532866,0.44045976552666877,1.3981722660632967,0.6052531316592382,0.16004127683607275,0.16165492913918794
1,Lasso,SNPs,-,320300,-0.5470892458266726,0.9810911669047977,0.5407518521621842,0.6212256085585673,1.9678715475180886,0.5826759808786034,0.6872916816442644,0.5774158160052227
2,ElasticNet,SNPs,-,320300,-0.4300902303360609,0.9453275720664742,0.19340375592022727,0.8885295015028163,1.9773816475747439,0.6148749693314243,0.3736163022824791,0.186108909273156
