,Model_Name,feature_represenation,variance_maintained,Dimentionality,r2_summary,RMSE_summary,r2_train,RMSE_train,standard_error_r2,standard_error_RMSE,standard_error_r2_train,standard_error_RMSE_train
0,Ridge,SNPs,-,320428,0.05219871388628602,0.911219476714007,0.9674783753114624,0.15177825504223436,0.413714412517213,0.3231892462811741,0.05663359151430307,0.20013875578890608
1,Lasso,SNPs,-,320428,-0.12718916053365475,0.9957865779648016,0.5303613040787172,0.6174238506912547,0.5113060272488431,0.3824529829928972,0.7994992329957702,0.6147535648926841
2,ElasticNet,SNPs,-,320428,-0.010039443141212589,0.9460225823437061,0.7148555926417663,0.5018213979871551,0.3824431820047025,0.3655232123204054,0.3940128774851291,0.367189607791047
