,Model_Name,feature_represenation,variance_maintained,Dimentionality,r2_summary,RMSE_summary,r2_train,RMSE_train,standard_error_r2,standard_error_RMSE,standard_error_r2_train,standard_error_RMSE_train
0,Ridge,SNPs,-,362663,0.14500502578118313,0.9059446930770054,0.9513208943906521,0.20832226990241787,0.17183115978862953,0.19573256695166746,0.05619079851989563,0.15136488997969075
1,Lasso,SNPs,-,362663,0.10971301216066287,0.9227191129890269,0.534245479781583,0.6661116423123489,0.2845276687896307,0.21837738514655333,0.383085301145446,0.2966436400724874
2,ElasticNet,SNPs,-,362663,0.13136739014710536,0.9172259079965934,0.3998105261273229,0.7727259193994274,0.10781605409109862,0.24754190403729637,0.1656807807318477,0.11163124547926329
