,Model_Name,feature_represenation,variance_maintained,Dimentionality,r2_summary,RMSE_summary,r2_train,RMSE_train,standard_error_r2,standard_error_RMSE,standard_error_r2_train,standard_error_RMSE_train
0,Ridge,SNPs,-,334224,0.5271627843635267,0.5902910622674824,0.9999999999995484,6.611939121897128e-07,0.44283890217994215,0.32164398709928643,3.4714665245966843e-13,2.498825486954396e-07
1,Lasso,SNPs,-,334224,0.2845474802850517,0.7256915441876145,0.9770327257095894,0.0973358421605039,0.8717808373319447,0.4973582806281556,0.06491923492015259,0.22388393238286847
2,ElasticNet,SNPs,-,334224,0.4470882916797698,0.6600642564735878,0.8585458668591457,0.36597533965558077,0.3592295899897008,0.42142124831707983,0.12098700056485161,0.16486903871762754
