,Model_Name,feature_represenation,variance_maintained,Dimentionality,r2_summary,RMSE_summary,r2_train,RMSE_train,standard_error_r2,standard_error_RMSE,standard_error_r2_train,standard_error_RMSE_train
0,Ridge,SNPs,-,325201,0.302991753554216,0.7881477745250798,0.9999999999992268,8.483821907438937e-07,0.454339750275377,0.3134998848722502,8.372993867840519e-13,4.6962983566961765e-07
1,Lasso,SNPs,-,325201,-0.027689235716318438,0.9310545579444509,0.9514799942429479,0.15025032587436543,1.2391957306807286,0.5237520395129466,0.13923848058274788,0.32944450140270726
2,ElasticNet,SNPs,-,325201,0.18548170532509592,0.8636923848831269,0.7152930150003087,0.49830623510747973,0.3398045442530209,0.314430958511846,0.5169910769164057,0.3856016823199878
