,Model_Name,feature_represenation,variance_maintained,Dimentionality,r2_summary,RMSE_summary,r2_train,RMSE_train,standard_error_r2,standard_error_RMSE,standard_error_r2_train,standard_error_RMSE_train
0,Ridge,SNPs,-,323224,0.004834912009992143,0.9319069370765721,0.6201642715574767,0.6130970615552472,0.2328485538008956,0.5983047308472008,0.1605387002747237,0.13929383378007165
1,Lasso,SNPs,-,323224,-0.09436564326918333,0.978576430347898,0.20859360363266602,0.8770546717076098,0.17102913347557944,0.6155479741592503,0.48910096402565784,0.29259873712668977
2,ElasticNet,SNPs,-,323224,-0.025743915166367724,0.9477837048442523,0.17749183120958492,0.9038473116527549,0.1399201890651376,0.6038691790818064,0.32246936941615983,0.22606750680091195
