,Model_Name,feature_represenation,variance_maintained,Dimentionality,r2_summary,RMSE_summary,r2_train,RMSE_train,standard_error_r2,standard_error_RMSE,standard_error_r2_train,standard_error_RMSE_train
0,Ridge,SNPs,-,322088,-0.04379814478046008,0.9914393838597884,0.5163865835013436,0.6659681903739484,0.09347749622818198,0.3707033864775778,0.5516167802900129,0.4326985492115369
1,Lasso,SNPs,-,322088,-0.03370498269304636,0.9863889695141097,0.0048562000112694625,0.9972213923077762,0.07593045610883964,0.36290593930090903,0.013321210613875306,0.0416959720120606
2,ElasticNet,SNPs,-,322088,-0.03636730158364034,0.9875461477592941,0.0,0.9996503491209787,0.07494018291533816,0.36199237627340575,0.0,0.040551523205177326
