,Model_Name,feature_represenation,variance_maintained,Dimentionality,r2_summary,RMSE_summary,r2_train,RMSE_train,standard_error_r2,standard_error_RMSE,standard_error_r2_train,standard_error_RMSE_train
0,Ridge,SNPs,-,322648,0.05212276430869054,0.9346891611361823,0.9688077398854684,0.13858723342907622,0.28740747502720715,0.4473058295863902,0.06363525371397652,0.21904483762498425
1,Lasso,SNPs,-,322648,-0.09853165804770093,1.0038903895187448,0.49063513230803746,0.6991520165762548,0.26952305152838163,0.43677644533247334,0.40303220952899893,0.2909726465523055
2,ElasticNet,SNPs,-,322648,0.016405678907813904,0.9554484813444548,0.14098927696958094,0.9246517431128175,0.1297957420770464,0.44566893953955583,0.23968175848362067,0.14900709872641602
