,Model_Name,feature_represenation,variance_maintained,Dimentionality,r2_summary,RMSE_summary,r2_train,RMSE_train,standard_error_r2,standard_error_RMSE,standard_error_r2_train,standard_error_RMSE_train
0,Ridge,SNPs,-,365384,0.7195285305950535,0.5122634913696563,0.9999999999933613,2.078483375098493e-06,0.18759036013476862,0.20322559026173384,1.621223139988611e-11,3.096640469958226e-06
1,Lasso,SNPs,-,365384,0.6556268635094856,0.5648602298443575,0.9310580271957775,0.2508568238153871,0.2337055315440976,0.19368788192404254,0.08319124043019949,0.1541002595648049
2,ElasticNet,SNPs,-,365384,0.6736902863797724,0.5528060553056734,0.9239527055337241,0.26733701151457184,0.20439799143657014,0.193367380286441,0.06843391293989087,0.1364167733907298
