,Model_Name,feature_represenation,variance_maintained,Dimentionality,r2_summary,RMSE_summary,r2_train,RMSE_train,standard_error_r2,standard_error_RMSE,standard_error_r2_train,standard_error_RMSE_train
0,Ridge,SNPs,-,285419,-0.03635462515954165,0.9691219872584014,0.8726103445700013,0.30972083343142026,0.3725727785408969,0.1846635714835501,0.22204506929153975,0.35588967632186647
1,Lasso,SNPs,-,285419,0.25353898405148206,0.8153611460769808,0.7233381680831756,0.478346075001356,0.6012128303357812,0.3586065319901366,0.3136221494615854,0.43834355418311577
2,ElasticNet,SNPs,-,285419,0.2753620516689837,0.7992109534082124,0.4999726570332751,0.7034707392358177,0.37085262648017553,0.23286351788635973,0.16436224228300644,0.11238571169517199
