,Model_Name,feature_represenation,variance_maintained,Dimentionality,r2_summary,RMSE_summary,r2_train,RMSE_train,standard_error_r2,standard_error_RMSE,standard_error_r2_train,standard_error_RMSE_train
0,Ridge,SNPs,-,358874,0.5566383872938613,0.6538328284964392,0.999399165772693,0.010555731187363918,0.2518412738862643,0.3009973981120823,0.002944719956614858,0.04639034862803986
1,Lasso,SNPs,-,358874,0.4843562151375599,0.7034578673531439,0.8579956763064361,0.3684168177547872,0.2839359788564857,0.2951113420881031,0.11122729521107319,0.1701999682622542
2,ElasticNet,SNPs,-,358874,0.5134686514228068,0.6856830447225646,0.7924404406222458,0.4523022841073537,0.24247414819815127,0.2969344106111719,0.10096767829465941,0.11404632860064132
