,Model_Name,feature_represenation,variance_maintained,Dimentionality,r2_summary,RMSE_summary,r2_train,RMSE_train,standard_error_r2,standard_error_RMSE,standard_error_r2_train,standard_error_RMSE_train
0,Ridge,SNPs,-,318434,0.06846882221839876,0.9356061429765983,0.9114117728505678,0.23604774950580223,0.28721939632906024,0.2038430212767169,0.20053270006024326,0.36613161778673214
1,Lasso,SNPs,-,318434,0.002824623965280504,0.9719495032786831,0.38611943021963435,0.7734553911582102,0.1989086295702237,0.23511443950477165,0.357087532485245,0.26633505192491647
2,ElasticNet,SNPs,-,318434,0.03027818125203401,0.9568017945779964,0.45525842390322147,0.7327562103800784,0.13238734227089766,0.17635837514837058,0.302155350111584,0.20104623334246827
