,Model_Name,feature_represenation,variance_maintained,Dimentionality,r2_summary,RMSE_summary,r2_train,RMSE_train,standard_error_r2,standard_error_RMSE,standard_error_r2_train,standard_error_RMSE_train
0,Ridge,SNPs,-,295534,-0.35410720581739236,1.0077065372768577,0.7992452536705515,0.3238080022770973,1.6005099520404842,0.33379136108827046,0.523570249852116,0.6216346157424126
1,Lasso,SNPs,-,295534,-0.266165843946865,1.0153123066717342,0.08474979747625311,0.9396929683369734,0.8714050356023606,0.44084745213693444,0.5252846868753819,0.38561707819438445
2,ElasticNet,SNPs,-,295534,-0.23081251294427005,0.9958974491682565,0.04785563998922311,0.9722080575951922,0.8563695656797695,0.36541804475581846,0.24273021575235076,0.12201847845956096
