,Model_Name,feature_represenation,variance_maintained,Dimentionality,r2_summary,RMSE_summary,r2_train,RMSE_train,standard_error_r2,standard_error_RMSE,standard_error_r2_train,standard_error_RMSE_train
0,Ridge,SNPs,-,295534,-0.11268195379021322,0.9574542784360045,0.6408424346984475,0.5840443236980034,0.6114712742986211,0.40689479363985226,0.34046978589616206,0.3062462926624567
1,Lasso,SNPs,-,295534,-0.23695897418927928,1.0236138389633473,0.1607499447586029,0.9049926632120964,0.47119278493551203,0.4830715035931352,0.5076894958058601,0.3207654388883309
2,ElasticNet,SNPs,-,295534,-0.1988208993055502,0.9985405046197394,0.11315443505198657,0.9346047200149287,0.5287410897758454,0.41916314166581936,0.3928775208255585,0.23716136859189574
