,Model_Name,feature_represenation,variance_maintained,Dimentionality,r2_summary,RMSE_summary,r2_train,RMSE_train,standard_error_r2,standard_error_RMSE,standard_error_r2_train,standard_error_RMSE_train
0,Ridge,SNPs,-,326012,0.45826202876638694,0.7022524503622165,0.9999999999994332,7.375053877802989e-07,0.2903690527233913,0.36226167205096477,5.897050179035253e-13,3.575866257630339e-07
1,Lasso,SNPs,-,326012,0.3788478152559287,0.7504116293492782,0.944647585898694,0.20784834967448024,0.5724419807548164,0.5459102646701617,0.09274253477120949,0.23531582940522536
2,ElasticNet,SNPs,-,326012,0.435164008794485,0.7176066026712328,0.8662692369981488,0.35967936594236494,0.2656534469547161,0.34851285780364016,0.09805403007547499,0.14631361118426361
