,Model_Name,feature_represenation,variance_maintained,Dimentionality,r2_summary,RMSE_summary,r2_train,RMSE_train,standard_error_r2,standard_error_RMSE,standard_error_r2_train,standard_error_RMSE_train
0,Ridge,SNPs,-,295534,-0.06740709447588913,0.9092501761330315,0.809884460529881,0.41530526699820375,0.6950790489332681,0.46441149027943,0.19211305906800583,0.26161932862848697
1,Lasso,SNPs,-,295534,-0.42340727655422883,1.0310870885696208,0.4254871868283729,0.6594021901646941,1.1423353832834229,0.4177288139040693,0.7717130102712685,0.7344363290039323
2,ElasticNet,SNPs,-,295534,-0.24615759875741045,0.9867756822259591,0.18248861926249368,0.8930577388261094,0.6700213248828379,0.4403886645727759,0.47230654797876603,0.30386064513582967
