,Model_Name,feature_represenation,variance_maintained,Dimentionality,r2_summary,RMSE_summary,r2_train,RMSE_train,standard_error_r2,standard_error_RMSE,standard_error_r2_train,standard_error_RMSE_train
0,Ridge,SNPs,-,344721,0.1193118941413462,0.9024480940424049,0.9427720341154875,0.22446298348204005,0.41058089602270326,0.1473932229418425,0.07868053075034345,0.16466653623980318
1,Lasso,SNPs,-,344721,0.5810251567488827,0.6077296105851343,0.6546369416818014,0.5871846680059146,0.3967154729036339,0.23125562833466812,0.03808216705648576,0.025150740598188278
2,ElasticNet,SNPs,-,344721,0.5549668709818262,0.632708005158511,0.6200584878145249,0.6154744471999758,0.35960108592547774,0.21582837099601013,0.06537582869712692,0.04467237797903042
