,Model_Name,feature_represenation,variance_maintained,Dimentionality,r2_summary,RMSE_summary,r2_train,RMSE_train,standard_error_r2,standard_error_RMSE,standard_error_r2_train,standard_error_RMSE_train
0,Ridge,SNPs,-,326322,0.45588327814341556,0.7069728406505744,0.9999999999994853,7.021266925118365e-07,0.23863690396230425,0.3327964003031187,4.5407201116009565e-13,2.996506034281024e-07
1,Lasso,SNPs,-,326322,0.3926792457956049,0.7457158708028365,0.9476345864246994,0.21627976924816927,0.23694028605907697,0.314366093240054,0.07702354581083591,0.147023928752293
2,ElasticNet,SNPs,-,326322,0.42750250913503257,0.7265479699635613,0.8385090538060596,0.39684367829661277,0.18847156740385743,0.3130622190830712,0.10736640494441221,0.1545177862712447
