,Model_Name,feature_represenation,variance_maintained,Dimentionality,r2_summary,RMSE_summary,r2_train,RMSE_train,standard_error_r2,standard_error_RMSE,standard_error_r2_train,standard_error_RMSE_train
0,Ridge,SNPs,-,358874,0.6110473359148655,0.6138823514108066,0.9946101200741904,0.048368399500640674,0.1894880650227361,0.14083561529133695,0.019670836460652173,0.11358596737620155
1,Lasso,SNPs,-,358874,0.5231233689648408,0.6803663305617929,0.9248869037542315,0.25113499280665336,0.20278525954395465,0.12817208263002333,0.11618850780993285,0.22376876823973868
2,ElasticNet,SNPs,-,358874,0.5726580931649717,0.64461596064373,0.8827317154710597,0.3367247179367614,0.18529588847504086,0.1427877831185684,0.08419549987302032,0.12511984574164797
