,Model_Name,feature_represenation,variance_maintained,Dimentionality,r2_summary,RMSE_summary,r2_train,RMSE_train,standard_error_r2,standard_error_RMSE,standard_error_r2_train,standard_error_RMSE_train
0,Ridge,SNPs,-,312723,-0.012534632399481327,0.9431922732776326,0.975271655628963,0.09534672167952364,0.36799713428261616,0.34311202273308244,0.0684653254888961,0.24840327125386244
1,Lasso,SNPs,-,312723,-0.06326237105129716,0.9771325389455424,0.22775659964092382,0.86625969371028,0.2492802350778417,0.4159656317731797,0.44026751672272757,0.2790663749042484
2,ElasticNet,SNPs,-,312723,-0.0231392411593467,0.959342499029053,0.3093547325643235,0.8205056290398665,0.20483228344132126,0.4137052931764589,0.4185980568723939,0.2709602207709338
