,Model_Name,feature_represenation,variance_maintained,Dimentionality,r2_summary,RMSE_summary,r2_train,RMSE_train,standard_error_r2,standard_error_RMSE,standard_error_r2_train,standard_error_RMSE_train
0,Ridge,SNPs,-,323409,-0.05799599117041454,0.9989164557011522,0.14718298990320602,0.9231655053891576,0.09254635249502154,0.2680234228080075,0.0030190096151158433,0.029551283064248958
1,Lasso,SNPs,-,323409,-0.053367039125223246,0.9967218694750731,0.015502502581441212,0.9914677180572584,0.07619309051171451,0.26533049686874594,0.09608550647638882,0.05089373705191219
2,ElasticNet,SNPs,-,323409,-0.05016365532074778,0.995355158007135,0.0,0.9996581730546842,0.08070384571250694,0.26797139220146504,0.0,0.03185810182641157
