,Model_Name,feature_represenation,variance_maintained,Dimentionality,r2_summary,RMSE_summary,r2_train,RMSE_train,standard_error_r2,standard_error_RMSE,standard_error_r2_train,standard_error_RMSE_train
0,Ridge,SNPs,-,292781,-1.0037089661296386,0.8745117522548687,0.1388476549855424,0.9256366608886193,4.037991508711069,1.0746114116635999,0.0030386752027199287,0.12347970488815521
1,Lasso,SNPs,-,292781,-1.0306441726639262,0.8836055998279004,0.09727454115574999,0.9406001258298519,3.97876188503375,1.078901872453645,0.40449565241141733,0.2687361453885341
2,ElasticNet,SNPs,-,292781,-0.9886019696029076,0.8713387768891333,2.2204460492503132e-17,0.9974701493148128,4.003202226818908,1.072483731069784,9.17497813121378e-17,0.13292980893243161
