,Model_Name,feature_represenation,variance_maintained,Dimentionality,r2_summary,RMSE_summary,r2_train,RMSE_train,standard_error_r2,standard_error_RMSE,standard_error_r2_train,standard_error_RMSE_train
0,Ridge,SNPs,-,327819,0.0627822826381483,0.9268720282895244,0.8249947908228179,0.39640221347606036,0.344976008824558,0.21512527965657935,0.2087074922055423,0.26043006891921844
1,Lasso,SNPs,-,327819,0.11528997158067597,0.9002245531189266,0.6918777414703311,0.554674340331583,0.26958779108134023,0.16847709916065165,0.020918110906636814,0.0073923019829347965
2,ElasticNet,SNPs,-,327819,0.06890860913147559,0.9273757853004225,0.45912941690317893,0.731060358914409,0.2782972814121384,0.23540923404370362,0.2264021978131856,0.15412245349678938
