,Model_Name,feature_represenation,variance_maintained,Dimentionality,r2_summary,RMSE_summary,r2_train,RMSE_train,standard_error_r2,standard_error_RMSE,standard_error_r2_train,standard_error_RMSE_train
0,Ridge,SNPs,-,358874,0.6018721455091605,0.6163759985794662,0.9998024385837515,0.008756090863800053,0.1922059059950664,0.25624306790571955,0.0006587358586433857,0.02308487755870332
1,Lasso,SNPs,-,358874,0.5576536273159547,0.6510383051626658,0.9481410308814983,0.2153210853102874,0.19974815259957562,0.267726081404137,0.07708825684869579,0.15804901274672586
2,ElasticNet,SNPs,-,358874,0.5818423387328913,0.6323685307617226,0.9037082636474739,0.30802824413898217,0.17609181980910174,0.2439906394463572,0.04398030440230998,0.07440578438710184
