,Model_Name,feature_represenation,variance_maintained,Dimentionality,r2_summary,RMSE_summary,r2_train,RMSE_train,standard_error_r2,standard_error_RMSE,standard_error_r2_train,standard_error_RMSE_train
0,Ridge,SNPs,-,331484,-0.040791868269702256,0.974122253002165,0.6519554548616857,0.5764767932353517,0.23913397487406082,0.39505289164104124,0.32673426705301395,0.27206963308370785
1,Lasso,SNPs,-,331484,-0.10204214317840211,0.9991968720073692,0.316170439209329,0.8065701393625384,0.2197636244128217,0.3739010195765043,0.5807484167728465,0.3933251401560987
2,ElasticNet,SNPs,-,331484,-0.08957957876205684,0.9938543988460717,0.0742722955236739,0.959670760709042,0.19674852286278546,0.36638877954688087,0.23048074283494843,0.13322241035854102
