,Model_Name,feature_represenation,variance_maintained,Dimentionality,r2_summary,RMSE_summary,r2_train,RMSE_train,standard_error_r2,standard_error_RMSE,standard_error_r2_train,standard_error_RMSE_train
0,Ridge,SNPs,-,320399,0.3050715111397217,0.5775875230815412,0.9999999999969222,1.6939634439304217e-06,1.3486192917162805,0.44807385670378347,2.8139749633191806e-12,9.949317444425126e-07
1,Lasso,SNPs,-,320399,0.02788818070999711,0.7781281268540193,0.9737771304500291,0.13993518043405426,1.1837699260419863,0.7427386875683402,0.040065573872125296,0.17861180792679873
2,ElasticNet,SNPs,-,320399,0.2390242642323268,0.6650191196869935,0.8446804176024264,0.3737101964740412,1.0964794885400586,0.510138853961643,0.2112723303824904,0.2739799716033719
