,Model_Name,feature_represenation,variance_maintained,Dimentionality,r2_summary,RMSE_summary,r2_train,RMSE_train,standard_error_r2,standard_error_RMSE,standard_error_r2_train,standard_error_RMSE_train
0,Ridge,SNPs,-,332033,0.0423137389795333,0.958089218039,0.8701444341260183,0.3406148420145209,0.1123101785040183,0.1974049490008649,0.18077054506543522,0.22812588393873187
1,Lasso,SNPs,-,332033,-0.036360364843252,0.996356507461008,0.23394709307340783,0.8636911565798683,0.13768899813551447,0.1987278468418252,0.4834334424355802,0.26930793131250086
2,ElasticNet,SNPs,-,332033,0.017952331483952633,0.9691749583779349,0.44651998890533273,0.730765002699574,0.172739253219284,0.19269452796235392,0.42744160474386944,0.28646663411315426
