,Model_Name,feature_represenation,variance_maintained,Dimentionality,r2_summary,RMSE_summary,r2_train,RMSE_train,standard_error_r2,standard_error_RMSE,standard_error_r2_train,standard_error_RMSE_train
0,Ridge,SNPs,-,366297,0.7323915600598716,0.4992142058383484,0.996462216642568,0.02573427256551325,0.2116636747004494,0.2185873928260662,0.016707912816145313,0.11105085407594932
1,Lasso,SNPs,-,366297,0.6871849393631848,0.5412087817568931,0.9416615062994569,0.22923684199954897,0.22880511623900524,0.2167110583029548,0.07656227370976992,0.15284992605740919
2,ElasticNet,SNPs,-,366297,0.6891767875414659,0.5411040034088586,0.8863478664827602,0.3294664556443148,0.2072681298184293,0.20934175628247645,0.09244697906896161,0.14611916323866528
