,Model_Name,feature_represenation,variance_maintained,Dimentionality,r2_summary,RMSE_summary,r2_train,RMSE_train,standard_error_r2,standard_error_RMSE,standard_error_r2_train,standard_error_RMSE_train
0,Ridge,SNPs,-,334561,0.008570820268246704,0.9644909804812234,0.6332244285028836,0.5962332597210593,0.31632086649505065,0.16061218446649367,0.23213761813192718,0.21477495515728612
1,Lasso,SNPs,-,334561,-0.06286635007484004,1.0012641550371502,0.05341034563586462,0.9709931975056085,0.19100586704667047,0.12866466497802886,0.22135398668189707,0.12308263150603785
2,ElasticNet,SNPs,-,334561,-0.0336154985047164,0.986749993663011,0.18218156270557997,0.8995265944586653,0.22810583353359315,0.13672666993550522,0.3167892163242954,0.17397941328765862
