,Model_Name,feature_represenation,variance_maintained,Dimentionality,r2_summary,RMSE_summary,r2_train,RMSE_train,standard_error_r2,standard_error_RMSE,standard_error_r2_train,standard_error_RMSE_train
0,Ridge,SNPs,-,328787,0.1350710556688948,0.9131376270990343,0.9649692368246322,0.14610935282151652,0.23059568312586928,0.20695092161676004,0.10554253249011337,0.24189980708501277
1,Lasso,SNPs,-,328787,0.058495846524791784,0.9525347103688401,0.5418189149914981,0.6766300002809392,0.23311544260378655,0.19904920313588045,0.026738963561488676,0.015998079091023038
2,ElasticNet,SNPs,-,328787,0.08618489501765503,0.9420332574929545,0.5046918668085094,0.6937742424765679,0.10514667875457773,0.21686406416749382,0.3170176073654001,0.23853648983422732
