,Model_Name,feature_represenation,variance_maintained,Dimentionality,r2_summary,RMSE_summary,r2_train,RMSE_train,standard_error_r2,standard_error_RMSE,standard_error_r2_train,standard_error_RMSE_train
0,Ridge,SNPs,-,358874,0.25246513197895226,0.8425935014886194,0.9971251780846588,0.02310023979135248,0.25723373579878683,0.438699402086105,0.01390059057279519,0.09669576854630205
1,Lasso,SNPs,-,358874,0.1473692102803819,0.8958874499289814,0.7861948201266944,0.4345177422636887,0.24418338866299094,0.4312409230967763,0.2996081706346931,0.31005174768943566
2,ElasticNet,SNPs,-,358874,0.1924572116738248,0.8761040485637109,0.6816369997213609,0.5587065688531347,0.15961745132862581,0.4332949338131368,0.16211909824179838,0.17521892217010743
