,Model_Name,feature_represenation,variance_maintained,Dimentionality,r2_summary,RMSE_summary,r2_train,RMSE_train,standard_error_r2,standard_error_RMSE,standard_error_r2_train,standard_error_RMSE_train
0,Ridge,SNPs,-,344721,0.19082521649975992,0.8620520791358949,0.9865508770539895,0.09977070860702715,0.39237836070346255,0.11030632041749222,0.03339021437175069,0.11940193003257482
1,Lasso,SNPs,-,344721,0.7369821394686041,0.459270716984603,0.8601688029732466,0.3736848072358919,0.3845610043067573,0.24616172067356643,0.011461018280229033,0.010432156137792931
2,ElasticNet,SNPs,-,344721,0.7100253052495846,0.4879779372918872,0.7715264833602388,0.47673599306145387,0.3900697585318096,0.22803620573644873,0.06049034299997035,0.06032864182862098
