,Model_Name,feature_represenation,variance_maintained,Dimentionality,r2_summary,RMSE_summary,r2_train,RMSE_train,standard_error_r2,standard_error_RMSE,standard_error_r2_train,standard_error_RMSE_train
0,Ridge,SNPs,-,298680,-0.13636905700424487,0.9497801514247733,0.9149150825285293,0.23178266078708498,0.5351627428710081,0.5511265453271417,0.2222608478067699,0.3522094747900431
1,Lasso,SNPs,-,298680,-0.29361415919555145,1.0082608784691125,0.3348705045201999,0.7623797478791391,0.6791293209108119,0.5711729166585368,0.7564337030960345,0.6409700960426414
2,ElasticNet,SNPs,-,298680,-0.21614640598501927,0.9715014077189423,0.194958052566917,0.8708307248463829,0.7168437310439907,0.5365191864828134,0.6176658362280991,0.4396473969067524
