,Model_Name,feature_represenation,variance_maintained,Dimentionality,r2_summary,RMSE_summary,r2_train,RMSE_train,standard_error_r2,standard_error_RMSE,standard_error_r2_train,standard_error_RMSE_train
0,Ridge,SNPs,-,332128,0.11621964232762882,0.9139233218549715,0.8323182996447226,0.39672857480048923,0.2855584511224642,0.2314929862225529,0.17622300370288413,0.21922300029919897
1,Lasso,SNPs,-,332128,-0.05115029123399125,1.002240804721944,0.21796816062654334,0.8655427065252944,0.19367292181621962,0.2745465419175187,0.575846444425247,0.37820335967262614
2,ElasticNet,SNPs,-,332128,0.0631928899371385,0.9450785999527829,0.5648206006136016,0.6518083869984727,0.19056091663533878,0.25021259422370506,0.2819259450025243,0.2012496009859174
