,Model_Name,feature_represenation,variance_maintained,Dimentionality,r2_summary,RMSE_summary,r2_train,RMSE_train,standard_error_r2,standard_error_RMSE,standard_error_r2_train,standard_error_RMSE_train
0,Ridge,SNPs,-,289681,-0.11186674778485489,0.8974248194075002,0.844198175867382,0.3493494491405018,0.7129880272631826,0.6209439571052795,0.29762005784204876,0.40197403259512915
1,Lasso,SNPs,-,289681,-0.15508995945537532,0.9071190404588141,0.5524958549474777,0.5910786701696091,0.5580015705248546,0.5367212035334378,0.6862699404498107,0.671765780345146
2,ElasticNet,SNPs,-,289681,-0.1028298839964893,0.8945716586214615,0.6472620613398109,0.5872881961942455,0.5655242959592589,0.5836555269954176,0.21159862523957695,0.1876835502731449
