,Model_Name,feature_represenation,variance_maintained,Dimentionality,r2_summary,RMSE_summary,r2_train,RMSE_train,standard_error_r2,standard_error_RMSE,standard_error_r2_train,standard_error_RMSE_train
0,Ridge,SNPs,-,333316,0.6571218361003294,0.5578656395599965,0.9999999999994255,6.657076683051147e-07,0.11370159661038884,0.1963631300514223,1.7234894963747732e-12,7.713692280143716e-07
1,Lasso,SNPs,-,333316,0.501157382654973,0.6600732477795183,0.970134937704651,0.14717368419763074,0.416038647439452,0.2641740344870262,0.04017882528975791,0.1866233296638398
2,ElasticNet,SNPs,-,333316,0.6251037396761584,0.5826938510631074,0.9536612204370981,0.20972198588212088,0.10438874203411971,0.19156240684486,0.03870941819156877,0.08807147429684727
