,Model_Name,feature_represenation,variance_maintained,Dimentionality,r2_summary,RMSE_summary,r2_train,RMSE_train,standard_error_r2,standard_error_RMSE,standard_error_r2_train,standard_error_RMSE_train
0,Ridge,SNPs,-,322088,-0.015269607708438538,0.9857292854349398,0.2197266603549493,0.8822400814533983,0.05396998808131571,0.3926620475929119,0.19169846036991853,0.14325741985109244
1,Lasso,SNPs,-,322088,-0.02633782072547063,0.9910057416815354,0.1005578674113816,0.942723489976562,0.0753841409742278,0.3940314930152949,0.40510953380700804,0.2603226423608538
2,ElasticNet,SNPs,-,322088,-0.019376854560945445,0.987090824929237,0.05006063720051984,0.9742483262032615,0.04017919730767196,0.38445596892307066,0.12722217852101597,0.09781881977569261
