,Model_Name,feature_represenation,variance_maintained,Dimentionality,r2_summary,RMSE_summary,r2_train,RMSE_train,standard_error_r2,standard_error_RMSE,standard_error_r2_train,standard_error_RMSE_train
0,Ridge,SNPs,-,323224,0.06136610220035824,0.94771215612016,0.849693580673708,0.3715483098881927,0.14317340553793395,0.33704993068102906,0.17469573141901049,0.24084350297399257
1,Lasso,SNPs,-,323224,-0.01029652390049519,0.9816821176810253,0.18380199400598898,0.8944103203878986,0.09447494500207376,0.3230152326745257,0.45918474641592977,0.2894416845076317
2,ElasticNet,SNPs,-,323224,-0.0026063786726523764,0.9785298847090997,0.18892958781846825,0.887950667185647,0.09727979824023526,0.33041773598706564,0.49733841763172326,0.3192051475733169
