,Model_Name,feature_represenation,variance_maintained,Dimentionality,r2_summary,RMSE_summary,r2_train,RMSE_train,standard_error_r2,standard_error_RMSE,standard_error_r2_train,standard_error_RMSE_train
0,Ridge,SNPs,-,329555,-0.07011217446202664,0.9929240776939905,0.7367816574979159,0.502178116631442,0.25662478341313966,0.20362805235274684,0.2051982162054609,0.2191879828118675
1,Lasso,SNPs,-,329555,-0.1030185580050675,1.0079142299868016,0.28653028719088625,0.8331984146004671,0.2296851028701827,0.18723350959870577,0.4778616502394692,0.27270215394651304
2,ElasticNet,SNPs,-,329555,-0.09776149566955863,1.0046889309053033,0.08076158435193606,0.9572300598914962,0.2512112357462555,0.17598108028515572,0.19217187177957878,0.1104403207587427
