,Model_Name,feature_represenation,variance_maintained,Dimentionality,r2_summary,RMSE_summary,r2_train,RMSE_train,standard_error_r2,standard_error_RMSE,standard_error_r2_train,standard_error_RMSE_train
0,Ridge,SNPs,-,323224,0.08485034910486655,0.9304142441821109,0.6960083459458966,0.5487823864311843,0.20620035212863605,0.316885388991403,0.0988018077769224,0.10202598872554207
1,Lasso,SNPs,-,323224,-0.0030170851859993688,0.9740111189879369,0.41612316668544413,0.7520555469046251,0.21890285546526186,0.3330950743766639,0.4269968378647168,0.2509196701027262
2,ElasticNet,SNPs,-,323224,0.020690675983929707,0.9657454872017404,0.28917490569874504,0.8351976767786368,0.09487949860535545,0.3471476890248568,0.35615310135674233,0.20761431393134708
