,Model_Name,feature_represenation,variance_maintained,Dimentionality,r2_summary,RMSE_summary,r2_train,RMSE_train,standard_error_r2,standard_error_RMSE,standard_error_r2_train,standard_error_RMSE_train
0,Ridge,SNPs,-,307883,-0.27983037694244184,0.8249756575833439,0.21963581984198746,0.8783740844230136,0.9147894408260301,1.2382554010956421,0.4758543852075485,0.4699635766579573
1,Lasso,SNPs,-,307883,-0.2882828643133898,0.823352278077193,-2.2204460492503132e-17,0.9934028578267614,0.9628614030275432,1.221776056405065,4.3278285288451376e-16,0.23193360247410905
2,ElasticNet,SNPs,-,307883,-0.2882828672049422,0.8233522781808105,0.0,0.9934028578267614,0.9628614250407116,1.2217760568021014,0.0,0.23193360247410913
