,Model_Name,feature_represenation,variance_maintained,Dimentionality,r2_summary,RMSE_summary,r2_train,RMSE_train,standard_error_r2,standard_error_RMSE,standard_error_r2_train,standard_error_RMSE_train
0,Ridge,SNPs,-,322648,0.0649869928684135,0.9444686927324067,0.9999999999739256,4.3409899668807515e-06,0.19260327703590863,0.32510872607689495,6.310371045776964e-11,5.6798207556851084e-06
1,Lasso,SNPs,-,322648,0.0029015899215239505,0.9769515680605897,0.20429230017202368,0.8795286224773434,0.10017366000494103,0.33240659242694526,0.4979122220440217,0.28294225422127506
2,ElasticNet,SNPs,-,322648,-0.002459998923754525,0.9790092977260925,0.3618140110410891,0.7744889255533745,0.12976763148486037,0.3280964081684459,0.5665914687193379,0.38308887238355493
