,Model_Name,feature_represenation,variance_maintained,Dimentionality,r2_summary,RMSE_summary,r2_train,RMSE_train,standard_error_r2,standard_error_RMSE,standard_error_r2_train,standard_error_RMSE_train
0,Ridge,SNPs,-,321020,0.06475962306759299,0.9448567237632839,0.9049393213759847,0.2378364650347787,0.35401964119945434,0.32681508025248734,0.21444438258605295,0.4050294233862119
1,Lasso,SNPs,-,321020,0.02128108130661236,0.9715882158737733,0.2221924802787574,0.87255531326509,0.14425758220688037,0.319066806310549,0.41898625736503614,0.27996587493438796
2,ElasticNet,SNPs,-,321020,0.03997077232589476,0.9611629124843315,0.4637300946765569,0.7223893772360547,0.2151752448338214,0.3228505370495007,0.341455866961524,0.2543308122149134
