,Model_Name,feature_represenation,variance_maintained,Dimentionality,r2_summary,RMSE_summary,r2_train,RMSE_train,standard_error_r2,standard_error_RMSE,standard_error_r2_train,standard_error_RMSE_train
0,Ridge,SNPs,-,326012,0.45747784137679137,0.6855396009038615,0.9999999999988841,9.290767268598098e-07,0.3985235818759241,0.5093572980442447,3.0264368265870372e-12,9.817290317439455e-07
1,Lasso,SNPs,-,326012,0.23011504838992647,0.796304917040943,0.9742900978984655,0.11008893961611267,0.733831001096685,0.509514006762536,0.08192083217623618,0.2307450077907348
2,ElasticNet,SNPs,-,326012,0.4392284664062407,0.7012695091902007,0.8351742544485997,0.40075381132176513,0.3673898311327259,0.5244792532887286,0.09930102871838452,0.12038368087775876
