,Model_Name,feature_represenation,variance_maintained,Dimentionality,r2_summary,RMSE_summary,r2_train,RMSE_train,standard_error_r2,standard_error_RMSE,standard_error_r2_train,standard_error_RMSE_train
0,Ridge,SNPs,-,298680,0.26834319924015176,0.80273496197414,0.9999999999990329,8.757087308258655e-07,0.45817394673767947,0.32631733754470127,2.380311696437691e-12,9.294333067595283e-07
1,Lasso,SNPs,-,298680,-0.3887713159955744,1.048682736902227,0.8759986734000366,0.2304363269188168,1.939704851906926,0.5261295206499792,0.3369843568201085,0.5417799384351356
2,ElasticNet,SNPs,-,298680,0.09578226140518137,0.9077539076837111,0.4212649218084495,0.7410103028586721,0.35985179011687385,0.3825463856890531,0.4845277732893306,0.32193271920558647
