,Model_Name,feature_represenation,variance_maintained,Dimentionality,r2_summary,RMSE_summary,r2_train,RMSE_train,standard_error_r2,standard_error_RMSE,standard_error_r2_train,standard_error_RMSE_train
0,Ridge,SNPs,-,358874,0.5831108902185296,0.6194185457307584,0.9597392438224841,0.17559719168407686,0.27561683827632094,0.23137428572653432,0.07136344491852299,0.19616719628627574
1,Lasso,SNPs,-,358874,0.5527422410360814,0.6407511865310418,0.9158488063004917,0.27782252919869177,0.3064226056308382,0.2447069534422698,0.10186824712921998,0.18198674414879643
2,ElasticNet,SNPs,-,358874,0.550691457847583,0.6491459444245564,0.7169129488608954,0.5263090896467321,0.2728623042787804,0.28493548979902755,0.15470991773984255,0.14717938913760842
