,Model_Name,feature_represenation,variance_maintained,Dimentionality,r2_summary,RMSE_summary,r2_train,RMSE_train,standard_error_r2,standard_error_RMSE,standard_error_r2_train,standard_error_RMSE_train
0,Ridge,SNPs,-,320302,-0.00512256670776925,0.9397289222714287,0.9659122617681413,0.13617003429993899,0.3957439325806784,0.18700469567356506,0.10149944408743862,0.2511083165770445
1,Lasso,SNPs,-,320302,-0.027849826722821113,0.9487220485834871,0.3838928471124973,0.7727844240806423,0.44686533011945956,0.17330104506892632,0.37332076124961977,0.2763455161971456
2,ElasticNet,SNPs,-,320302,-0.023099028820467292,0.9497202473109144,0.569777023962648,0.6505252592295458,0.3537435831255283,0.184338639279979,0.2246084190006815,0.18286359693108278
