,Model_Name,feature_represenation,variance_maintained,Dimentionality,r2_summary,RMSE_summary,r2_train,RMSE_train,standard_error_r2,standard_error_RMSE,standard_error_r2_train,standard_error_RMSE_train
0,Ridge,SNPs,-,323224,0.006505275182609849,0.9771290663649462,0.7659965484236246,0.4706915218723186,0.12110417391205426,0.31417321426335504,0.2199869598723371,0.25490981909803706
1,Lasso,SNPs,-,323224,-0.022641675429739792,0.989661804196745,0.1719191522572633,0.8993188280173336,0.08131690736799438,0.28524984739483705,0.4689730428598844,0.2756765852712438
2,ElasticNet,SNPs,-,323224,0.006686094885829374,0.9754182454616566,0.2063333445507568,0.8885633127048069,0.11578692271179997,0.2872727537267573,0.24420775818362975,0.15569209475467546
