,Model_Name,feature_represenation,variance_maintained,Dimentionality,r2_summary,RMSE_summary,r2_train,RMSE_train,standard_error_r2,standard_error_RMSE,standard_error_r2_train,standard_error_RMSE_train
0,Ridge,SNPs,-,331484,-0.06589626886756521,0.9957931065090484,0.6425196224934973,0.5859491079251671,0.16271098827478403,0.3150728996497555,0.26951841148400996,0.2563814420450075
1,Lasso,SNPs,-,331484,-0.07909999352987711,1.0003307168927698,0.025854809245078526,0.985452856068401,0.17010032011254525,0.2949153194387576,0.16024976793990864,0.08039261417776515
2,ElasticNet,SNPs,-,331484,-0.0633816324945552,0.9943154656186136,0.023355033827959625,0.987577559240329,0.16065667866055539,0.30843248156665204,0.1447559993842017,0.10057357327637612
