,Model_Name,feature_represenation,variance_maintained,Dimentionality,r2_summary,RMSE_summary,r2_train,RMSE_train,standard_error_r2,standard_error_RMSE,standard_error_r2_train,standard_error_RMSE_train
0,Ridge,SNPs,-,358874,0.6701733608433206,0.5653923592340171,0.9998058546955981,0.006197412190090366,0.13275144204252892,0.15669028053080217,0.0008022871031244047,0.025603629107191817
1,Lasso,SNPs,-,358874,0.6112915995230892,0.6134505221512758,0.975616610895503,0.14479642265014933,0.15527114437075634,0.16061576587078888,0.036081890092655264,0.12117025486224298
2,ElasticNet,SNPs,-,358874,0.6424863517858571,0.5890696229372364,0.9279596207230316,0.2634884712268499,0.12445646420480361,0.14886953285765095,0.05409976118833445,0.10476931165942374
