,Model_Name,feature_represenation,variance_maintained,Dimentionality,r2_summary,RMSE_summary,r2_train,RMSE_train,standard_error_r2,standard_error_RMSE,standard_error_r2_train,standard_error_RMSE_train
0,Ridge,SNPs,-,323224,0.05444951495527276,0.9471044611595572,0.8326221727961044,0.3991527762225633,0.16028740543178735,0.2846597926104816,0.15387741083066578,0.19215537401774435
1,Lasso,SNPs,-,323224,0.013644827521387126,0.9680224438328578,0.48982505646140473,0.7074148121016378,0.12907085218156633,0.28868828408352093,0.338928091704397,0.20809034251853853
2,ElasticNet,SNPs,-,323224,0.0389194801912479,0.9578622996271287,0.42698334006225586,0.7538022354139408,0.1019599479750042,0.31283365273572367,0.2009260781320429,0.12475467148080137
