,Model_Name,feature_represenation,variance_maintained,Dimentionality,r2_summary,RMSE_summary,r2_train,RMSE_train,standard_error_r2,standard_error_RMSE,standard_error_r2_train,standard_error_RMSE_train
0,Ridge,SNPs,-,295534,-0.10477275623806237,0.9820354751217268,0.6094290831699692,0.5689603929144312,0.41175452604734175,0.39069630205203054,0.5924667713464873,0.544058629707554
1,Lasso,SNPs,-,295534,-0.2131094591347477,1.0318763074695023,0.2893044229653378,0.7967943812234554,0.38196887512459327,0.4222899249797256,0.7705646957565476,0.5862437267909352
2,ElasticNet,SNPs,-,295534,-0.13040255310825166,0.9940470510103795,0.03628445843705784,0.9790543364428655,0.3521163653557254,0.3765366459798993,0.22489340336055952,0.12861197453039686
