,Model_Name,feature_represenation,variance_maintained,Dimentionality,r2_summary,RMSE_summary,r2_train,RMSE_train,standard_error_r2,standard_error_RMSE,standard_error_r2_train,standard_error_RMSE_train
0,Ridge,SNPs,-,323224,-0.05464993000736608,0.9457514125134494,0.5116156040149834,0.6923160290436658,0.30473645932017657,0.6561360909430217,0.2439210051373547,0.2242990630516485
1,Lasso,SNPs,-,323224,-0.08787659757931547,0.9561523009473496,0.4110277780875246,0.7565331435965793,0.37506652890845965,0.6534195908513774,0.41216641144927224,0.23422824844149925
2,ElasticNet,SNPs,-,323224,-0.06527331853407194,0.9487683927266872,0.19094697097817892,0.8909129348751478,0.2679361559620153,0.6448007306931147,0.5067032737725294,0.3552150274248502
