,Model_Name,feature_represenation,variance_maintained,Dimentionality,r2_summary,RMSE_summary,r2_train,RMSE_train,standard_error_r2,standard_error_RMSE,standard_error_r2_train,standard_error_RMSE_train
0,Ridge,SNPs,-,335641,0.38381107717856516,0.7730596190323407,0.9999872832706983,0.0011379212106181343,0.20225598468811498,0.1881998998564362,7.881910115529622e-05,0.007048238454127824
1,Lasso,SNPs,-,335641,0.3624495598359502,0.7859405286027544,0.9055682508165035,0.26753890272301944,0.19681078883853945,0.1808961092283329,0.1568288190770575,0.3153819713839545
2,ElasticNet,SNPs,-,335641,0.36568892446856416,0.7847507959794926,0.866356082634722,0.3579740133417327,0.1602233876443124,0.16535485652552798,0.11411720650679305,0.15527577944304238
