,Model_Name,feature_represenation,variance_maintained,Dimentionality,r2_summary,RMSE_summary,r2_train,RMSE_train,standard_error_r2,standard_error_RMSE,standard_error_r2_train,standard_error_RMSE_train
0,Ridge,SNPs,-,364890,0.7869221306460461,0.4274048728626109,0.9992659238301355,0.008610487836991724,0.24585498408769083,0.17534191436370344,0.0045498512287226464,0.0533613880710428
1,Lasso,SNPs,-,364890,0.6434267335612867,0.5502455409253348,0.9709398811596477,0.14300978291695118,0.45122597396323,0.3595861889708886,0.039500456564701046,0.19173852789203746
2,ElasticNet,SNPs,-,364890,0.7339032929296719,0.4853834509616072,0.8747640058144488,0.34988958230239126,0.24605517998736906,0.15770754112231425,0.07438439385632953,0.10482150485611634
