,Model_Name,feature_represenation,variance_maintained,Dimentionality,r2_summary,RMSE_summary,r2_train,RMSE_train,standard_error_r2,standard_error_RMSE,standard_error_r2_train,standard_error_RMSE_train
0,Ridge,SNPs,-,322648,0.016953751550153516,0.9566678470200256,0.8029546788228742,0.4353457061777856,0.2648376016766533,0.31539795515615743,0.15546475522590517,0.1725549479096909
1,Lasso,SNPs,-,322648,-0.021107419866067345,0.9827863578191381,0.08748609814425891,0.9515538966743189,0.0767217430026466,0.37320303427042645,0.2867578416093267,0.17515241777030405
2,ElasticNet,SNPs,-,322648,0.01039267242838655,0.9663585895142351,0.23913999183086546,0.8687597024242237,0.10906557452913317,0.3603834432788862,0.23769362437987365,0.1335891343332635
