,Model_Name,feature_represenation,variance_maintained,Dimentionality,r2_summary,RMSE_summary,r2_train,RMSE_train,standard_error_r2,standard_error_RMSE,standard_error_r2_train,standard_error_RMSE_train
0,Ridge,SNPs,-,323409,-0.0946631048263455,0.9236267000408319,0.15062649438566364,0.9202301220267242,0.18864792335144784,0.8524175981920791,0.003048518715708862,0.09679063975260294
1,Lasso,SNPs,-,323409,-0.1123010946752966,0.9278240008693622,0.018914552149385488,0.9886885839476768,0.25827152911033974,0.8426663916973253,0.08888602538060014,0.11183798289868822
2,ElasticNet,SNPs,-,323409,-0.09422262846494275,0.9225620355193653,0.0,0.9984775077475895,0.21223387545680225,0.8488088405408242,0.0,0.10419366601461098
