,Model_Name,feature_represenation,variance_maintained,Dimentionality,r2_summary,RMSE_summary,r2_train,RMSE_train,standard_error_r2,standard_error_RMSE,standard_error_r2_train,standard_error_RMSE_train
0,Ridge,SNPs,-,295534,-0.05440549187821888,0.9553950121980657,0.487826429672148,0.6972738455555016,0.4261506453953225,0.49270240319827097,0.38169034077148384,0.3227288547903024
1,Lasso,SNPs,-,295534,-0.09238846990613284,0.9727680735696179,0.19886008211428885,0.8368586302367808,0.2807732844705994,0.4853536420018859,0.7565237713403655,0.6916900111084807
2,ElasticNet,SNPs,-,295534,-0.08992310619283271,0.9746096050419888,0.09567612587893626,0.9406322030685981,0.20367173140100794,0.4959315908947285,0.45463618724730887,0.3074777159180695
