,Model_Name,feature_represenation,variance_maintained,Dimentionality,r2_summary,RMSE_summary,r2_train,RMSE_train,standard_error_r2,standard_error_RMSE,standard_error_r2_train,standard_error_RMSE_train
0,Ridge,SNPs,-,331484,-0.04195500318200694,0.9426872602773512,0.6765822072797779,0.5550968935826279,0.30878619430680887,0.4556218852132756,0.2687052121124126,0.21376923309495663
1,Lasso,SNPs,-,331484,-0.0743977969734183,0.9637633388557457,0.22115893209395357,0.8388475291519271,0.24686276763240042,0.4790488450336707,0.6899132018907901,0.6073176522310781
2,ElasticNet,SNPs,-,331484,-0.0918260158181308,0.9738299735022522,0.04671830259579379,0.9741611569195001,0.22306864035523014,0.509176919723861,0.15621026514253042,0.08094631209429377
