,Model_Name,feature_represenation,variance_maintained,Dimentionality,r2_summary,RMSE_summary,r2_train,RMSE_train,standard_error_r2,standard_error_RMSE,standard_error_r2_train,standard_error_RMSE_train
0,Ridge,SNPs,-,362165,0.06555370666121799,0.930632073182862,0.5494673355125207,0.6682232489705819,0.2392318599093535,0.3992291896166276,0.1665805000335655,0.14011651855623367
1,Lasso,SNPs,-,362165,-0.03907132421320205,0.9808438432080814,0.37815444355383443,0.7852805448829568,0.20720196556462045,0.40540053317776026,0.251736942688448,0.1565141642207891
2,ElasticNet,SNPs,-,362165,0.034451692736121545,0.9467990414114711,0.2809567040180404,0.8455690877455538,0.1987899177609347,0.4012196914316993,0.20293437418267368,0.12810025317253057
