,Model_Name,feature_represenation,variance_maintained,Dimentionality,r2_summary,RMSE_summary,r2_train,RMSE_train,standard_error_r2,standard_error_RMSE,standard_error_r2_train,standard_error_RMSE_train
0,Ridge,SNPs,-,358874,0.31760362397759523,0.8195830100569793,0.9999379392647141,0.003382297224623683,0.3275837937021153,0.3762417739959404,0.0003095642297742077,0.014920602417353771
1,Lasso,SNPs,-,358874,0.23520771349389663,0.8681375988977234,0.5754602938450296,0.6319944803215819,0.24735490006126837,0.3439451368336014,0.35494630588454357,0.3430656645558052
2,ElasticNet,SNPs,-,358874,0.2643784697726292,0.8514276179577234,0.6773692234486872,0.55641470809276,0.2494788184621175,0.34445877459863095,0.2720179980681159,0.23437482844486154
