,Model_Name,feature_represenation,variance_maintained,Dimentionality,r2_summary,RMSE_summary,r2_train,RMSE_train,standard_error_r2,standard_error_RMSE,standard_error_r2_train,standard_error_RMSE_train
0,Ridge,SNPs,-,327819,0.18435244673240742,0.8766226227891557,0.9513150369989324,0.21488301024860393,0.2641336676266404,0.2615448709367921,0.04183729409737803,0.10139180309505604
1,Lasso,SNPs,-,327819,0.06321443617700759,0.9391506151233477,0.7017573392541896,0.5275775276185368,0.285831139321524,0.2704009344116786,0.3413943533664769,0.3010192849575723
2,ElasticNet,SNPs,-,327819,0.13157620669595893,0.9060127304044164,0.597560652382358,0.6236490746952348,0.24064840709551544,0.26646157111265134,0.28048933203968635,0.22473715872696626
