,Model_Name,feature_represenation,variance_maintained,Dimentionality,r2_summary,RMSE_summary,r2_train,RMSE_train,standard_error_r2,standard_error_RMSE,standard_error_r2_train,standard_error_RMSE_train
0,Ridge,SNPs,-,322648,0.007599041401220474,0.9633616454746161,0.45055763131404764,0.7357369263792662,0.06708810602939191,0.42633577490187,0.26461892019754624,0.18973379759782535
1,Lasso,SNPs,-,322648,-0.03901051672229009,0.9864774086924415,0.10376958903030074,0.9409096843406276,0.06807663498251096,0.44329777835069795,0.39115624240999475,0.24909452100134405
2,ElasticNet,SNPs,-,322648,-0.021165218966465216,0.9772800096936056,0.16576773949757245,0.9046044012547261,0.08616570752032136,0.4343242743850467,0.4102405001410977,0.22467225167398056
