,Model_Name,feature_represenation,variance_maintained,Dimentionality,r2_summary,RMSE_summary,r2_train,RMSE_train,standard_error_r2,standard_error_RMSE,standard_error_r2_train,standard_error_RMSE_train
0,Ridge,SNPs,-,319604,0.4324106201478014,0.658232544744318,0.8754150919490062,0.3364201093720592,0.38390255471093676,0.9733088889928816,0.1412824605289317,0.1823935763382657
1,Lasso,SNPs,-,319604,-0.6614579274106327,0.9144355873005507,0.9182768049639193,0.18253609383744757,4.376812481210867,1.0941130184055297,0.22927006161910823,0.3993958620541346
2,ElasticNet,SNPs,-,319604,0.22980056599491783,0.7365777230982212,0.5835584025681303,0.6299606900643693,0.5037381610489623,0.9235902068496459,0.41475576152935334,0.3807129121059261
