,Model_Name,feature_represenation,variance_maintained,Dimentionality,r2_summary,RMSE_summary,r2_train,RMSE_train,standard_error_r2,standard_error_RMSE,standard_error_r2_train,standard_error_RMSE_train
0,Ridge,SNPs,-,232766,-0.009503727194030942,0.9563315274262087,0.5257000993702671,0.679051979035895,0.3337527913677866,0.3318061836493017,0.3110700313678288,0.24404208518361128
1,Lasso,SNPs,-,232766,-0.06619854683788212,0.9847208785659703,0.3333667296453268,0.7950185987542903,0.2784432106483973,0.3345966249699246,0.5543423159424241,0.36492099751542756
2,ElasticNet,SNPs,-,232766,-0.03670893633115557,0.9797147255342851,0.11328760038439917,0.9380169126332032,0.11328559125482848,0.38750569333587204,0.3143118445522951,0.20024205202664436
