,Model_Name,feature_represenation,variance_maintained,Dimentionality,r2_summary,RMSE_summary,r2_train,RMSE_train,standard_error_r2,standard_error_RMSE,standard_error_r2_train,standard_error_RMSE_train
0,Ridge,SNPs,-,322088,-0.04880869795737789,0.9935827536151166,0.1900641101322882,0.8991994607376494,0.09811178976888518,0.28885440591812883,0.1153805576988294,0.07509821397891406
1,Lasso,SNPs,-,322088,-0.06100277243791027,0.9989798793434568,0.05947825711810589,0.964841965319656,0.1150569776468052,0.28353057968622086,0.31312516055771367,0.17865640397967752
2,ElasticNet,SNPs,-,322088,-0.05078510728534469,0.9948018412050006,-2.2204460492503132e-17,0.9996627267512757,0.11052792097547112,0.2916276855371574,2.470438466922057e-16,0.030888969873087258
