,Model_Name,feature_represenation,variance_maintained,Dimentionality,r2_summary,RMSE_summary,r2_train,RMSE_train,standard_error_r2,standard_error_RMSE,standard_error_r2_train,standard_error_RMSE_train
0,Ridge,SNPs,-,318434,0.11290945456043534,0.9049608513435925,0.970858764536554,0.1040841542774487,0.43281633400711966,0.2689467994873538,0.10297300642317563,0.27861275309039457
1,Lasso,SNPs,-,318434,0.04609961237529632,0.9460525904581263,0.531001366747362,0.6665837967941781,0.25022550026563184,0.2746778517507438,0.43389425500861695,0.32939017878844556
2,ElasticNet,SNPs,-,318434,0.0673114824947681,0.9365567882753356,0.5109654522837924,0.6888556200795589,0.20788059338214168,0.2768673093650715,0.30596500225766465,0.2376323747688421
