,Model_Name,feature_represenation,variance_maintained,Dimentionality,r2_summary,RMSE_summary,r2_train,RMSE_train,standard_error_r2,standard_error_RMSE,standard_error_r2_train,standard_error_RMSE_train
0,Ridge,SNPs,-,295534,-0.00611978351715714,0.9792111184272103,0.3304245970207179,0.8075702643903782,0.2457325460324451,0.24901608473077855,0.4140960164580202,0.2739174603398629
1,Lasso,SNPs,-,295534,-0.06132525682543527,1.003832066795198,0.2281146126315457,0.8618028265583276,0.31270696902519546,0.24368035802525614,0.5655525685256817,0.3333564243261644
2,ElasticNet,SNPs,-,295534,-0.04715957902976257,1.0003930451904783,0.13800629139404597,0.9259839160755522,0.15397932866180838,0.2438578092548647,0.23535107973852595,0.12049034896528985
