,Model_Name,feature_represenation,variance_maintained,Dimentionality,r2_summary,RMSE_summary,r2_train,RMSE_train,standard_error_r2,standard_error_RMSE,standard_error_r2_train,standard_error_RMSE_train
0,Ridge,SNPs,-,364644,0.39515560024024715,0.7452377482368309,0.9984646583128279,0.03200336709142115,0.40641169006128885,0.4032289818440481,0.0026899215351868996,0.046489233147836005
1,Lasso,SNPs,-,364644,0.3579803049048849,0.7745973508146707,0.8573684715010921,0.3701588594607641,0.24828330338562216,0.36403919758372105,0.09472611831386432,0.14317943258273375
2,ElasticNet,SNPs,-,364644,0.3393052724942529,0.7840983228888194,0.7994028404818831,0.43840510641870944,0.30004234230548393,0.3691400033193643,0.1541327717009477,0.18473000859685548
