,Model_Name,feature_represenation,variance_maintained,Dimentionality,r2_summary,RMSE_summary,r2_train,RMSE_train,standard_error_r2,standard_error_RMSE,standard_error_r2_train,standard_error_RMSE_train
0,Ridge,SNPs,-,358874,0.5865222436760437,0.6341964007047549,0.9997623851196902,0.00764331915070482,0.2273335289432945,0.23555922360348228,0.0009415765884388722,0.02748533975162963
1,Lasso,SNPs,-,358874,0.5489156613464145,0.6641638798694711,0.9237573397576468,0.24777955686477035,0.24228467058930592,0.2681065898628254,0.11939101733412534,0.24798041032889237
2,ElasticNet,SNPs,-,358874,0.5486322304315163,0.6645428108057134,0.8454248724790748,0.38738771689549284,0.19935493670735993,0.23091260580680054,0.09923954691038507,0.14180239429975208
