,Model_Name,feature_represenation,variance_maintained,Dimentionality,r2_summary,RMSE_summary,r2_train,RMSE_train,standard_error_r2,standard_error_RMSE,standard_error_r2_train,standard_error_RMSE_train
0,Ridge,SNPs,-,323224,0.029003328319711086,0.8809927388016584,0.6523554658083881,0.583994335220396,0.20771855037013834,0.8902572558557457,0.16965753734125144,0.16271658717645948
1,Lasso,SNPs,-,323224,-0.017226522199724835,0.8913342546070062,0.496824129457625,0.6969549086787036,0.4023962546010486,0.8785443683878543,0.25585024023864816,0.199309338891159
2,ElasticNet,SNPs,-,323224,-0.028735563122603235,0.903655208843567,0.06967135920578058,0.9597180887545509,0.1075839756995352,0.8811430723204587,0.3076799124286589,0.22699686815843398
