,Model_Name,feature_represenation,variance_maintained,Dimentionality,r2_summary,RMSE_summary,r2_train,RMSE_train,standard_error_r2,standard_error_RMSE,standard_error_r2_train,standard_error_RMSE_train
0,Ridge,SNPs,-,358874,0.5659310558680843,0.6464853054227075,0.9978690855070991,0.03172098467953449,0.2049818177539185,0.13086717291082525,0.008029078370179021,0.0698292814334469
1,Lasso,SNPs,-,358874,0.35473069477558,0.7722296622794171,0.9158575400082445,0.23797523475237062,0.6892938259731229,0.34509283023095877,0.1491308793145566,0.34112259350468765
2,ElasticNet,SNPs,-,358874,0.5214497780576948,0.6805395268659561,0.8329337048996047,0.40318092316653387,0.18881018329051757,0.11184344368060753,0.11479943808906307,0.13617830179160623
