,Model_Name,feature_represenation,variance_maintained,Dimentionality,r2_summary,RMSE_summary,r2_train,RMSE_train,standard_error_r2,standard_error_RMSE,standard_error_r2_train,standard_error_RMSE_train
0,Ridge,SNPs,-,358874,0.54140981837726,0.6601436976649417,0.9982755606966701,0.015087436293444776,0.27490432646997986,0.22133348890704801,0.010417161549656488,0.08071313568187645
1,Lasso,SNPs,-,358874,0.4996966759211279,0.6908902850931009,0.9234781735846074,0.2597928159278352,0.24390783828231727,0.19154513839152013,0.11087771342723358,0.20075005144600883
2,ElasticNet,SNPs,-,358874,0.5143943846935244,0.6817164137262712,0.8868004689028092,0.3287242335246296,0.2502918455612158,0.23389753303541946,0.09602776484185177,0.1430755489730434
