,Model_Name,feature_represenation,variance_maintained,Dimentionality,r2_summary,RMSE_summary,r2_train,RMSE_train,standard_error_r2,standard_error_RMSE,standard_error_r2_train,standard_error_RMSE_train
0,Ridge,SNPs,-,358874,0.8266040118952972,0.3907345924398583,0.9999999999955111,1.1740207337455824e-06,0.162739847083991,0.16562734254663472,2.5522126953840562e-11,3.6014923925726685e-06
1,Lasso,SNPs,-,358874,0.7007210234102539,0.5081551201510079,0.9962744368885816,0.05044015153909588,0.3486754454749179,0.3347063056651189,0.008167870585488426,0.07335894413027466
2,ElasticNet,SNPs,-,358874,0.7855055709079225,0.4365185312545535,0.9326240911504713,0.25411128246432385,0.1712936650086162,0.14796017724411617,0.053913088514820136,0.10914877198148903
