,Model_Name,feature_represenation,variance_maintained,Dimentionality,r2_summary,RMSE_summary,r2_train,RMSE_train,standard_error_r2,standard_error_RMSE,standard_error_r2_train,standard_error_RMSE_train
0,Ridge,SNPs,-,358874,0.5869632874063121,0.6349673780078994,0.9984376624204468,0.012732427414816979,0.19973247961309787,0.21782350107359438,0.009679064218713142,0.07715106330827663
1,Lasso,SNPs,-,358874,0.5152192669573288,0.6877331740170637,0.9134084400103291,0.2755620392220493,0.2253518942894698,0.2165232734690531,0.12005238269008224,0.2168899181881158
2,ElasticNet,SNPs,-,358874,0.528591506609211,0.6787799719287531,0.8254921384588679,0.3998464731499109,0.20721757480347267,0.21840393064453134,0.22073084076237015,0.24848770219956923
