,Model_Name,feature_represenation,variance_maintained,Dimentionality,r2_summary,RMSE_summary,r2_train,RMSE_train,standard_error_r2,standard_error_RMSE,standard_error_r2_train,standard_error_RMSE_train
0,Ridge,SNPs,-,323224,0.04817389852993905,0.9516820900138095,0.7228235765283777,0.5209112421715851,0.08853968155995881,0.30912677589888876,0.16837511767290034,0.17798494487473956
1,Lasso,SNPs,-,323224,0.0368054132817458,0.9547181316272462,0.543900033545901,0.6750295264398192,0.14881432397432526,0.28998103041616524,0.02082215163476264,0.01619462970543922
2,ElasticNet,SNPs,-,323224,0.026495983503521957,0.9607513071379338,0.35713633415092116,0.7932106642563589,0.04873344126615732,0.2836346296297499,0.3855673566500083,0.25462180075833796
