,Model_Name,feature_represenation,variance_maintained,Dimentionality,r2_summary,RMSE_summary,r2_train,RMSE_train,standard_error_r2,standard_error_RMSE,standard_error_r2_train,standard_error_RMSE_train
0,Ridge,SNPs,-,323224,-0.009704672585295592,0.9879147888785299,0.8615715498140429,0.3283378207520035,0.16762243821102354,0.25854505336858874,0.2580236556234583,0.35686519017216634
1,Lasso,SNPs,-,323224,-0.009290036487113351,0.9886951229798852,0.11660385107058079,0.9330352873116796,0.07523967643895474,0.2538916469766185,0.40257247250407374,0.2440115912442662
2,ElasticNet,SNPs,-,323224,-0.02120406197382414,0.9949517533222627,0.03619495462917462,0.9803626294441332,0.06195160928106703,0.260675089670196,0.163674858677735,0.0788182228738162
