,Model_Name,feature_represenation,variance_maintained,Dimentionality,r2_summary,RMSE_summary,r2_train,RMSE_train,standard_error_r2,standard_error_RMSE,standard_error_r2_train,standard_error_RMSE_train
0,Ridge,SNPs,-,305132,0.15372933726067117,0.8917278853938476,0.8536276277155852,0.3533942434148733,0.39422809812386533,0.27383189511094075,0.17635644669401154,0.29836804217683727
1,Lasso,SNPs,-,305132,0.1078964167161893,0.9187417342569414,0.49542212143510195,0.7038232365209529,0.29706218141163326,0.24336875052584583,0.30094802669831877,0.19576321029339264
2,ElasticNet,SNPs,-,305132,0.10859617078145008,0.9195605853618629,0.4285839633850822,0.751236012690107,0.23953019137404016,0.23580795658726894,0.2472539789689655,0.16375671888020674
