,Model_Name,feature_represenation,variance_maintained,Dimentionality,r2_summary,RMSE_summary,r2_train,RMSE_train,standard_error_r2,standard_error_RMSE,standard_error_r2_train,standard_error_RMSE_train
0,Ridge,SNPs,-,295428,0.013912297071404211,0.8752407757865194,0.8600606355102127,0.2583342325276755,0.49616786139494473,0.6078960623359434,0.4220689023788182,0.5643770890183225
1,Lasso,SNPs,-,295428,-0.03887498434352401,0.9011209009223231,0.7468971838403807,0.3952161292703684,0.499435882718624,0.6559423188660278,0.6094253510567694,0.6626277450933085
2,ElasticNet,SNPs,-,295428,-0.14307306014705604,0.9345794680221889,0.45888668253076853,0.6971651791787504,0.6166195376193448,0.5985640584212731,0.6964032620272715,0.4800836630844937
