,Model_Name,feature_represenation,variance_maintained,Dimentionality,r2_summary,RMSE_summary,r2_train,RMSE_train,standard_error_r2,standard_error_RMSE,standard_error_r2_train,standard_error_RMSE_train
0,Ridge,SNPs,-,363320,0.02846424064788865,0.9773597698956957,0.6817973267825372,0.5474500565860659,0.1769811772572108,0.1781578952365789,0.3047374660479093,0.2902123403799027
1,Lasso,SNPs,-,363320,-0.010031920118185678,0.9959258669293866,0.2954408457959692,0.8216495837230195,0.15179704125361698,0.150516918905314,0.534845726011059,0.3611551955162215
2,ElasticNet,SNPs,-,363320,-0.015641430024079937,0.9990507084187787,0.07404470919388106,0.9609460312802062,0.04505696423563896,0.12582790781388972,0.18573791885387883,0.09749118714700299
