,Model_Name,feature_represenation,variance_maintained,Dimentionality,r2_summary,RMSE_summary,r2_train,RMSE_train,standard_error_r2,standard_error_RMSE,standard_error_r2_train,standard_error_RMSE_train
0,Ridge,SNPs,-,327819,0.12446714031457293,0.9165603247890288,0.8505504517240587,0.3525342000677619,0.2457582791555675,0.32146782650293304,0.17936058456920353,0.3293126553119402
1,Lasso,SNPs,-,327819,0.09992619762595051,0.9199414917646025,0.80626352423409,0.4087376901513066,0.3170457938031428,0.23053968566007527,0.2584917447713087,0.3281880764806035
2,ElasticNet,SNPs,-,327819,0.10876076422013252,0.9238173797068531,0.5202159561490021,0.6703990185392322,0.1106911016840653,0.2660692688648782,0.462061634172687,0.37523421989081196
