,Model_Name,feature_represenation,variance_maintained,Dimentionality,r2_summary,RMSE_summary,r2_train,RMSE_train,standard_error_r2,standard_error_RMSE,standard_error_r2_train,standard_error_RMSE_train
0,Ridge,SNPs,-,295534,-0.18990660815325605,0.9295828524718869,0.761955036092801,0.4778706071618187,1.0323235362005478,0.5754254865763909,0.18453751982838856,0.18402866513305188
1,Lasso,SNPs,-,295534,0.0013606619026541144,0.8375616005261204,0.5788756867730778,0.642971234530106,1.3452697165777918,0.5942414953263743,0.19125756478507172,0.1799212829862994
2,ElasticNet,SNPs,-,295534,-0.2450274897767692,0.9017957234363606,0.40517586970806924,0.750612543233948,1.5365902122675617,0.3926823726873527,0.5357453115615397,0.35712980402461053
