,Model_Name,feature_represenation,variance_maintained,Dimentionality,r2_summary,RMSE_summary,r2_train,RMSE_train,standard_error_r2,standard_error_RMSE,standard_error_r2_train,standard_error_RMSE_train
0,Ridge,SNPs,-,333041,0.2545987366558136,0.8495213548586883,0.9952739171514127,0.048357643731919114,0.1808446120418353,0.1867796746166957,0.014128109580391629,0.10132174456076917
1,Lasso,SNPs,-,333041,0.1140346981579729,0.9254768186939268,0.8117453038524093,0.379132907016097,0.13750856747079332,0.14599804691008783,0.38687918755431056,0.4298916861439766
2,ElasticNet,SNPs,-,333041,0.2541801493484775,0.8505228825277878,0.8554837428853816,0.37370426957480885,0.15485072592054286,0.18586481765512194,0.11107387300680992,0.15149995209357167
