,Model_Name,feature_represenation,variance_maintained,Dimentionality,r2_summary,RMSE_summary,r2_train,RMSE_train,standard_error_r2,standard_error_RMSE,standard_error_r2_train,standard_error_RMSE_train
0,Ridge,SNPs,-,301691,0.016868074116547394,0.9231981530114789,0.9308297380304863,0.21130771561280814,0.48515096686965165,0.2673420195000449,0.14143595801638237,0.32014599271947236
1,Lasso,SNPs,-,301691,0.14379083261971987,0.853879111142104,0.7743290954122124,0.43692175227058905,0.6437361023941298,0.32665039708154814,0.30895968361012416,0.38980250343868517
2,ElasticNet,SNPs,-,301691,0.1252210096273923,0.8669269956157576,0.5936510940011591,0.6222884265386432,0.5245773345877505,0.2770949452485413,0.33875738147415635,0.27690690943642293
