,Model_Name,feature_represenation,variance_maintained,Dimentionality,r2_summary,RMSE_summary,r2_train,RMSE_train,standard_error_r2,standard_error_RMSE,standard_error_r2_train,standard_error_RMSE_train
0,Ridge,SNPs,-,283783,-0.03507351237361506,0.9441585703040116,0.7958725641113317,0.43429895028781446,0.5497514010441494,0.25516728672779954,0.20241337991483582,0.25533562918197117
1,Lasso,SNPs,-,283783,-0.21441926700237357,0.9893320352802913,0.7914394970449332,0.37930868826340675,1.3547090816499414,0.21605879488991261,0.5813425328379005,0.5220961508044897
2,ElasticNet,SNPs,-,283783,-0.061810872370281766,0.9558182150507235,0.3850261191459675,0.7762279776812376,0.533533875536427,0.20811954771721575,0.34942711496198464,0.21621838365657725
