,Model_Name,feature_represenation,variance_maintained,Dimentionality,r2_summary,RMSE_summary,r2_train,RMSE_train,standard_error_r2,standard_error_RMSE,standard_error_r2_train,standard_error_RMSE_train
0,Ridge,SNPs,-,321020,0.25966874968887443,0.8237213536349384,0.9999999999997595,4.884266935237049e-07,0.24107169348148222,0.23811836720817667,8.319416479742136e-14,8.689088585696913e-08
1,Lasso,SNPs,-,321020,-0.016153777600453813,0.9235799797561198,0.929854476379037,0.19796629533162768,1.4667306891241756,0.5300266956175066,0.1644540831371503,0.3673813065178428
2,ElasticNet,SNPs,-,321020,0.19938146259446624,0.8582237329029758,0.8755533896034611,0.3486018840956976,0.2193092893444313,0.24998052496847117,0.07529403876720438,0.10053687059028822
