,Model_Name,feature_represenation,variance_maintained,Dimentionality,r2_summary,RMSE_summary,r2_train,RMSE_train,standard_error_r2,standard_error_RMSE,standard_error_r2_train,standard_error_RMSE_train
0,Ridge,SNPs,-,358874,0.5026562177979336,0.6935564843208876,0.9999999999972179,1.2451561179887233e-06,0.18509088380808608,0.25534828371261015,1.0815779422863221e-11,2.2556706524204245e-06
1,Lasso,SNPs,-,358874,0.4452595347617177,0.7300916338865644,0.9403164560834697,0.23283909886201692,0.24460930897527958,0.26834665014350156,0.08409833285488919,0.15489127619009702
2,ElasticNet,SNPs,-,358874,0.45101441479527205,0.729730620451214,0.8878347629292084,0.3233215434776671,0.21412748367076548,0.2846727018387182,0.11007565742695025,0.17298707415348394
