,Model_Name,feature_represenation,variance_maintained,Dimentionality,r2_summary,RMSE_summary,r2_train,RMSE_train,standard_error_r2,standard_error_RMSE,standard_error_r2_train,standard_error_RMSE_train
0,Ridge,SNPs,-,363320,-0.015494516658335455,0.9936496245267356,0.3869635033635834,0.7790453382087882,0.16760531724777078,0.1312075592518151,0.23394589069485192,0.1568382142693273
1,Lasso,SNPs,-,363320,-0.040708886963469346,1.006047129695873,0.1062487395883871,0.9425361482237246,0.0908274380612637,0.09752275704474156,0.2690381180335445,0.1431198368761627
2,ElasticNet,SNPs,-,363320,-0.03234687158948848,1.0025598787654726,0.07714273329320338,0.9594106929980035,0.09161819772314128,0.11962098306307066,0.17134240471236065,0.08629657043717762
