,Model_Name,feature_represenation,variance_maintained,Dimentionality,r2_summary,RMSE_summary,r2_train,RMSE_train,standard_error_r2,standard_error_RMSE,standard_error_r2_train,standard_error_RMSE_train
0,Ridge,SNPs,-,365823,0.8251279805395908,0.4028396448529233,0.9997853426271536,0.004575721960501724,0.13076266753153584,0.15576317813769514,0.0013304601029093868,0.02834183008240873
1,Lasso,SNPs,-,365823,0.6020625766392861,0.5791241596630373,0.9928448498112353,0.05244921746277751,0.5766158020230565,0.3432063674968128,0.02540259959609986,0.13773784076346263
2,ElasticNet,SNPs,-,365823,0.7859536159513122,0.4483085718466341,0.9122219005925711,0.2953325290518223,0.15656502397323338,0.1963311615182556,0.025836795232913986,0.04451522625971382
