,Model_Name,feature_represenation,variance_maintained,Dimentionality,r2_summary,RMSE_summary,r2_train,RMSE_train,standard_error_r2,standard_error_RMSE,standard_error_r2_train,standard_error_RMSE_train
0,Ridge,SNPs,-,327183,0.003954945768475204,0.9554437336666891,0.6860824251422484,0.5339822336708853,0.4036975667702788,0.51849894568256,0.3077590927964167,0.3481364160367201
1,Lasso,SNPs,-,327183,-0.05841952760547975,0.9742191129117507,0.3637226093738952,0.7850968192121034,0.2826445522293918,0.42178405170038785,0.37526920480602144,0.26299138024335234
2,ElasticNet,SNPs,-,327183,0.0019529586207402195,0.9519227041551085,0.3514985289653685,0.7950574279712427,0.2728858236653241,0.4611904361664441,0.3999748497171819,0.26473427732018345
