,Model_Name,feature_represenation,variance_maintained,Dimentionality,r2_summary,RMSE_summary,r2_train,RMSE_train,standard_error_r2,standard_error_RMSE,standard_error_r2_train,standard_error_RMSE_train
0,Ridge,SNPs,-,324364,0.14950388801392817,0.573126108731136,0.9999999999994298,7.216179013735556e-07,2.7054064465604664,0.3029745148571457,7.500987242278884e-13,4.7258212122496785e-07
1,Lasso,SNPs,-,324364,-7.499278801280537,0.8675390766775866,0.9993198441486567,0.01183547087072462,47.871877017312414,0.5253596939671651,0.0028104683534553258,0.04872291131766863
2,ElasticNet,SNPs,-,324364,-0.27968128416937077,0.6154903607455401,0.9274117987116783,0.2672862586583013,5.078552183535954,0.30562691460573665,0.03635970509306409,0.06380216963321557
