,Model_Name,feature_represenation,variance_maintained,Dimentionality,r2_summary,RMSE_summary,r2_train,RMSE_train,standard_error_r2,standard_error_RMSE,standard_error_r2_train,standard_error_RMSE_train
0,Ridge,SNPs,-,322648,0.0202291581990236,0.973678243866019,0.7381411972327486,0.5048052373020947,0.1192511770933732,0.25392565953011276,0.17342335049986712,0.17196255060233517
1,Lasso,SNPs,-,322648,-0.028709806677729988,0.9981583254384633,0.054401400632699506,0.9692385363462614,0.06439045967305569,0.26090877697755993,0.2991447330380326,0.18849828023228174
2,ElasticNet,SNPs,-,322648,-0.028359164839368355,0.9971816601576123,0.10993326139944606,0.9390469897357311,0.04272398577914856,0.24267306293901658,0.323617349023701,0.1846232094574525
