,Model_Name,feature_represenation,variance_maintained,Dimentionality,r2_summary,RMSE_summary,r2_train,RMSE_train,standard_error_r2,standard_error_RMSE,standard_error_r2_train,standard_error_RMSE_train
0,Ridge,SNPs,-,331368,0.1470216561834223,0.8852497142534881,0.9871848929061153,0.08380061034160721,0.38296711912907483,0.1905576832782914,0.041808414433311424,0.15250491389566925
1,Lasso,SNPs,-,331368,0.10864918971081321,0.9005423121984862,0.729757645421252,0.46650929047933504,0.46385431505442043,0.16413268010466503,0.3994672708215257,0.4754368774733753
2,ElasticNet,SNPs,-,331368,0.08785850519008782,0.9205937123206043,0.5142616922582763,0.6823868482719286,0.2631909979403789,0.20257127515137047,0.358409556710338,0.2777382930004046
