,Model_Name,feature_represenation,variance_maintained,Dimentionality,r2_summary,RMSE_summary,r2_train,RMSE_train,standard_error_r2,standard_error_RMSE,standard_error_r2_train,standard_error_RMSE_train
0,Ridge,SNPs,-,298680,-0.006425530392828805,0.8745324852813361,0.9969865064927181,0.016643868698035264,0.9017532329542121,0.4349318626295153,0.018646236826074792,0.0984397148228428
1,Lasso,SNPs,-,298680,-0.13758178316985603,0.9293716765742599,0.7248544266442676,0.46465499041908986,0.9936131118013448,0.4462056056207323,0.3971105412418488,0.48257745056266715
2,ElasticNet,SNPs,-,298680,-0.04457154141300873,0.9055205774163205,0.6379095859113619,0.5866701383058308,0.8638933724906137,0.4995046820227296,0.2891638462477184,0.23488707823577212
