,Model_Name,feature_represenation,variance_maintained,Dimentionality,r2_summary,RMSE_summary,r2_train,RMSE_train,standard_error_r2,standard_error_RMSE,standard_error_r2_train,standard_error_RMSE_train
0,Ridge,SNPs,-,358874,0.534398616005362,0.6720221576069184,0.9999905477831447,0.0009541736246268192,0.19077052170732645,0.19802092843805216,5.858539542264719e-05,0.0058988541830256236
1,Lasso,SNPs,-,358874,0.4807468603079843,0.7092218345975113,0.9299037919182227,0.24868332550087552,0.2087092326894456,0.2011741007972301,0.10604319031309206,0.18916416198692287
2,ElasticNet,SNPs,-,358874,0.5041850384470159,0.6945448446277661,0.8969310725104426,0.3138141092790139,0.17772029701486425,0.1989302468919997,0.08531125987824872,0.13488689745200622
