,Model_Name,feature_represenation,variance_maintained,Dimentionality,r2_summary,RMSE_summary,r2_train,RMSE_train,standard_error_r2,standard_error_RMSE,standard_error_r2_train,standard_error_RMSE_train
0,Ridge,SNPs,-,321282,0.3120396765706195,0.7538141429773827,0.9474469823025133,0.19999356099440552,0.4086059646696225,0.6425983759691408,0.08099140451191425,0.2354155705620027
1,Lasso,SNPs,-,321282,0.09708848912809417,0.8585774849091532,0.7982655181530542,0.3510989622177701,0.5529510105009846,0.6787036757728372,0.4612407856451588,0.581942870677454
2,ElasticNet,SNPs,-,321282,0.23931547653132046,0.7920780499988836,0.8050576693041671,0.4295084453578053,0.44406665403221574,0.6680437233713514,0.19211908757679283,0.19863196788597381
