,Model_Name,feature_represenation,variance_maintained,Dimentionality,r2_summary,RMSE_summary,r2_train,RMSE_train,standard_error_r2,standard_error_RMSE,standard_error_r2_train,standard_error_RMSE_train
0,Ridge,SNPs,-,327819,0.08357905157769446,0.9382241249860362,0.9258632531133525,0.2350621176950015,0.2835959297631475,0.2464516959358247,0.12193355165038813,0.27953037348648735
1,Lasso,SNPs,-,327819,0.06148189637075754,0.9499227375693429,0.6305603794369693,0.6013201597831938,0.17823844418144125,0.21099934298007644,0.2659781892086896,0.19242371936065938
2,ElasticNet,SNPs,-,327819,0.04721518612177657,0.9600280103972924,0.36402121741420407,0.7887984286559269,0.11428803890012594,0.24366685132470936,0.35816561924240464,0.2414849829926155
