,Model_Name,feature_represenation,variance_maintained,Dimentionality,r2_summary,RMSE_summary,r2_train,RMSE_train,standard_error_r2,standard_error_RMSE,standard_error_r2_train,standard_error_RMSE_train
0,Ridge,SNPs,-,323224,0.011947319171079551,0.9651568373149335,0.7024334616604291,0.5408395027739289,0.2726086383388122,0.20893041758289668,0.14993907090979275,0.14984092836303398
1,Lasso,SNPs,-,323224,-0.08167718719146244,1.0092978343243284,0.3736586351639712,0.7796581902383647,0.31054352055108725,0.2158522687373398,0.4487759644328164,0.2558461264519319
2,ElasticNet,SNPs,-,323224,-0.02018899204129889,0.9857693069082236,0.16778790039348948,0.9098294363919495,0.12662735279546763,0.24274039939230796,0.21980408108989244,0.1161444071597587
