,Model_Name,feature_represenation,variance_maintained,Dimentionality,r2_summary,RMSE_summary,r2_train,RMSE_train,standard_error_r2,standard_error_RMSE,standard_error_r2_train,standard_error_RMSE_train
0,Ridge,SNPs,-,327819,-0.046972100280883,0.9900009424952457,0.44815973666149256,0.7388978133214104,0.2467185633493971,0.1706175538295531,0.2039213106655114,0.1263524390346928
1,Lasso,SNPs,-,327819,0.014138320671898208,0.9644246701804111,0.3530866310645811,0.7845974802502642,0.199833350340852,0.231679524321346,0.5353490260189336,0.3412999486157328
2,ElasticNet,SNPs,-,327819,-0.06587602396702719,1.0015693505720569,0.06996704392070158,0.962579397098429,0.16939752033984287,0.19938382893315063,0.19605868442972546,0.10187996575786042
