,Model_Name,feature_represenation,variance_maintained,Dimentionality,r2_summary,RMSE_summary,r2_train,RMSE_train,standard_error_r2,standard_error_RMSE,standard_error_r2_train,standard_error_RMSE_train
0,Ridge,SNPs,-,358874,0.48890495433601605,0.6976930244800815,0.9993988622495081,0.010170198685930118,0.309571073949331,0.5649210284771103,0.0028972835070632,0.044303571502122614
1,Lasso,SNPs,-,358874,0.36435013108334363,0.7669959681564609,0.959141143511421,0.1726542081709137,0.28347490398022795,0.5082927335032671,0.10943823950378631,0.22218612819633782
2,ElasticNet,SNPs,-,358874,0.4033922674108264,0.7553172415651027,0.6865479314342192,0.5534290128677808,0.29574450678882974,0.5897348547539097,0.18845910682025777,0.1676206227144218
