,Model_Name,feature_represenation,variance_maintained,Dimentionality,r2_summary,RMSE_summary,r2_train,RMSE_train,standard_error_r2,standard_error_RMSE,standard_error_r2_train,standard_error_RMSE_train
0,Ridge,SNPs,-,327819,0.10163565024960927,0.9302694757747643,0.8849483672096173,0.3195549932661846,0.2257842388053125,0.2405649477701101,0.13207825940086798,0.23184796943623023
1,Lasso,SNPs,-,327819,0.12513181518359928,0.9176851380113916,0.6623459307569972,0.5686285011525356,0.19534995146526443,0.22172244433170882,0.30567564627602334,0.25188113440894205
2,ElasticNet,SNPs,-,327819,0.06570087182450014,0.9510912151107136,0.42673691340624326,0.7449048998889973,0.10960316350160808,0.2408789295582986,0.3731860865621522,0.2797737231797404
