,Model_Name,feature_represenation,variance_maintained,Dimentionality,r2_summary,RMSE_summary,r2_train,RMSE_train,standard_error_r2,standard_error_RMSE,standard_error_r2_train,standard_error_RMSE_train
0,Ridge,SNPs,-,358874,0.4857064095677193,0.6907661045579754,0.9963339352272128,0.027122779550543596,0.40492812044422716,0.23290450384836942,0.01514965494412718,0.11207369649159568
1,Lasso,SNPs,-,358874,0.3578724230458292,0.7624589321070833,0.9512829477881297,0.19129533999501067,0.6396455246598685,0.35825001050328736,0.10291833558142938,0.2267423582693754
2,ElasticNet,SNPs,-,358874,0.42327891624327896,0.739943407922525,0.8409195857341416,0.37328741261702725,0.29263121567372435,0.20580678948539813,0.2206139030291551,0.28924402575966157
