,Model_Name,feature_represenation,variance_maintained,Dimentionality,r2_summary,RMSE_summary,r2_train,RMSE_train,standard_error_r2,standard_error_RMSE,standard_error_r2_train,standard_error_RMSE_train
0,Ridge,SNPs,-,331368,0.21371188280600145,0.8522691067200794,0.9973712526543953,0.022597073561615905,0.24414006134122063,0.23271565943965553,0.014176800573008595,0.09254075479892616
1,Lasso,SNPs,-,331368,0.09088768734090517,0.9148583653312905,0.8468048595394632,0.3181793334154302,0.31145025334672616,0.23865331589870434,0.29044513913288394,0.46248688398059634
2,ElasticNet,SNPs,-,331368,0.13755986104396872,0.893814426713159,0.5702065158593463,0.635363151099854,0.27265109241633734,0.2680462421983249,0.4081221598725811,0.32297882589116433
