,Model_Name,feature_represenation,variance_maintained,Dimentionality,r2_summary,RMSE_summary,r2_train,RMSE_train,standard_error_r2,standard_error_RMSE,standard_error_r2_train,standard_error_RMSE_train
0,Ridge,SNPs,-,323224,-22714523363.264572,0.3767354158906109,0.15317378785001054,0.872498465580185,28828716618.884277,1.9150750718185126,0.0039721245465403916,0.6008681613150066
1,Lasso,SNPs,-,323224,-17944518875.797867,0.3710458048772385,-3.4678550172473345e-06,0.9484872786529945,19099881150.112263,1.9189561987011847,2.1493988081574845e-05,0.6531996038648126
2,ElasticNet,SNPs,-,323224,-17944515908.199615,0.3710458005531792,0.0,0.9484872786521391,19099877600.056316,1.9189562013306773,2.0515874793467993e-16,0.6531996038701141
