,Model_Name,feature_represenation,variance_maintained,Dimentionality,r2_summary,RMSE_summary,r2_train,RMSE_train,standard_error_r2,standard_error_RMSE,standard_error_r2_train,standard_error_RMSE_train
0,Ridge,SNPs,-,320302,0.11767865037492078,0.8713780385642802,0.9999967658608899,0.0005701419031397619,0.40390148545219046,0.32056675098153387,2.0045350661176076e-05,0.0035174182840367312
1,Lasso,SNPs,-,320302,-0.0028174230078203853,0.9327981077786682,0.7699327700537388,0.44790363165149083,0.35964321562205787,0.3370793509079965,0.3413980807851326,0.36564148501234656
2,ElasticNet,SNPs,-,320302,0.07073899048859836,0.9031222638684344,0.6713212169060084,0.5512354896830464,0.25384680192715864,0.3496900661204455,0.37391127657976997,0.32447970468696863
