,Model_Name,feature_represenation,variance_maintained,Dimentionality,r2_summary,RMSE_summary,r2_train,RMSE_train,standard_error_r2,standard_error_RMSE,standard_error_r2_train,standard_error_RMSE_train
0,Ridge,SNPs,-,307883,-0.11148745978278565,0.8985812777926384,0.977861506316547,0.06147413113260352,1.361130439279887,0.3589654126214083,0.11670746465271604,0.2744227179998635
1,Lasso,SNPs,-,307883,-0.2572630474142182,1.0051668944519168,0.6402633014861293,0.5252496397508861,0.9666491377796623,0.4848731340586159,0.5542033841900714,0.6135722687085742
2,ElasticNet,SNPs,-,307883,-0.11602202432079849,0.9498321558729502,0.35038257344411716,0.8004895162613589,0.7533218530809558,0.4179426808642078,0.3055036292145279,0.1808265248046888
