,Model_Name,feature_represenation,variance_maintained,Dimentionality,r2_summary,RMSE_summary,r2_train,RMSE_train,standard_error_r2,standard_error_RMSE,standard_error_r2_train,standard_error_RMSE_train
0,Ridge,SNPs,-,326458,0.122166363417301,0.915580024072669,0.9253185250700504,0.25049893349889935,0.20873247782297863,0.2417338798532024,0.11902478590183146,0.22052612675818392
1,Lasso,SNPs,-,326458,-0.09092204419707904,1.0157531118328813,0.3634475421111694,0.7349461537034341,0.3274566933758613,0.21308630965996037,0.7869158011226315,0.6506562028396138
2,ElasticNet,SNPs,-,326458,0.07589660482972047,0.9408213118674754,0.4816080169843225,0.7149101625757895,0.20694036583696723,0.2634188110445184,0.23808566679616636,0.16476598112140226
