,Model_Name,feature_represenation,variance_maintained,Dimentionality,r2_summary,RMSE_summary,r2_train,RMSE_train,standard_error_r2,standard_error_RMSE,standard_error_r2_train,standard_error_RMSE_train
0,Ridge,SNPs,-,305506,-0.01086080860353784,0.9566269411737363,0.6080653985482315,0.6148609420576887,0.13338420480443228,0.5136997480752162,0.26706340753505237,0.20482145203907767
1,Lasso,SNPs,-,305506,-0.02095786253121711,0.9656383603323321,0.19316595555256882,0.8812650282020625,0.0912867730554328,0.5408189638717029,0.5830354510629363,0.4067536722153349
2,ElasticNet,SNPs,-,305506,-0.02495628580663025,0.9660777217826181,0.0,0.9993839550547897,0.06398536525820084,0.5282563764630399,0.0,0.065828967531688
