,Model_Name,feature_represenation,variance_maintained,Dimentionality,r2_summary,RMSE_summary,r2_train,RMSE_train,standard_error_r2,standard_error_RMSE,standard_error_r2_train,standard_error_RMSE_train
0,Ridge,SNPs,-,367285,0.7647032285596115,0.4405085689334714,0.9999999999567245,5.543011805883597e-06,0.22013932238589992,0.19347111874949582,1.0923608923776615e-10,7.616501948732975e-06
1,Lasso,SNPs,-,367285,0.3252408032212854,0.7025881912944738,0.9887756237240439,0.06511936808588954,0.951598640200348,0.31633538071606077,0.03367236243145794,0.17458795674210023
2,ElasticNet,SNPs,-,367285,0.7150636305804531,0.49497882975113555,0.8926866994647266,0.32074505340945014,0.20858038307674032,0.21127301599380144,0.09761896531208185,0.13525960137226195
