,Model_Name,feature_represenation,variance_maintained,Dimentionality,r2_summary,RMSE_summary,r2_train,RMSE_train,standard_error_r2,standard_error_RMSE,standard_error_r2_train,standard_error_RMSE_train
0,Ridge,SNPs,-,320428,-4.002955745314898,0.8203117714708352,0.37655162665360287,0.7775377636850757,19.840411148780753,1.2096491355365586,0.27899439436963064,0.16878378217517379
1,Lasso,SNPs,-,320428,-3.5544862043760843,0.8128495250013574,0.08944860065893859,0.947681671120076,19.240475653655515,1.2307608203344393,0.1489777159300315,0.13297740815687806
2,ElasticNet,SNPs,-,320428,-3.0224472114619116,0.8128482525532796,3.3306690738754695e-17,0.9961563245253168,15.932833732391064,1.2322859836712654,1.468713121247282e-16,0.17401788018390368
