,Model_Name,feature_represenation,variance_maintained,Dimentionality,r2_summary,RMSE_summary,r2_train,RMSE_train,standard_error_r2,standard_error_RMSE,standard_error_r2_train,standard_error_RMSE_train
0,Ridge,SNPs,-,331484,-0.06063704372419051,0.9830618595991374,0.4243535115214077,0.7515422467414938,0.18707949917519412,0.38763934082909884,0.2952630289403725,0.18864749164822886
1,Lasso,SNPs,-,331484,-0.078867906159058,0.9915581007508656,0.020022948730850608,0.9889215229477872,0.14024927571440451,0.3809408171541462,0.12410352198604105,0.08530695806904331
2,ElasticNet,SNPs,-,331484,-0.07545088528847169,0.9898300910556906,0.0,0.9993647896005021,0.13723799805481332,0.37846086977006116,0.0,0.04554482873651496
