,Model_Name,feature_represenation,variance_maintained,Dimentionality,r2_summary,RMSE_summary,r2_train,RMSE_train,standard_error_r2,standard_error_RMSE,standard_error_r2_train,standard_error_RMSE_train
0,Ridge,SNPs,-,335382,-0.0502816641585543,0.9946730011866597,0.15184388217576983,0.920705881223418,0.19396869204564124,0.2986469314340304,0.007930335856507986,0.030164943659106696
1,Lasso,SNPs,-,335382,-0.05603573239441946,0.9980650127273551,0.023757633095071073,0.9868825759458139,0.16130636358686443,0.29818535158832765,0.14725133549423947,0.07695711306209198
2,ElasticNet,SNPs,-,335382,-0.0480944816274532,0.9948353130609351,0.022858258718781777,0.9874029955913701,0.14602539800935274,0.3020731540484106,0.1416769553576355,0.07402636347798432
