,Model_Name,feature_represenation,variance_maintained,Dimentionality,r2_summary,RMSE_summary,r2_train,RMSE_train,standard_error_r2,standard_error_RMSE,standard_error_r2_train,standard_error_RMSE_train
0,Ridge,SNPs,-,358874,0.7204173475422623,0.5194152223899134,0.9999999999980276,1.082508684201476e-06,0.15354928939423174,0.21548765511745707,8.246801744236751e-12,1.8769169766183139e-06
1,Lasso,SNPs,-,358874,0.6562340311647177,0.5728716238285879,0.9686742796717186,0.1694729979660436,0.17985780921410463,0.19157673829494037,0.035160036800750305,0.1015251737616885
2,ElasticNet,SNPs,-,358874,0.6965551714624072,0.5407637861399492,0.9178494513302577,0.2820178702264046,0.16080489248328608,0.21401205592051173,0.05939052699451939,0.11061377980092015
