,Model_Name,feature_represenation,variance_maintained,Dimentionality,r2_summary,RMSE_summary,r2_train,RMSE_train,standard_error_r2,standard_error_RMSE,standard_error_r2_train,standard_error_RMSE_train
0,Ridge,SNPs,-,364644,0.4624313563233271,0.7106090891668706,0.9986019265069925,0.024186129076753358,0.3823497898008729,0.2812550816694066,0.0051780142217859315,0.05809928926609163
1,Lasso,SNPs,-,364644,0.3893504125909557,0.761536460663789,0.9060313978396244,0.2949111358613949,0.3248817030732199,0.2475824577112171,0.10827140191922424,0.17492966351019607
2,ElasticNet,SNPs,-,364644,0.42165682427591505,0.7419137992957902,0.8613369907507118,0.3664433116245681,0.2853926539842083,0.24020107871301863,0.1030008739231842,0.14024060982455827
