,Model_Name,feature_represenation,variance_maintained,Dimentionality,r2_summary,RMSE_summary,r2_train,RMSE_train,standard_error_r2,standard_error_RMSE,standard_error_r2_train,standard_error_RMSE_train
0,Ridge,SNPs,-,327819,-0.011555125283520939,0.9051699408676814,0.47562563965927235,0.7222865596253534,0.2145329199960585,0.8258395100460187,0.12439261068992774,0.1247325247365197
1,Lasso,SNPs,-,327819,-0.06093378846535248,0.9262924541203496,0.18326514163253674,0.8969938735451697,0.16750769994054054,0.8399405263486776,0.42207738509446624,0.30854310848249356
2,ElasticNet,SNPs,-,327819,-0.05545776147948502,0.9204111322936199,0.005213926931383917,0.9962857573697306,0.17911794340612552,0.823677987261899,0.023602824029476166,0.09644513675796802
