,Model_Name,feature_represenation,variance_maintained,Dimentionality,r2_summary,RMSE_summary,r2_train,RMSE_train,standard_error_r2,standard_error_RMSE,standard_error_r2_train,standard_error_RMSE_train
0,Ridge,SNPs,-,327069,0.5531686894200101,0.6147977106985258,0.9999998080892791,0.00013823767565635442,0.4360779074049388,0.33640684870346954,1.1894682916938787e-06,0.0008512331247129901
1,Lasso,SNPs,-,327069,0.36886328866517176,0.7259551778242557,0.9817639746931379,0.1141902107020351,0.7210635507526663,0.5063320125242532,0.036115461901343515,0.15327596924022577
2,ElasticNet,SNPs,-,327069,0.44377044011202327,0.7060384503857673,0.841308081643163,0.382989036282709,0.28310046610611206,0.31177149502463464,0.1748825793488605,0.2127551409691463
