,Model_Name,feature_represenation,variance_maintained,Dimentionality,r2_summary,RMSE_summary,r2_train,RMSE_train,standard_error_r2,standard_error_RMSE,standard_error_r2_train,standard_error_RMSE_train
0,Ridge,SNPs,-,323409,-0.03269194115237389,0.9817109896641922,0.1484218378298441,0.9223843022231308,0.07341258986118707,0.44662806811079836,0.004584247775162028,0.04834440208700013
1,Lasso,SNPs,-,323409,-0.03702446465613296,0.9828070710750701,0.04202969933222543,0.9776640521505571,0.07100961772417323,0.4390630600640187,0.1329546384055286,0.08291938632882613
2,ElasticNet,SNPs,-,323409,-0.02863116659765743,0.9788491119628777,-8.881784197001253e-17,0.9995226817325806,0.06837814731483462,0.43914277112990613,3.042995992095228e-16,0.05092470154765147
