,Model_Name,feature_represenation,variance_maintained,Dimentionality,r2_summary,RMSE_summary,r2_train,RMSE_train,standard_error_r2,standard_error_RMSE,standard_error_r2_train,standard_error_RMSE_train
0,Ridge,SNPs,-,358874,0.32331140697945676,0.8007865850117,0.9971491272354757,0.027884812900036943,0.26774514077905137,0.457992008893995,0.012512623808993477,0.09063760164101772
1,Lasso,SNPs,-,358874,0.324743279741046,0.7991241981149146,0.793163432495926,0.454257155918265,0.1665313502159062,0.4150422304815896,0.019850985342163553,0.009227735997923444
2,ElasticNet,SNPs,-,358874,0.2840144920126845,0.8262058706196378,0.6660266490921455,0.5702188817642704,0.19070926454023926,0.4620215538148555,0.22934521585394266,0.22266614917560978
