,Model_Name,feature_represenation,variance_maintained,Dimentionality,r2_summary,RMSE_summary,r2_train,RMSE_train,standard_error_r2,standard_error_RMSE,standard_error_r2_train,standard_error_RMSE_train
0,Ridge,SNPs,-,312695,0.29124229811008906,0.797265059443631,0.9999999999990266,9.363106121122205e-07,0.4176823410682323,0.3126011585612843,1.653702685716937e-12,6.282037406413928e-07
1,Lasso,SNPs,-,312695,0.02117903768725208,0.909997312665039,0.9830180582518876,0.07582672595079747,1.2710665723474213,0.579031422482915,0.08248227032866375,0.21392295107419554
2,ElasticNet,SNPs,-,312695,0.23167955730470963,0.8369980366826515,0.8134648731409935,0.4062138825952131,0.2702491164546756,0.2242674158183296,0.239565192645194,0.3103195433878156
