,Model_Name,feature_represenation,variance_maintained,Dimentionality,r2_summary,RMSE_summary,r2_train,RMSE_train,standard_error_r2,standard_error_RMSE,standard_error_r2_train,standard_error_RMSE_train
0,Ridge,SNPs,-,322648,0.09998993240443325,0.9374698018999931,0.9003110889806386,0.30830764652483356,0.0780171641197831,0.22016250505997334,0.09499202733217228,0.14103106404661683
1,Lasso,SNPs,-,322648,0.046305323003780166,0.9664235879651839,0.44786153995613004,0.7106697477165852,0.13131773820534082,0.25777494799924294,0.6340577952601896,0.43882039158854313
2,ElasticNet,SNPs,-,322648,0.08489328341738338,0.9452684823487105,0.5629583020244675,0.6569395924103324,0.09416598412947534,0.2218705765293835,0.18809927774130572,0.1529833397097162
