,Model_Name,feature_represenation,variance_maintained,Dimentionality,r2_summary,RMSE_summary,r2_train,RMSE_train,standard_error_r2,standard_error_RMSE,standard_error_r2_train,standard_error_RMSE_train
0,Ridge,SNPs,-,358874,0.8127249362395775,0.4180072259330354,0.9999999999988594,7.982809157152907e-07,0.17466284006690824,0.20818678436622254,4.937620687383271e-12,1.4794766388657748e-06
1,Lasso,SNPs,-,358874,0.25065639080584645,0.8340014409328761,0.999999999643323,1.8863449866756828e-05,0.5620076727466856,0.23087413384462271,6.052991638961906e-11,1.4485477515340245e-06
2,ElasticNet,SNPs,-,358874,0.785395008057866,0.4495867462636846,0.9650793604303469,0.18291813404763319,0.17850099394986535,0.21487721604457247,0.027071744171795295,0.0745996442837136
