,Model_Name,feature_represenation,variance_maintained,Dimentionality,r2_summary,RMSE_summary,r2_train,RMSE_train,standard_error_r2,standard_error_RMSE,standard_error_r2_train,standard_error_RMSE_train
0,Ridge,SNPs,-,322648,0.03836735856574301,0.9524508372404284,0.8603071518886126,0.351595770978357,0.24084163793698612,0.2485319010850574,0.17616773962904023,0.26261283163158583
1,Lasso,SNPs,-,322648,-0.0694592288614555,1.004695577195341,0.3574320196761772,0.7769126996674833,0.1359921244206259,0.22376457518378134,0.6150574761626002,0.4096824792861489
2,ElasticNet,SNPs,-,322648,0.007295443550735503,0.9671703215531956,0.4409711029111328,0.7439467418256996,0.17445045721649077,0.21227043778527008,0.25108324234147106,0.1664164208658332
