,Model_Name,feature_represenation,variance_maintained,Dimentionality,r2_summary,RMSE_summary,r2_train,RMSE_train,standard_error_r2,standard_error_RMSE,standard_error_r2_train,standard_error_RMSE_train
0,Ridge,SNPs,-,358874,0.7287552218486029,0.5109715171125768,0.9999999999983409,9.309196011437178e-07,0.139309156472672,0.16346699122804842,7.74055946001066e-12,1.833642641378346e-06
1,Lasso,SNPs,-,358874,0.5719964307997668,0.6261907458812569,0.9881338365550576,0.07355672550631903,0.43608522281446854,0.3136983893755023,0.03558770963925961,0.16740917583391354
2,ElasticNet,SNPs,-,358874,0.6860623742656625,0.5498209979379408,0.9204450220664322,0.27131305353297086,0.13012477056924235,0.13133290569685718,0.08561256162136774,0.16312248717422387
