,Model_Name,feature_represenation,variance_maintained,Dimentionality,r2_summary,RMSE_summary,r2_train,RMSE_train,standard_error_r2,standard_error_RMSE,standard_error_r2_train,standard_error_RMSE_train
0,Ridge,SNPs,-,228902,-0.03631453246115844,0.9768774246745034,0.5860427193396516,0.6297953069387978,0.3657960996324184,0.3321772484037775,0.3087166783368819,0.2436023067931023
1,Lasso,SNPs,-,228902,-0.09374734618037657,1.0078760376177562,0.179699878189836,0.8901677069772467,0.20104687344589345,0.3322134582224272,0.5200322182046792,0.3443482274775354
2,ElasticNet,SNPs,-,228902,-0.051281387300629255,0.9885517410573521,0.09515765640393933,0.9464750892061516,0.1248145171049081,0.31100756658246326,0.33401415947698454,0.20823532405645945
