,Model_Name,feature_represenation,variance_maintained,Dimentionality,r2_summary,RMSE_summary,r2_train,RMSE_train,standard_error_r2,standard_error_RMSE,standard_error_r2_train,standard_error_RMSE_train
0,Ridge,SNPs,-,298680,-0.28380961107194685,0.9566179684895273,0.8933920225698414,0.28455467227085157,0.9681193168475626,0.4421065233000441,0.21867103645589006,0.3452509775359952
1,Lasso,SNPs,-,298680,-0.4514707860678311,1.012301354899825,0.3090331044755718,0.798489665225869,1.1583952393148178,0.4204583339893081,0.6637132295288992,0.415739662925289
2,ElasticNet,SNPs,-,298680,-0.3720239042175295,0.9948254569377819,0.06206503987755384,0.9642819149336381,1.006198289558703,0.46055685833928395,0.2629294943337967,0.14579514157267645
