,Model_Name,feature_represenation,variance_maintained,Dimentionality,r2_summary,RMSE_summary,r2_train,RMSE_train,standard_error_r2,standard_error_RMSE,standard_error_r2_train,standard_error_RMSE_train
0,Ridge,SNPs,-,363320,-0.0033326641391560495,0.9752601953043983,0.3351263803323993,0.8083128936247788,0.22321934475358268,0.22431036676015448,0.3123544446540384,0.19660321144484227
1,Lasso,SNPs,-,363320,-0.04480541215580365,0.9974237870899929,0.00044726787811274484,0.999468614972419,0.09144130790425274,0.23089350271333142,0.0018813274308737363,0.025247676028775392
2,ElasticNet,SNPs,-,363320,-0.021345428599538686,0.9857159953828395,0.21638555362845496,0.880892798075924,0.14118967127360757,0.2311822828436533,0.2934481723427438,0.1621031498689866
