,Model_Name,feature_represenation,variance_maintained,Dimentionality,r2_summary,RMSE_summary,r2_train,RMSE_train,standard_error_r2,standard_error_RMSE,standard_error_r2_train,standard_error_RMSE_train
0,Ridge,SNPs,-,327819,0.11903648369993261,0.9005906361416035,0.91899697322875,0.2740912505992448,0.3601849049918462,0.3772534866649087,0.0919369789488203,0.1587564720723971
1,Lasso,SNPs,-,327819,-0.004122059156856173,0.9567058404077793,0.7712504089651498,0.4600756574171102,0.36403258920407927,0.3320901169238286,0.22477827018955646,0.24726963303156585
2,ElasticNet,SNPs,-,327819,0.0953352669891381,0.9141513989635833,0.5738669463665523,0.6488650608284,0.33017650289153233,0.38450149523833765,0.16699143535812358,0.13188263473499473
