,Model_Name,feature_represenation,variance_maintained,Dimentionality,r2_summary,RMSE_summary,r2_train,RMSE_train,standard_error_r2,standard_error_RMSE,standard_error_r2_train,standard_error_RMSE_train
0,Ridge,SNPs,-,331368,0.12501041926731848,0.9005700904288412,0.7162071190657748,0.5259191179224191,0.16720415202988032,0.5178213383399982,0.1735194840497207,0.21466508416902214
1,Lasso,SNPs,-,331368,0.019082155064477503,0.9507638902741923,0.7039389117348942,0.4761619082898904,0.17540538923829033,0.5103198012407745,0.4741134880796159,0.562217420434732
2,ElasticNet,SNPs,-,331368,0.0649025734503828,0.9285583654948016,0.38857096091216997,0.7757648736669783,0.10394122643054068,0.490769044138709,0.32744625934981475,0.21994869907301012
