,Model_Name,feature_represenation,variance_maintained,Dimentionality,r2_summary,RMSE_summary,r2_train,RMSE_train,standard_error_r2,standard_error_RMSE,standard_error_r2_train,standard_error_RMSE_train
0,Ridge,SNPs,-,358874,0.584710517245545,0.6280782028032134,0.9999999999958935,1.573499447173998e-06,0.24850047635456982,0.19654013535042186,1.3253216601304057e-11,2.6549716885875827e-06
1,Lasso,SNPs,-,358874,0.4832382808965927,0.698906119268698,0.9215719033436137,0.2523529745413007,0.3425270224449785,0.2250174520454139,0.12121727319339064,0.2558689601700671
2,ElasticNet,SNPs,-,358874,0.5284832887407089,0.6707256622793998,0.8065760157222792,0.4342714010885268,0.2557984820464573,0.18692570327719404,0.12634437866996692,0.1538630527924862
