,Model_Name,feature_represenation,variance_maintained,Dimentionality,r2_summary,RMSE_summary,r2_train,RMSE_train,standard_error_r2,standard_error_RMSE,standard_error_r2_train,standard_error_RMSE_train
0,Ridge,SNPs,-,278454,0.00710343483860959,0.7365888032247161,0.9977992218903139,0.014702378454483106,1.715578810714969,0.45393270207780806,0.013640564036207847,0.0911199154400991
1,Lasso,SNPs,-,278454,-2.3499542575306505,1.0123964642282932,0.9833108938289554,0.06689081826441284,11.408689479952042,0.7048230060536461,0.07489111507551123,0.21646601869855164
2,ElasticNet,SNPs,-,278454,-0.18339622074415707,0.7941836068077252,0.8691715516123257,0.3510922496943783,2.388826984287749,0.44784817540452615,0.1317379860710688,0.17131094890093837
