,Model_Name,feature_represenation,variance_maintained,Dimentionality,r2_summary,RMSE_summary,r2_train,RMSE_train,standard_error_r2,standard_error_RMSE,standard_error_r2_train,standard_error_RMSE_train
0,Ridge,SNPs,-,358874,0.6390269343738143,0.5910684545380471,0.9999999999971881,1.1717001457503057e-06,0.16719308856758214,0.1370750681567051,1.3520022970399978e-11,2.4800072284222687e-06
1,Lasso,SNPs,-,358874,0.3972168614273918,0.7442319218212795,0.965314170117076,0.13552824651877463,0.6528671579171208,0.3890621317186313,0.09401573608029301,0.2634990555581303
2,ElasticNet,SNPs,-,358874,0.6110096867299543,0.6142720157466087,0.8827097222432141,0.3298255500576673,0.16936252919677022,0.1377371447385032,0.13925000205666735,0.19013158215243525
