,Model_Name,feature_represenation,variance_maintained,Dimentionality,r2_summary,RMSE_summary,r2_train,RMSE_train,standard_error_r2,standard_error_RMSE,standard_error_r2_train,standard_error_RMSE_train
0,Ridge,SNPs,-,358874,0.7246450047724573,0.5033713144163888,0.9999999999987481,9.912569759223476e-07,0.34744879182556665,0.5822523949695513,2.7889978381174054e-12,1.1178292912251464e-06
1,Lasso,SNPs,-,358874,0.3697601565800184,0.7396517759599983,0.9946357061942959,0.021765274331610514,0.41726235729760225,0.4396290398316267,0.033240999765509795,0.1310414712977963
2,ElasticNet,SNPs,-,358874,0.6614643462894607,0.5583683419916838,0.8578745854715648,0.3752345046458302,0.34856753127069,0.5595605663943483,0.06407872142180367,0.09354304451907725
