,Model_Name,feature_represenation,variance_maintained,Dimentionality,r2_summary,RMSE_summary,r2_train,RMSE_train,standard_error_r2,standard_error_RMSE,standard_error_r2_train,standard_error_RMSE_train
0,Ridge,SNPs,-,333313,-0.029221565444000397,0.9861241618142907,0.1698043367929103,0.9108687812748045,0.14063992937758757,0.30861319145456345,0.006461601539010984,0.030949309975265484
1,Lasso,SNPs,-,333313,-0.06272446278236388,0.998796431477598,0.031014157705852807,0.9823174583674027,0.19090107013450336,0.28232307329949535,0.19222774100182843,0.09440290956863141
2,ElasticNet,SNPs,-,333313,-0.034528411745914735,0.9880892352757168,0.14814430452186814,0.914545603391435,0.17887087660696668,0.3098497703386668,0.4228892311934756,0.24406599578853821
