,Model_Name,feature_represenation,variance_maintained,Dimentionality,r2_summary,RMSE_summary,r2_train,RMSE_train,standard_error_r2,standard_error_RMSE,standard_error_r2_train,standard_error_RMSE_train
0,Ridge,SNPs,-,305506,-1.0608472203095,0.919865012235119,0.8497909659104852,0.29016817063395967,4.490840039255101,0.858558112290559,0.503331204251635,0.49247367480087
1,Lasso,SNPs,-,305506,-0.9685356838056672,0.9180434029886727,0.10434864224683611,0.9406843867632233,4.565369515001632,0.8777045316881423,0.26492472135869977,0.13501798649590216
2,ElasticNet,SNPs,-,305506,-0.9298110832034013,0.9075726970424779,0.008036568181222514,0.9941505417386605,4.584887006029447,0.8864413033925166,0.049811165646843805,0.10426337250030673
