,Model_Name,feature_represenation,variance_maintained,Dimentionality,r2_summary,RMSE_summary,r2_train,RMSE_train,standard_error_r2,standard_error_RMSE,standard_error_r2_train,standard_error_RMSE_train
0,Ridge,SNPs,-,358874,0.2880291377350141,0.8371282617173347,0.9943694747824305,0.051132208706323,0.2814746525557786,0.4027661186139557,0.01647120074627126,0.11403056515418324
1,Lasso,SNPs,-,358874,0.23233059240206608,0.8683601589812995,0.4875498167310307,0.7114583971023852,0.2424826690892716,0.3873088437237002,0.20303771152320235,0.17455929440606702
2,ElasticNet,SNPs,-,358874,0.233678927355561,0.8672182553926984,0.6466864339737648,0.590889083541414,0.19925770105977886,0.3688934278037761,0.15863439655266404,0.13857912302393258
