,Model_Name,feature_represenation,variance_maintained,Dimentionality,r2_summary,RMSE_summary,r2_train,RMSE_train,standard_error_r2,standard_error_RMSE,standard_error_r2_train,standard_error_RMSE_train
0,Ridge,SNPs,-,335382,0.4858932565101435,0.6601056364571157,0.9999999999943714,2.325408767940872e-06,0.3855630191858935,0.4893846222030851,4.406689024896028e-12,9.159963840130645e-07
1,Lasso,SNPs,-,335382,0.4856116973779008,0.6604599853817776,0.9804059342685035,0.12140695213796433,0.43422475145254635,0.5020620235578384,0.03568501435599466,0.1432241187920835
2,ElasticNet,SNPs,-,335382,0.3949881880658885,0.7263620402142159,0.8107656277579525,0.4275250210748357,0.3551171212817516,0.5312158539220599,0.13133844619690566,0.14098313471404028
