,Model_Name,feature_represenation,variance_maintained,Dimentionality,r2_summary,RMSE_summary,r2_train,RMSE_train,standard_error_r2,standard_error_RMSE,standard_error_r2_train,standard_error_RMSE_train
0,Ridge,SNPs,-,358874,0.8591875198912482,0.34610797050373693,0.9999999999954585,1.1846221754210435e-06,0.14090843340717885,0.16271451708703163,2.5886017498992138e-11,3.618561796661009e-06
1,Lasso,SNPs,-,358874,0.27431250450108563,0.7455425143093437,0.9988241822296912,0.010127652920814571,0.7672651711951536,0.2493966031531505,0.007287791758840462,0.06265211849165961
2,ElasticNet,SNPs,-,358874,0.8304346640299072,0.38001173404195604,0.9479348629253244,0.22441568288859792,0.15849727843302314,0.15324947409376066,0.03581169119788279,0.08711017883368705
