,Model_Name,feature_represenation,variance_maintained,Dimentionality,r2_summary,RMSE_summary,r2_train,RMSE_train,standard_error_r2,standard_error_RMSE,standard_error_r2_train,standard_error_RMSE_train
0,Ridge,SNPs,-,327819,-0.15462181986209927,0.9441502909015048,0.4763002850094886,0.7186715966665801,0.8513606860384838,0.6695495340363978,0.20871815435077123,0.1486197220392737
1,Lasso,SNPs,-,327819,-0.3098214821564212,1.0024864913159168,0.32650553478444916,0.7561956986889932,0.9013787548799976,0.6621505033207263,0.8156950032480833,0.6145742240134537
2,ElasticNet,SNPs,-,327819,-0.13229139370506385,0.9495102886847533,0.016127533920827185,0.9910141027488745,0.5169343758022007,0.6958130579646087,0.0999594908536217,0.11245882263075635
