,Model_Name,feature_represenation,variance_maintained,Dimentionality,r2_summary,RMSE_summary,r2_train,RMSE_train,standard_error_r2,standard_error_RMSE,standard_error_r2_train,standard_error_RMSE_train
0,Ridge,SNPs,-,334224,-0.06976055455843297,1.0083220647546207,0.30624562778903147,0.8281433332147436,0.28996424102663143,0.12001750717193917,0.29444486595090696,0.18152797906390591
1,Lasso,SNPs,-,334224,-0.05796995591667551,1.0052020129793362,0.026666871913904034,0.9853792659338285,0.13014144982534065,0.08844020053225339,0.16528298450702786,0.08977973619633532
2,ElasticNet,SNPs,-,334224,-0.0735193839410609,1.0114506645659194,0.03812995071476325,0.9791483315856118,0.19606036875363386,0.0832610141458753,0.18720240280838352,0.09812826794447711
