,Model_Name,feature_represenation,variance_maintained,Dimentionality,r2_summary,RMSE_summary,r2_train,RMSE_train,standard_error_r2,standard_error_RMSE,standard_error_r2_train,standard_error_RMSE_train
0,Ridge,SNPs,-,323856,-0.2988583909556565,0.7091543199099188,0.22576633734659401,0.8780670974567638,0.9962474602905718,1.4904029376498729,0.482339016755058,0.5138185836492521
1,Lasso,SNPs,-,323856,-0.31628734939943565,0.7103037118862736,0.155075794660912,0.8898540336972488,0.9653443617974683,1.4699568140359922,0.4894098061449015,0.39909922714093293
2,ElasticNet,SNPs,-,323856,-0.2794591522759169,0.7045513984091568,1.1102230246251566e-17,0.9856479316344873,0.9240808344976102,1.473299788144364,6.881233598410334e-17,0.3436604354539262
