,Model_Name,feature_represenation,variance_maintained,Dimentionality,r2_summary,RMSE_summary,r2_train,RMSE_train,standard_error_r2,standard_error_RMSE,standard_error_r2_train,standard_error_RMSE_train
0,Ridge,SNPs,-,358874,0.7315115213377938,0.4992196520970581,0.9990142406165282,0.009934953572912185,0.2165199983962174,0.19604546125432373,0.006109799938603274,0.061568603874718734
1,Lasso,SNPs,-,358874,0.4030799784644365,0.7310276533754688,0.9752126289235019,0.09685038860660647,0.618854786055897,0.30818708769592146,0.08270496939519559,0.25839963447116343
2,ElasticNet,SNPs,-,358874,0.68282720373647,0.5462757595863571,0.8825127365630402,0.33806083481373483,0.22217188838899488,0.18459491076171883,0.07779744591551795,0.1138963669604211
