,Model_Name,feature_represenation,variance_maintained,Dimentionality,r2_summary,RMSE_summary,r2_train,RMSE_train,standard_error_r2,standard_error_RMSE,standard_error_r2_train,standard_error_RMSE_train
0,Ridge,SNPs,-,325201,-0.3437754971115772,1.0150640403678772,0.9521598185820286,0.1793961824122647,1.681184189568211,0.9145986362060283,0.09884560614308044,0.24601845723719953
1,Lasso,SNPs,-,325201,-0.29235204272034504,1.012668889283805,0.3700376228547436,0.7388545865749039,0.8557736520313509,0.743493210186176,0.7243145440890428,0.6149822200631718
2,ElasticNet,SNPs,-,325201,-0.12707734051495487,0.9627136900734681,0.040420379653488436,0.9770696880848909,0.379470541539182,0.7107009953044041,0.20455488017433246,0.13935626011309568
