,Model_Name,feature_represenation,variance_maintained,Dimentionality,r2_summary,RMSE_summary,r2_train,RMSE_train,standard_error_r2,standard_error_RMSE,standard_error_r2_train,standard_error_RMSE_train
0,Ridge,SNPs,-,310422,0.11742835542896696,0.8376752202898485,0.951272875970999,0.11402908010288848,0.5783383947848452,0.6889353597625344,0.19971551984718366,0.384376121832742
1,Lasso,SNPs,-,310422,-0.26388038523841195,0.9581180808690277,0.8073742774479187,0.3021665009691258,1.017455110455372,0.6365146286621987,0.6449059494426723,0.6612140803436862
2,ElasticNet,SNPs,-,310422,-0.035676676107322856,0.8975564231473375,0.5750216498722276,0.5750021007144392,0.6292984278814088,0.7080075888162086,0.8053063191122125,0.5941900669766493
