,Model_Name,feature_represenation,variance_maintained,Dimentionality,r2_summary,RMSE_summary,r2_train,RMSE_train,standard_error_r2,standard_error_RMSE,standard_error_r2_train,standard_error_RMSE_train
0,Ridge,SNPs,-,333062,0.5419859840383763,0.6536700392368865,0.9999999999962509,1.648481263702707e-06,0.20255055915090217,0.2791986475989251,8.246672623683062e-12,2.1491842736853133e-06
1,Lasso,SNPs,-,333062,0.5348483457178455,0.6572851062597399,0.9642758469906471,0.16035264106199312,0.2423148286693685,0.288352971635841,0.0862473989165671,0.204376511127063
2,ElasticNet,SNPs,-,333062,0.5149473536559493,0.67786584038623,0.8671551822380092,0.35907616171169693,0.13426141495969168,0.28505289932686256,0.0956987919797385,0.128365290966586
