,Model_Name,feature_represenation,variance_maintained,Dimentionality,r2_summary,RMSE_summary,r2_train,RMSE_train,standard_error_r2,standard_error_RMSE,standard_error_r2_train,standard_error_RMSE_train
0,Ridge,SNPs,-,320302,0.02339528674733382,0.9284856393712896,0.9893857608952221,0.05868400447987134,0.4232331367562545,0.3751246573161271,0.04255777605457943,0.17704345613001246
1,Lasso,SNPs,-,320302,-0.10328461534762956,0.9876301828437527,0.3914603706519469,0.7462427288385188,0.46030345622163465,0.4016178274721102,0.5832595014226811,0.4527865861016198
2,ElasticNet,SNPs,-,320302,-0.017416748083993815,0.958325375365925,0.3687373218842498,0.7874889599129007,0.15355592573708948,0.41230421265141654,0.35409331385928683,0.2340348522760977
