,Model_Name,feature_represenation,variance_maintained,Dimentionality,r2_summary,RMSE_summary,r2_train,RMSE_train,standard_error_r2,standard_error_RMSE,standard_error_r2_train,standard_error_RMSE_train
0,Ridge,SNPs,-,335934,0.24136693729147746,0.8177117201052595,0.8382899923869869,0.38304882516316624,0.4517699896860325,0.48620522648150594,0.17096582268446478,0.27378906457398167
1,Lasso,SNPs,-,335934,0.21474040149032386,0.8390669346994901,0.7483381842459012,0.4986246782284613,0.3555403223617601,0.5028338225720093,0.11154553243041798,0.15095107157385693
2,ElasticNet,SNPs,-,335934,0.21394405092447297,0.8394187817691626,0.5511836890867332,0.6591485310179286,0.2439548499589475,0.4342482687972032,0.328834151770103,0.2770472722034513
