,Model_Name,feature_represenation,variance_maintained,Dimentionality,r2_summary,RMSE_summary,r2_train,RMSE_train,standard_error_r2,standard_error_RMSE,standard_error_r2_train,standard_error_RMSE_train
0,Ridge,SNPs,-,307883,-0.4791479175316827,0.8898048740216289,0.8571266616625483,0.30823545903964905,3.202430269314439,0.9314822049818915,0.35700654979383467,0.46376186822103166
1,Lasso,SNPs,-,307883,-0.5861798383045385,0.9271098768038601,0.41311508492291665,0.6377779613115829,2.769736549419388,0.8933929502787658,0.953960076222293,0.874281522700986
2,ElasticNet,SNPs,-,307883,-0.1683310562741339,0.8894915351481125,-2.2204460492503132e-17,0.9981678508966111,0.529275879041239,0.959495328806193,1.3762467196820668e-16,0.11693053474733661
