,Model_Name,feature_represenation,variance_maintained,Dimentionality,r2_summary,RMSE_summary,r2_train,RMSE_train,standard_error_r2,standard_error_RMSE,standard_error_r2_train,standard_error_RMSE_train
0,Ridge,SNPs,-,320428,-3.004390696724921,0.9231191164246473,0.5158570691985338,0.6688802089159033,14.498503122329346,0.837622367351712,0.3584256937251322,0.3862341161201955
1,Lasso,SNPs,-,320428,-2.8659332294044533,0.9640166615067914,0.27480552590213014,0.7604063081184865,12.002280661048772,0.8682508154666947,0.7652198073356979,0.7949565561398433
2,ElasticNet,SNPs,-,320428,-1.91955654630739,0.905835557853335,0.0,0.9978977536045952,10.654172679993078,0.9081330521347025,2.9013828376870757e-16,0.12549114743201742
