,Model_Name,feature_represenation,variance_maintained,Dimentionality,r2_summary,RMSE_summary,r2_train,RMSE_train,standard_error_r2,standard_error_RMSE,standard_error_r2_train,standard_error_RMSE_train
0,Ridge,SNPs,-,362864,0.03805083155940438,0.9711337666256918,0.6056964431917767,0.6251709389601834,0.14898602111829848,0.19340737142769954,0.15901130002335634,0.11827996456597924
1,Lasso,SNPs,-,362864,-0.0309955343822362,1.0052884199565197,0.17177323663403593,0.9067427596570181,0.0763375333920983,0.1758154389921918,0.28997441791370815,0.15724552507125222
2,ElasticNet,SNPs,-,362864,-0.016166983899679133,0.9980000456640086,0.07443366183406813,0.9610975738801203,0.04579007976303942,0.16795701519270786,0.16398315174011588,0.09018312222909768
