,Model_Name,feature_represenation,variance_maintained,Dimentionality,r2_summary,RMSE_summary,r2_train,RMSE_train,standard_error_r2,standard_error_RMSE,standard_error_r2_train,standard_error_RMSE_train
0,Ridge,SNPs,-,327819,0.14130699230512755,0.8927138719718755,0.9861385677770472,0.09740903894049004,0.30697734311889946,0.23837245020589473,0.024506150431271616,0.13581231970403004
1,Lasso,SNPs,-,327819,0.03325533628359865,0.9447395245898711,0.6186066924687423,0.5834010243942217,0.39178838926575454,0.23631380347161413,0.5538778681419315,0.4260468659424718
2,ElasticNet,SNPs,-,327819,0.040009974593655094,0.9448277114576927,0.41128509039333366,0.7449343742486295,0.30865022729392044,0.24695153174736473,0.5310552932567937,0.37622845956822587
