,Model_Name,feature_represenation,variance_maintained,Dimentionality,r2_summary,RMSE_summary,r2_train,RMSE_train,standard_error_r2,standard_error_RMSE,standard_error_r2_train,standard_error_RMSE_train
0,Ridge,SNPs,-,323224,-0.07875665257438316,0.9458020393426836,0.5643403450148703,0.6539925093517872,0.34025490362059074,0.6544889348544384,0.25235895272457237,0.18963565431939716
1,Lasso,SNPs,-,323224,-0.1399992055210955,0.9633129479541929,0.09838254553852856,0.9419511448739261,0.48997181835678166,0.6364619540334451,0.40932716035682976,0.25651091735094966
2,ElasticNet,SNPs,-,323224,-0.07060738752986702,0.9484886745697609,0.02397957157794526,0.9863487544117349,0.1964614805709172,0.6639299836525656,0.12216891326952263,0.09003054832155491
