,Model_Name,feature_represenation,variance_maintained,Dimentionality,r2_summary,RMSE_summary,r2_train,RMSE_train,standard_error_r2,standard_error_RMSE,standard_error_r2_train,standard_error_RMSE_train
0,Ridge,SNPs,-,336783,0.47167888007819264,0.6700393703212422,0.993731352940793,0.07158467780662528,0.47740130822314375,0.37004801668505255,0.009212439584252241,0.0721577147384141
1,Lasso,SNPs,-,336783,0.13690817711541467,0.8328593524717053,0.9954576080073381,0.045479709139109065,1.3811595431350434,0.7271314728482177,0.016209467722194025,0.09953704838897934
2,ElasticNet,SNPs,-,336783,0.36258391767955317,0.742859251779235,0.8440752503066135,0.3810261794405925,0.3292728168801549,0.3212688534420938,0.18074390724813605,0.22470543320239977
