,Model_Name,feature_represenation,variance_maintained,Dimentionality,r2_summary,RMSE_summary,r2_train,RMSE_train,standard_error_r2,standard_error_RMSE,standard_error_r2_train,standard_error_RMSE_train
0,Ridge,SNPs,-,322648,-0.04547123620154601,0.9488346633050624,0.648676636821508,0.5878388683722038,0.3056703538040808,0.5759829569754554,0.168687614491531,0.15453389902167797
1,Lasso,SNPs,-,322648,-0.07517834829247687,0.964621184921142,0.107361417411298,0.9400111432675171,0.2187445354868788,0.5832664715692523,0.37016177165771563,0.2545124397424586
2,ElasticNet,SNPs,-,322648,-0.05434306769174681,0.9570477683201697,0.07069738013532652,0.9624359504785671,0.17039892816854832,0.5893356230473374,0.22367944036154042,0.1703613584340716
