,Model_Name,feature_represenation,variance_maintained,Dimentionality,r2_summary,RMSE_summary,r2_train,RMSE_train,standard_error_r2,standard_error_RMSE,standard_error_r2_train,standard_error_RMSE_train
0,Ridge,SNPs,-,334854,0.09894137988432458,0.9249595142683357,0.7292460380171475,0.5150339190757776,0.2097447039300154,0.18772295937576997,0.14494362668589358,0.14937161070395835
1,Lasso,SNPs,-,334854,0.04281150919146126,0.9538623970477093,0.43704777550201607,0.7498570179949321,0.1559035283253308,0.17738008470386155,0.03648151879444986,0.007329513426235725
2,ElasticNet,SNPs,-,334854,0.07286106622060987,0.9396830531446416,0.3643182575614944,0.7948219679563735,0.12131829815397054,0.1835704159964904,0.18645048267457665,0.12631867288568616
