,Model_Name,feature_represenation,variance_maintained,Dimentionality,r2_summary,RMSE_summary,r2_train,RMSE_train,standard_error_r2,standard_error_RMSE,standard_error_r2_train,standard_error_RMSE_train
0,Ridge,SNPs,-,322484,0.05966553951953725,0.9495409873898708,0.8726911257214967,0.34407617847006744,0.24930306217981016,0.1343314763996141,0.11859610288698731,0.18704727326852552
1,Lasso,SNPs,-,322484,-0.033444742646225364,0.9955873207556162,0.451395360259144,0.6814230259777723,0.2430896547279562,0.1196565697024601,0.6814887947629303,0.6040337805391529
2,ElasticNet,SNPs,-,322484,0.025805919236106246,0.9691126789987043,0.34854523325112274,0.8025671280972799,0.15233882731878398,0.14258767598787772,0.2776660698729436,0.17948135535401374
