,Model_Name,feature_represenation,variance_maintained,Dimentionality,r2_summary,RMSE_summary,r2_train,RMSE_train,standard_error_r2,standard_error_RMSE,standard_error_r2_train,standard_error_RMSE_train
0,Ridge,SNPs,-,312695,0.09141007297322201,0.7218219826926149,0.9976674991010451,0.022710234182932092,1.6067808257870888,0.5343016088430258,0.010799789024905146,0.08866815972080877
1,Lasso,SNPs,-,312695,-0.7038623591812394,0.9419547893362475,0.9048691790242286,0.1922428443731428,3.6275631045448615,0.9251422169624125,0.3047979705179209,0.4814614234043703
2,ElasticNet,SNPs,-,312695,-0.17910455453088805,0.823854297942533,0.6077600789140222,0.5919680611071605,2.206737425603224,0.6961518207307636,0.5520701393528206,0.3926638984760622
