,Model_Name,feature_represenation,variance_maintained,Dimentionality,r2_summary,RMSE_summary,r2_train,RMSE_train,standard_error_r2,standard_error_RMSE,standard_error_r2_train,standard_error_RMSE_train
0,Ridge,SNPs,-,218128,0.5599354573383022,0.6489485828700139,0.9999999999994983,6.922680012853269e-07,0.21399282923458174,0.18569932634949893,5.279912984386101e-13,3.09095017067086e-07
1,Lasso,SNPs,-,218128,0.2483987412468902,0.8145337171329284,0.989932231837021,0.06120464795760458,0.9266666026287437,0.4674259317520636,0.03700530138474704,0.16376915930408453
2,ElasticNet,SNPs,-,218128,0.5117285398444593,0.6840996414816043,0.850248117239089,0.3815074339879572,0.21823192692115564,0.1789430905119416,0.10080693285974084,0.13213110820100069
