,Model_Name,feature_represenation,variance_maintained,Dimentionality,r2_summary,RMSE_summary,r2_train,RMSE_train,standard_error_r2,standard_error_RMSE,standard_error_r2_train,standard_error_RMSE_train
0,Ridge,SNPs,-,307883,-0.12700619762837048,0.9979470520581444,0.871001135183799,0.2882353036914637,0.6549181461824664,0.37585290675888033,0.2768140830969944,0.4183602943731015
1,Lasso,SNPs,-,307883,-0.020585345606998807,0.96049071387627,0.35297858962986345,0.7964981220343919,0.31895283705517824,0.361585478745826,0.34972804420797865,0.2401565126815643
2,ElasticNet,SNPs,-,307883,-0.10614846339603545,1.0002827791909745,0.04228415154711131,0.9771016764380387,0.325470960724592,0.3776437437860565,0.15026681594551441,0.07388248275087332
