,Model_Name,feature_represenation,variance_maintained,Dimentionality,r2_summary,RMSE_summary,r2_train,RMSE_train,standard_error_r2,standard_error_RMSE,standard_error_r2_train,standard_error_RMSE_train
0,Ridge,SNPs,-,320149,-0.03540824712854186,0.9932509217646609,0.18660244944112914,0.901250921404531,0.0802500189523457,0.29632253802475556,0.11156681756525753,0.08009128106064255
1,Lasso,SNPs,-,320149,-0.04219571073016275,0.9975618519763088,0.049901632380332725,0.9726345023357637,0.08056680363560158,0.3160147107687367,0.28039218086940954,0.1896077943751462
2,ElasticNet,SNPs,-,320149,-0.03415182416859279,0.9930096023999921,2.2204460492503132e-17,0.9996616020052214,0.07561455743734191,0.30129030860733463,1.3762467196820668e-16,0.03844104032210247
