,Model_Name,feature_represenation,variance_maintained,Dimentionality,r2_summary,RMSE_summary,r2_train,RMSE_train,standard_error_r2,standard_error_RMSE,standard_error_r2_train,standard_error_RMSE_train
0,Ridge,SNPs,-,295534,-0.09226273788762807,0.9186083876376165,0.9313528695357138,0.23765902331667618,0.6701243081758677,0.6051457869471877,0.1111114588144631,0.2350651756835297
1,Lasso,SNPs,-,295534,-0.21589283677973609,0.9768810573900115,0.09913215158778206,0.9446617012309458,0.6073368788282648,0.6217701319175573,0.40962334796202354,0.2986816196502304
2,ElasticNet,SNPs,-,295534,-0.21397643336493088,0.9752428444983285,0.1208679351557699,0.9126520213177154,0.5652088901060818,0.5971159794954287,0.5504634750482139,0.41229118748518523
