,Model_Name,feature_represenation,variance_maintained,Dimentionality,r2_summary,RMSE_summary,r2_train,RMSE_train,standard_error_r2,standard_error_RMSE,standard_error_r2_train,standard_error_RMSE_train
0,Ridge,SNPs,-,363888,0.5358914110072006,0.6686637096590204,0.9861979421356827,0.1126367701809899,0.19375400751859062,0.11737915017340592,0.014685133927580167,0.06688910789591647
1,Lasso,SNPs,-,363888,0.5030178218082825,0.6919699084318772,0.928036837072159,0.25909231136929295,0.2040365094014421,0.12288496028059369,0.07323901826095737,0.13857675575292372
2,ElasticNet,SNPs,-,363888,0.5205813890626381,0.6817502456227286,0.8855199620802853,0.3358251112420351,0.16220024401307528,0.10459816647249563,0.05601576606885768,0.08017060979591971
