,Model_Name,feature_represenation,variance_maintained,Dimentionality,r2_summary,RMSE_summary,r2_train,RMSE_train,standard_error_r2,standard_error_RMSE,standard_error_r2_train,standard_error_RMSE_train
0,Ridge,SNPs,-,317777,0.4856719383574478,0.6746830880157769,0.9996733732188171,0.007916819196316548,0.3542210617820928,0.645685186424328,0.0015897894514571584,0.03462475521527658
1,Lasso,SNPs,-,317777,-0.977694144332218,0.9330020856320922,0.9501086480805357,0.15804590530225715,6.872899247414718,0.7694723665883979,0.1434768122160452,0.31490551512311027
2,ElasticNet,SNPs,-,317777,0.3898309147091428,0.7401270955313187,0.7590995893290502,0.4747614938378594,0.32956279989505305,0.6791338658466635,0.23656114390979543,0.23262609771271928
