,Model_Name,feature_represenation,variance_maintained,Dimentionality,r2_summary,RMSE_summary,r2_train,RMSE_train,standard_error_r2,standard_error_RMSE,standard_error_r2_train,standard_error_RMSE_train
0,Ridge,SNPs,-,321868,-0.17287710638008313,0.9323513065764042,0.9113151591555892,0.15794467734733347,0.9146367515360986,0.5797678768606972,0.44345647367518953,0.4724608010927176
1,Lasso,SNPs,-,321868,-0.18177123944691942,0.9628586412109137,0.1643123104904746,0.907056312652288,0.3778531547966391,0.6317309526965439,0.4204191992990653,0.26880548607296195
2,ElasticNet,SNPs,-,321868,-0.16105439462708282,0.9571093103803773,0.07680993590871009,0.9574412537795005,0.35296702855233353,0.6442558180643341,0.22207377168936387,0.12696781534877102
