,Model_Name,feature_represenation,variance_maintained,Dimentionality,r2_summary,RMSE_summary,r2_train,RMSE_train,standard_error_r2,standard_error_RMSE,standard_error_r2_train,standard_error_RMSE_train
0,Ridge,SNPs,-,305506,-0.016356104027505137,0.9869355158910134,0.8078382289804795,0.42117698361280237,0.12522779945722098,0.264398978011248,0.21910342187683252,0.23518869291974884
1,Lasso,SNPs,-,305506,-0.050829312361367715,1.007894693805566,0.09728791449218172,0.9391633681011394,0.22009325996678517,0.35238917789260565,0.46775390786820176,0.31733311390648605
2,ElasticNet,SNPs,-,305506,-0.016343345915377373,0.9893767012002715,0.1033074122502324,0.9442088547485812,0.09184751823186939,0.2942414088164768,0.27150175290445167,0.15387437798052706
