,Model_Name,feature_represenation,variance_maintained,Dimentionality,r2_summary,RMSE_summary,r2_train,RMSE_train,standard_error_r2,standard_error_RMSE,standard_error_r2_train,standard_error_RMSE_train
0,Ridge,SNPs,-,332779,0.5098937103935129,0.6315505601799477,0.9999986578221954,0.00035995852596751966,0.3809429047311635,0.43134770275042034,8.318894193502892e-06,0.0022233367198859584
1,Lasso,SNPs,-,332779,-0.25034254074699885,0.937681260704127,0.9810695425786043,0.08244873525139618,2.8731919120866642,0.9214536918984657,0.06860734498766753,0.2325647440805525
2,ElasticNet,SNPs,-,332779,0.4193560610188949,0.7010206531194031,0.9048350651601974,0.25560969564481917,0.407367249888832,0.4862918479338196,0.3014558256184358,0.3422813616327694
