,Model_Name,feature_represenation,variance_maintained,Dimentionality,r2_summary,RMSE_summary,r2_train,RMSE_train,standard_error_r2,standard_error_RMSE,standard_error_r2_train,standard_error_RMSE_train
0,Ridge,SNPs,-,280148,-0.013598720953725885,0.9622582187757616,0.733663244617511,0.488054469247704,0.29046942560956546,0.23560128957868406,0.3007492487025069,0.34460477165271153
1,Lasso,SNPs,-,280148,-0.19935271399904544,1.0491328648970366,0.7587018943554499,0.3381368736546868,0.36284579679328605,0.2996008490849329,0.7896714762019078,0.7299341390564439
2,ElasticNet,SNPs,-,280148,-0.10977365256826768,0.9963958120668939,0.3126912879604471,0.8076783473798798,0.5140510626262621,0.14059586367756655,0.5440024304272066,0.38478620023466725
