,Model_Name,feature_represenation,variance_maintained,Dimentionality,r2_summary,RMSE_summary,r2_train,RMSE_train,standard_error_r2,standard_error_RMSE,standard_error_r2_train,standard_error_RMSE_train
0,Ridge,SNPs,-,331368,0.17003259161685014,0.8776105037898045,0.9942405854823052,0.05604887952417636,0.2973148275239929,0.1846758102974369,0.015484977678602333,0.10301766216023554
1,Lasso,SNPs,-,331368,0.07839307667278471,0.921257675524807,0.7867142525377041,0.4325617376025556,0.38991318833413985,0.16223049930405245,0.24365207033099703,0.3284594235958314
2,ElasticNet,SNPs,-,331368,0.11199705401257895,0.9108815799000953,0.5046403777192445,0.6994614373477918,0.19339433951550464,0.1751200425445618,0.20647227055124218,0.14614519766459988
