,Model_Name,feature_represenation,variance_maintained,Dimentionality,r2_summary,RMSE_summary,r2_train,RMSE_train,standard_error_r2,standard_error_RMSE,standard_error_r2_train,standard_error_RMSE_train
0,Ridge,SNPs,-,361245,-0.04089076135091903,0.9552636112559338,0.26286811815587213,0.8575846645162438,0.12984568763135693,0.6014346201312933,0.0705212430430205,0.058547746398944236
1,Lasso,SNPs,-,361245,-0.033897746434352394,0.9553813128538531,-3.3306690738754695e-17,0.9993456167493037,0.07812333403129133,0.6191720800304129,3.251944126726202e-16,0.06789652544070823
2,ElasticNet,SNPs,-,361245,-0.03389774645927031,0.9553813128355605,-2.2204460492503132e-17,0.9993456167493037,0.0781233336413697,0.6191720798558457,1.3762467196820668e-16,0.06789652544070826
