,Model_Name,feature_represenation,variance_maintained,Dimentionality,r2_summary,RMSE_summary,r2_train,RMSE_train,standard_error_r2,standard_error_RMSE,standard_error_r2_train,standard_error_RMSE_train
0,Ridge,SNPs,-,307883,-0.11661128666409758,0.8635327862536655,0.6191432128536596,0.5959895061155305,0.4097829836249491,1.0979351179218795,0.3565508277714945,0.35744074549723037
1,Lasso,SNPs,-,307883,-0.11987927282845845,0.8675406302084112,0.1828606517894327,0.8956333641082428,0.26033633266280765,1.0917255864314748,0.2010402690695939,0.14080989480323264
2,ElasticNet,SNPs,-,307883,-0.08851782070856307,0.8601556069932665,0.005969487030942855,0.9935595138622656,0.16288804412761032,1.0962634311111852,0.0369992639420063,0.19782887734435395
