,Model_Name,feature_represenation,variance_maintained,Dimentionality,r2_summary,RMSE_summary,r2_train,RMSE_train,standard_error_r2,standard_error_RMSE,standard_error_r2_train,standard_error_RMSE_train
0,Ridge,SNPs,-,232075,-0.0006133342363559335,0.96353335910983,0.5083538317054124,0.6768917963204886,0.4065209441612132,0.45829616944339685,0.4714618496993193,0.3833194847614618
1,Lasso,SNPs,-,232075,-0.07741923847518736,0.9981804578118949,0.11233711967193243,0.93755246989854,0.1715677653987405,0.3895819471625578,0.3548135969033831,0.21425428745992475
2,ElasticNet,SNPs,-,232075,-0.058502575208026875,0.9887232531880331,0.07112664634565527,0.9619832243610484,0.11134448909274576,0.3672245904448484,0.19665991504513436,0.11121633342883913
