,Model_Name,feature_represenation,variance_maintained,Dimentionality,r2_summary,RMSE_summary,r2_train,RMSE_train,standard_error_r2,standard_error_RMSE,standard_error_r2_train,standard_error_RMSE_train
0,Ridge,SNPs,-,331368,0.007935813790723212,0.9498820566275228,0.5447552525595629,0.6709155812629205,0.3374718085241999,0.3899837219049804,0.19127500489650887,0.15105337896402318
1,Lasso,SNPs,-,331368,-0.07999742051235095,0.9914735766382067,0.28195500176556926,0.8331768684964905,0.31960087299253037,0.38763070382666914,0.5020341596845116,0.33463278532956614
2,ElasticNet,SNPs,-,331368,-0.03550328576372689,0.9717896480651167,0.14200319741746384,0.9231969388239659,0.32095649956246025,0.3919583108281905,0.3053774848514692,0.1952297930134012
