,Model_Name,feature_represenation,variance_maintained,Dimentionality,r2_summary,RMSE_summary,r2_train,RMSE_train,standard_error_r2,standard_error_RMSE,standard_error_r2_train,standard_error_RMSE_train
0,Ridge,SNPs,-,363618,0.009345904217366918,0.9767877067099114,0.2596407312818699,0.8597091894175055,0.13158777490113296,0.2628845484434992,0.1132993397582736,0.0700588893679055
1,Lasso,SNPs,-,363618,0.03317703564473541,0.965553084522549,0.18802199515970694,0.900833797902069,0.10845490706866161,0.26374262987552854,0.027175658270372847,0.022197902989969875
2,ElasticNet,SNPs,-,363618,-0.007076093299624419,0.9858472522245985,0.10033906898163317,0.9476878461837158,0.05114887082882737,0.265716355479568,0.15433067411592188,0.09357839756298597
