,Model_Name,feature_represenation,variance_maintained,Dimentionality,r2_summary,RMSE_summary,r2_train,RMSE_train,standard_error_r2,standard_error_RMSE,standard_error_r2_train,standard_error_RMSE_train
0,Ridge,SNPs,-,322648,-0.08746729283002194,0.8928275011125608,0.9886452623280216,0.061756275290359194,0.6407627433569969,0.6576849346291905,0.046412047704135526,0.17792514992356823
1,Lasso,SNPs,-,322648,-0.07175284682214891,0.8669700491687952,0.7636206093013438,0.4198725078856476,1.0663904614386936,0.7388231283289753,0.4043081748516202,0.4648358744929487
2,ElasticNet,SNPs,-,322648,0.12970010978776514,0.7831824623118471,0.44396253061957663,0.7391438283625866,0.7262837718317983,0.5888982809316796,0.24297458705214134,0.13822828126936237
