,Model_Name,feature_represenation,variance_maintained,Dimentionality,r2_summary,RMSE_summary,r2_train,RMSE_train,standard_error_r2,standard_error_RMSE,standard_error_r2_train,standard_error_RMSE_train
0,Ridge,SNPs,-,358874,0.6324547384325183,0.5972637974526875,0.9962098383718061,0.01938995729882103,0.1959417950799776,0.19913657407095237,0.02349166506810561,0.12016428134488598
1,Lasso,SNPs,-,358874,0.6000346342625337,0.6228640964259855,0.9352029703626452,0.23589096898934034,0.20214873315150583,0.18665910873717367,0.10545896100161273,0.19610695560134545
2,ElasticNet,SNPs,-,358874,0.5897084338164952,0.6324536569504585,0.838126451435631,0.39739547261596125,0.17863320582825606,0.18399090506613924,0.10589763518212177,0.1354730779245129
