,Model_Name,feature_represenation,variance_maintained,Dimentionality,r2_summary,RMSE_summary,r2_train,RMSE_train,standard_error_r2,standard_error_RMSE,standard_error_r2_train,standard_error_RMSE_train
0,Ridge,SNPs,-,327452,0.12135302271534718,0.9090529235934272,0.9773967951545188,0.11828328188099112,0.23898223963330065,0.24506858615815696,0.05384612950703197,0.18680251566219602
1,Lasso,SNPs,-,327452,0.02820804935201219,0.9559051331653723,0.5632147341705551,0.6455186770405492,0.21872526256515143,0.23495886668900998,0.4203693173203975,0.30472926751422597
2,ElasticNet,SNPs,-,327452,0.07020282048178322,0.9353324723277435,0.5740835353068494,0.6395806895441627,0.16508927234084753,0.2092058807926282,0.35485516487737456,0.2675979170195071
