,Model_Name,feature_represenation,variance_maintained,Dimentionality,r2_summary,RMSE_summary,r2_train,RMSE_train,standard_error_r2,standard_error_RMSE,standard_error_r2_train,standard_error_RMSE_train
0,Ridge,SNPs,-,334561,0.07836403989394611,0.919385195012635,0.8763892001951802,0.30581177967206336,0.25368141070956773,0.12712262998270502,0.20568663092871273,0.3565864135588663
1,Lasso,SNPs,-,334561,0.1091922407165801,0.9026964836778427,0.7626822682673506,0.48231857404055306,0.3189052319218083,0.15804228488777045,0.1091017107067748,0.13778046040355052
2,ElasticNet,SNPs,-,334561,0.06299863854512791,0.9278344902777271,0.46098519135653365,0.7313310199801311,0.17741493685543966,0.0735210371817671,0.18760913441039176,0.12701933266409532
