,Model_Name,feature_represenation,variance_maintained,Dimentionality,r2_summary,RMSE_summary,r2_train,RMSE_train,standard_error_r2,standard_error_RMSE,standard_error_r2_train,standard_error_RMSE_train
0,Ridge,SNPs,-,323224,0.06944897992400215,0.936846757402858,0.886128000975782,0.3201348213732253,0.20418393643409363,0.4032614938215877,0.13073584533420124,0.21362622167755949
1,Lasso,SNPs,-,323224,0.04251121936055339,0.9516371200350526,0.5830741156493997,0.6293501740914791,0.18084275647828346,0.416163632829916,0.26366966878748344,0.2975693431033886
2,ElasticNet,SNPs,-,323224,0.024986352112980493,0.9642616046232076,0.36972776607869184,0.7727100334670572,0.11396059713038446,0.45428832877037917,0.5470366263183131,0.3275807474205962
