,Model_Name,feature_represenation,variance_maintained,Dimentionality,r2_summary,RMSE_summary,r2_train,RMSE_train,standard_error_r2,standard_error_RMSE,standard_error_r2_train,standard_error_RMSE_train
0,Ridge,SNPs,-,363320,0.03815979543795659,0.9648365249468154,0.5714942818684844,0.6439215023416452,0.1910751525822493,0.20612190948580408,0.2837421626055314,0.23884768857711022
1,Lasso,SNPs,-,363320,-0.018049692756682167,0.9942512257717132,0.12405688667224336,0.9322801500380996,0.12724046138671186,0.2170747461391909,0.30647340648384364,0.16990983653829586
2,ElasticNet,SNPs,-,363320,0.020472933049233345,0.9754302701142622,0.1821640757645328,0.903376540122977,0.10152581670942439,0.21350352222516936,0.1410674922460604,0.08064195983403828
