,Model_Name,feature_represenation,variance_maintained,Dimentionality,r2_summary,RMSE_summary,r2_train,RMSE_train,standard_error_r2,standard_error_RMSE,standard_error_r2_train,standard_error_RMSE_train
0,Ridge,SNPs,-,318434,0.20179870052763288,0.8545701043953607,0.996477709707639,0.03328417223385437,0.2982296318974471,0.23362209918088453,0.01343473645252751,0.10027986711102788
1,Lasso,SNPs,-,318434,-0.11028806282600725,0.9503785873189773,0.8220206806434746,0.35570514431879596,1.6453077427887823,0.404352957441599,0.3639604191809261,0.46248460057147384
2,ElasticNet,SNPs,-,318434,0.15157831728786494,0.8856925630572321,0.6976691159805651,0.5283649361323688,0.24725476743071345,0.2763157270247326,0.3222766653871904,0.3105519245204597
