,Model_Name,feature_represenation,variance_maintained,Dimentionality,r2_summary,RMSE_summary,r2_train,RMSE_train,standard_error_r2,standard_error_RMSE,standard_error_r2_train,standard_error_RMSE_train
0,Ridge,SNPs,-,326012,0.4802404093306803,0.6527637342281897,0.9999999999993803,7.561232672703283e-07,0.5363553162690154,0.34579886140151156,7.281151945481379e-13,4.529501268492162e-07
1,Lasso,SNPs,-,326012,-0.061569563949915716,0.8276500817312912,0.9917100892257436,0.06805951564761727,2.268615853064153,0.4030196386443729,0.02151224769965283,0.12481400603531356
2,ElasticNet,SNPs,-,326012,0.4283783116164436,0.6945491163201781,0.8537169647775159,0.37016229655554744,0.5103082384562143,0.3818136142640841,0.14862138479496434,0.19142627699166254
