,variance_maintained,feature_represenation,trait,Model_Name,Dimentionality,r2_summary,RMSE_summary,r2_train,RMSE_train,standard_error_r2,standard_error_RMSE,standard_error_r2_train,standard_error_RMSE_train
0,0.05,PCA_SNPs,herbavore_resistance_G4MSB,rf,2,0.06766424040972654,0.8356014059395271,0.8947489471037966,0.324060523674202,1.1436319458531978,0.5914471234882339,0.019138107258043588,0.042288627655078195
1,0.1,PCA_SNPs,herbavore_resistance_G4MSB,rf,4,0.40755776580143294,0.7021733723234174,0.9152435357260622,0.2903956544638234,0.7028891323345393,0.7267149262139554,0.02146145224246412,0.04167320904587675
2,0.2,PCA_SNPs,herbavore_resistance_G4MSB,rf,16,0.2590575015711003,0.6958294194310201,0.9259475168671032,0.2716350541104848,1.487946736324404,0.5291403264498377,0.011871193234916156,0.02390130094771888
3,0.3,PCA_SNPs,herbavore_resistance_G4MSB,rf,40,0.23623860511987818,0.7212095467006634,0.9239110073730956,0.275317000222563,1.2688846357868133,0.5195457406309637,0.014477258468148695,0.029538598346920956
4,0.4,PCA_SNPs,herbavore_resistance_G4MSB,rf,76,0.24380365904421264,0.7241550473873837,0.9235869439500135,0.27596932267133206,1.2005199661007349,0.5349936039869867,0.012754448199187394,0.027414463472286342
5,0.5,PCA_SNPs,herbavore_resistance_G4MSB,rf,124,0.26395141883036316,0.7149152819657927,0.9218882388516766,0.27894698839758125,1.1704706776130729,0.5657235125477132,0.016021593518415433,0.03323328692729661
6,0.7,PCA_SNPs,herbavore_resistance_G4MSB,rf,248,0.2619018315573463,0.7282575023601652,0.9175184867237829,0.28669934691887644,1.019406004760983,0.5660566540647135,0.016122426219875603,0.0338637106787542
7,0.9,PCA_SNPs,herbavore_resistance_G4MSB,rf,417,0.28641776655506673,0.7267181436689389,0.915631718166628,0.2898177936410703,0.9313463528476934,0.5756022157001773,0.01824506518197632,0.03377667662974724
8,1.0,PCA_SNPs,herbavore_resistance_G4MSB,rf,595,0.26535112230876506,0.7308499173943167,0.9148983743385493,0.29129087914524354,0.9655773314438836,0.5480148800738235,0.014132609441564787,0.030722530291737285
