,variance_maintained,feature_represenation,trait,Model_Name,Dimentionality,r2_summary,RMSE_summary,r2_train,RMSE_train,standard_error_r2,standard_error_RMSE,standard_error_r2_train,standard_error_RMSE_train
0,0.05,PCA_SNPs,study_1_FLC,rf,2,-0.12834885547371172,0.9099340773662973,0.8734008299326189,0.35543852273355714,1.4704007710907485,0.6680265054015396,0.015093115594263904,0.04494521279913694
1,0.1,PCA_SNPs,study_1_FLC,rf,4,0.15306431394618358,0.8098747163042991,0.8933860923305709,0.32599340124132375,0.7570997898870853,0.6193183118572021,0.015516081160602064,0.040419193317132146
2,0.2,PCA_SNPs,study_1_FLC,rf,11,0.22090330540154512,0.7839831245334885,0.9046373352694514,0.30842135433449264,0.590372084371035,0.6182944820705598,0.008402292313826573,0.0328486973497283
3,0.3,PCA_SNPs,study_1_FLC,rf,21,0.1879398260320893,0.7824614968686108,0.9013863339081105,0.31354481687754593,0.8943686973514428,0.6755123843303747,0.011367964085961432,0.03405360001493132
4,0.4,PCA_SNPs,study_1_FLC,rf,34,0.2823112837691484,0.7364908519458898,0.9051310846946794,0.3076103641741347,0.7962715362640438,0.6592012833740074,0.010130254115204374,0.03456345502754516
5,0.5,PCA_SNPs,study_1_FLC,rf,49,0.2314383105683725,0.763532242813294,0.9023791729820795,0.31198726268064864,0.8598432390770943,0.6481246394119846,0.011798711736714667,0.03561822490335667
6,0.7,PCA_SNPs,study_1_FLC,rf,85,0.20996201431942346,0.7793721439292963,0.8993887048529077,0.31677756549964853,0.7555721176837575,0.6424337095717944,0.009822765149544119,0.03428312008260111
7,0.9,PCA_SNPs,study_1_FLC,rf,125,0.18954939560318293,0.7923804196900761,0.897070928510381,0.32051058937727855,0.7710246740778213,0.6524830799130179,0.010513315710970165,0.0387719556066079
8,1.0,PCA_SNPs,study_1_FLC,rf,167,0.10861795225856749,0.8286620772032209,0.8934218950561821,0.32595668984828435,0.8176023533773585,0.6226118274666932,0.010957400482471586,0.03262349536576911
