,variance_maintained,feature_represenation,trait,Model_Name,Dimentionality,r2_summary,RMSE_summary,r2_train,RMSE_train,standard_error_r2,standard_error_RMSE,standard_error_r2_train,standard_error_RMSE_train
0,0.05,PCA_SNPs,study_1_LN16,rf,2,0.28348428694043354,0.7115012354411158,0.9237975750245289,0.2747555734684686,0.9731130674820431,0.41892818543380583,0.016644265039594992,0.01571296236442534
1,0.1,PCA_SNPs,study_1_LN16,rf,4,0.3852682867813615,0.6491925096304387,0.9339280559816933,0.2553970421572557,0.8899211815028801,0.3658305948857983,0.020949705826465482,0.02926393452104414
2,0.2,PCA_SNPs,study_1_LN16,rf,11,0.4248987072006608,0.6401375911730071,0.9355577999795587,0.25287836789759194,0.7297303217331507,0.37489249326108054,0.012549512492654753,0.02064843777046671
3,0.3,PCA_SNPs,study_1_LN16,rf,22,0.4103812037052067,0.6469951582409442,0.9369097060116973,0.25002377464455927,0.6918320595328609,0.3486109113120267,0.014356194768989822,0.020069928936809422
4,0.4,PCA_SNPs,study_1_LN16,rf,36,0.37558441353120636,0.669923326082515,0.9336546784371311,0.2565073477319185,0.7056134633783652,0.39149383138670296,0.013281957090738533,0.017709715249330796
5,0.5,PCA_SNPs,study_1_LN16,rf,52,0.3657350330714068,0.6751560987259716,0.929901092863859,0.26375759471541466,0.6822291383614638,0.3885277852881522,0.012897388409545353,0.01790461148452948
6,0.7,PCA_SNPs,study_1_LN16,rf,90,0.3940511134678304,0.6590242069605039,0.9319385958470341,0.2594045185739765,0.6583154167803269,0.3856244667877013,0.018498305404212045,0.02353944708568523
7,0.9,PCA_SNPs,study_1_LN16,rf,133,0.4013554771629062,0.6612616195119495,0.9311252723726434,0.2612093177621452,0.58869708179677,0.3865079539873698,0.016901215249253473,0.02598903775930332
8,1.0,PCA_SNPs,study_1_LN16,rf,176,0.3564898531960173,0.6971756931157674,0.9230767238237615,0.2763392494852209,0.6021528128667245,0.4567359446898946,0.014038861632363927,0.02027021066255653
