,variance_maintained,feature_represenation,trait,Model_Name,Dimentionality,r2_summary,RMSE_summary,r2_train,RMSE_train,standard_error_r2,standard_error_RMSE,standard_error_r2_train,standard_error_RMSE_train
0,0.05,PCA_SNPs,study_1_0W,rf,2,0.208106000159975,0.833666807493388,0.9061964147706797,0.3059577413777744,0.6589718098804475,0.4724426558188622,0.011603391243012517,0.02108706679653397
1,0.1,PCA_SNPs,study_1_0W,rf,4,0.4323802171749751,0.6882871784779376,0.9310596500012247,0.2621841111802008,0.49595197273741537,0.3716756371902265,0.009632344562745712,0.015449400675310136
2,0.2,PCA_SNPs,study_1_0W,rf,11,0.5139991491252859,0.650892260287694,0.9362581109280707,0.2520576936730168,0.36811302033442284,0.31810549221973516,0.010803523041962153,0.02039067913106992
3,0.3,PCA_SNPs,study_1_0W,rf,20,0.5049784457145026,0.6502676836228958,0.9386402288722738,0.24727208768948283,0.36526739773054384,0.26735459883814083,0.010388360268919143,0.017769384152473016
4,0.4,PCA_SNPs,study_1_0W,rf,32,0.5410055811110063,0.6279147779159775,0.9402064085825642,0.24411508880468005,0.3399103855555162,0.24495649063329694,0.01010823056030289,0.018377871049914687
5,0.5,PCA_SNPs,study_1_0W,rf,45,0.5430828660608911,0.6258482846429682,0.9399340514375717,0.24471133164760334,0.3374263726876267,0.2502421384927939,0.010093290968995684,0.02051902690453907
6,0.7,PCA_SNPs,study_1_0W,rf,75,0.51318462786577,0.6480442506690061,0.9375543696058466,0.24956575332011025,0.34477572646797855,0.2595789367328063,0.009658521499716022,0.020667100630381244
7,0.9,PCA_SNPs,study_1_0W,rf,108,0.49724628091388196,0.6592645211839052,0.9339283136476517,0.2566397197328251,0.34925942082942435,0.24855095283651443,0.011269557784828044,0.02141822262766493
8,1.0,PCA_SNPs,study_1_0W,rf,137,0.4814284071689737,0.6694119332972261,0.9302935434571346,0.2636077240584194,0.3730860640533785,0.2765985278718015,0.010222602341520271,0.015367863008191126
