,Model_Name,feature_represenation,variance_maintained,Dimentionality,r2_summary,RMSE_summary,r2_train,RMSE_train,standard_error_r2,standard_error_RMSE,standard_error_r2_train,standard_error_RMSE_train
0,Ridge,SNPs,-,314263,-1.3062515787090772,0.8453531866535827,0.4289989603224461,0.7537495486398258,6.856482415166009,1.0274652758842413,0.06329023561616709,0.10054658179353153
1,Lasso,SNPs,-,314263,-1.2809649107208012,0.8558636686759935,0.14320390489731985,0.9238713226707306,6.397639847698341,1.058948320911299,0.2818078777504723,0.24624842748951403
2,ElasticNet,SNPs,-,314263,-1.1643190718748224,0.8548637936555998,0.016715008533415898,0.9896952548348968,6.411401672755781,1.0807130887340846,0.07010439210511483,0.13920814048695665
