,Model_Name,feature_represenation,variance_maintained,Dimentionality,r2_summary,RMSE_summary,r2_train,RMSE_train,standard_error_r2,standard_error_RMSE,standard_error_r2_train,standard_error_RMSE_train
0,Ridge,SNPs,-,314263,0.37672877644852365,0.777631058129633,0.8723519820811887,0.3545116218608892,0.2670140102655115,0.2824732032906719,0.0666360214201785,0.10105606153002564
1,Lasso,SNPs,-,314263,0.37675512273166556,0.7772338677348061,0.6779305846714854,0.5652200240323358,0.2671128154500449,0.2801767979837792,0.12386587872582605,0.11879482256561284
2,ElasticNet,SNPs,-,314263,0.3817278158630738,0.7756474084043332,0.5921971946003649,0.6375913203116934,0.22820597106461585,0.2695959922462044,0.087682022636766,0.06683440088938827
