,Model_Name,feature_represenation,variance_maintained,Dimentionality,r2_summary,RMSE_summary,r2_train,RMSE_train,standard_error_r2,standard_error_RMSE,standard_error_r2_train,standard_error_RMSE_train
0,Ridge,SNPs,-,314263,0.03021521742299622,0.8701339988830142,0.17254194674086462,0.9078227827390162,0.11704568539258434,0.944299625390224,0.005350012339101192,0.1195489381314688
1,Lasso,SNPs,-,314263,-0.009131662877688495,0.8807018386780386,0.168951501873833,0.9002625541852889,0.14105143689879537,0.9279512426507043,0.41123372165076155,0.2822731708770814
2,ElasticNet,SNPs,-,314263,-0.029818031531445778,0.8906609303685576,0.003409738034054699,0.9961382376363128,0.08488009944071107,0.9376114519923151,0.02113377528775054,0.12723060733020677
