,Model_Name,feature_represenation,variance_maintained,Dimentionality,r2_summary,RMSE_summary,r2_train,RMSE_train,standard_error_r2,standard_error_RMSE,standard_error_r2_train,standard_error_RMSE_train
0,Ridge,SNPs,-,314263,0.10863979545541237,0.8986413234291142,0.43077684770190217,0.7536357813043695,0.184048682179349,0.546180789252672,0.09761380637013103,0.08934870316981107
1,Lasso,SNPs,-,314263,0.11343475748166273,0.8961936223553747,0.3883582218491628,0.7787718365138856,0.13787902964759483,0.5345129368360119,0.24967130440748334,0.18709949630156059
2,ElasticNet,SNPs,-,314263,0.06597431675930981,0.9218377936594839,0.243363292257553,0.8676010046583678,0.13980729851449766,0.5620876986065484,0.16521533855105355,0.09013748663096421
