,Model_Name,feature_represenation,variance_maintained,Dimentionality,r2_summary,RMSE_summary,r2_train,RMSE_train,standard_error_r2,standard_error_RMSE,standard_error_r2_train,standard_error_RMSE_train
0,Ridge,SNPs,-,314263,0.1417524367215396,0.9067165345980638,0.7387463460238968,0.508812638692569,0.22771911355035804,0.23926373806853599,0.09538206733455667,0.08630650013278242
1,Lasso,SNPs,-,314263,0.09242825003187088,0.9330066540839316,0.499608228959907,0.6960839537926564,0.208271899717213,0.24214701829010515,0.3418228023135338,0.2746865491197441
2,ElasticNet,SNPs,-,314263,0.12633772140546506,0.9172577635557767,0.48138208198425875,0.7150841085517035,0.1414505719441072,0.24152002166928627,0.2514021915595174,0.1736895191079912
