,Model_Name,feature_represenation,variance_maintained,Dimentionality,r2_summary,RMSE_summary,r2_train,RMSE_train,standard_error_r2,standard_error_RMSE,standard_error_r2_train,standard_error_RMSE_train
0,Ridge,SNPs,-,314263,0.4090697360233633,0.7467623092907133,0.7478134415673919,0.5008636011497944,0.1737812407577002,0.23331968974628478,0.0669487987943093,0.06552437841450652
1,Lasso,SNPs,-,314263,0.3726705663117099,0.7734960635944754,0.6054536438103844,0.6253471837891096,0.13597499072495392,0.2694486226632058,0.1566618700593478,0.1289866786585332
2,ElasticNet,SNPs,-,314263,0.3693171214604819,0.7766428414016531,0.5537741694757351,0.6664691774526222,0.16410546469048404,0.29301994236629647,0.1019289184562372,0.06486710801698689
