,Model_Name,feature_represenation,variance_maintained,Dimentionality,r2_summary,RMSE_summary,r2_train,RMSE_train,standard_error_r2,standard_error_RMSE,standard_error_r2_train,standard_error_RMSE_train
0,Ridge,SNPs,-,314263,0.14353203155370725,0.9083579927246906,0.7696997078205149,0.47225268572590723,0.23657794613676203,0.2753313332317038,0.16643133355167944,0.17603357216464643
1,Lasso,SNPs,-,314263,0.09630678557925967,0.934571140462628,0.406007031377732,0.7639502531209578,0.1378574701804464,0.2687997478709992,0.30836994778547216,0.24075206251383727
2,ElasticNet,SNPs,-,314263,0.1440004063099766,0.9104483978771873,0.46880951094557716,0.7254906175990821,0.1495344485413549,0.2812741308305084,0.20697998227934822,0.14673079141291534
