,Model_Name,feature_represenation,variance_maintained,Dimentionality,r2_summary,RMSE_summary,r2_train,RMSE_train,standard_error_r2,standard_error_RMSE,standard_error_r2_train,standard_error_RMSE_train
0,Ridge,SNPs,-,314263,0.0759690447990991,0.9470558754715144,0.6786231538188783,0.548524874623042,0.17376520334730586,0.3201691303579411,0.314584678709109,0.3005737620759749
1,Lasso,SNPs,-,314263,0.08306682513278943,0.9441093342748815,0.32894067572650537,0.8152386859137324,0.11500110353951418,0.30654967594022847,0.23885270152243115,0.17365023268086544
2,ElasticNet,SNPs,-,314263,0.0466456225406652,0.9622905967451334,0.2642187862064148,0.8538745805234927,0.08298005805472573,0.30158233382144534,0.30695495090246866,0.1992471981321388
