,Model_Name,feature_represenation,variance_maintained,Dimentionality,r2_summary,RMSE_summary,r2_train,RMSE_train,standard_error_r2,standard_error_RMSE,standard_error_r2_train,standard_error_RMSE_train
0,Ridge,SNPs,-,314263,-0.09165283385699201,0.9144008030325034,0.4233228268688537,0.753155526326174,0.3524129087384621,0.8242230676291258,0.2163003728269732,0.14923731603488233
1,Lasso,SNPs,-,314263,-0.05991487370892534,0.9120976165789482,0.0005089754977928185,0.9981514722529492,0.1595114029954883,0.8544048850090248,0.003154662818637653,0.1111398665936856
2,ElasticNet,SNPs,-,314263,-0.06936946487716336,0.9139637149101094,0.01914147068786376,0.987907433426965,0.2101665074823503,0.8506250550417318,0.11864006447243856,0.11274071765368589
