,Model_Name,feature_represenation,variance_maintained,Dimentionality,r2_summary,RMSE_summary,r2_train,RMSE_train,standard_error_r2,standard_error_RMSE,standard_error_r2_train,standard_error_RMSE_train
0,Ridge,SNPs,-,314263,0.25745694206865666,0.7632674852110078,0.8094271834446263,0.43595816712785024,0.8734380235086984,0.5549737357555748,0.04410898649007112,0.071090426686607
1,Lasso,SNPs,-,314263,0.2706057722987827,0.7697336951286675,0.7362330871887186,0.5100007865297479,0.6941181343471422,0.547072919946077,0.14850814573098328,0.1781211456612969
2,ElasticNet,SNPs,-,314263,0.260893164059042,0.797369383929638,0.3974853120874556,0.7755645248352936,0.392347017080061,0.5527682303050381,0.06904235952515952,0.07108122969692376
