,Model_Name,feature_represenation,variance_maintained,Dimentionality,r2_summary,RMSE_summary,r2_train,RMSE_train,standard_error_r2,standard_error_RMSE,standard_error_r2_train,standard_error_RMSE_train
0,Ridge,SNPs,-,314263,0.10000531313154301,0.9343382538517969,0.6636447921193969,0.5771368964718729,0.16495935878616222,0.31107589396282737,0.14069298265659974,0.12892943621685055
1,Lasso,SNPs,-,314263,0.08211024885896318,0.944121993540274,0.3995772617606181,0.7709866143101265,0.13670440908015458,0.3057001848315245,0.23379162924520733,0.1605566007095914
2,ElasticNet,SNPs,-,314263,0.03678199131334896,0.9681413939720521,0.21621361384184815,0.8820064969365674,0.05684497277653853,0.3105675230985484,0.2681172361153065,0.14755207988601504
