,Model_Name,feature_represenation,variance_maintained,Dimentionality,r2_summary,RMSE_summary,r2_train,RMSE_train,standard_error_r2,standard_error_RMSE,standard_error_r2_train,standard_error_RMSE_train
0,Ridge,SNPs,-,314263,0.1486999749393672,0.8987565250346674,0.6828590758731459,0.5529568424270938,0.3560424333205149,0.3850806201627025,0.19105745249686426,0.18811345208913435
1,Lasso,SNPs,-,314263,0.05479263067980187,0.9457181432043227,0.5772028183592326,0.6351797166947708,0.3084066437318219,0.3587031868491299,0.38230303577392055,0.2937934665908417
2,ElasticNet,SNPs,-,314263,0.1656541089876433,0.8967339839039811,0.47393551950049606,0.7219586886865784,0.1460109761490321,0.4006478503113549,0.17644369134176455,0.10420692542123763
