,Model_Name,feature_represenation,variance_maintained,Dimentionality,r2_summary,RMSE_summary,r2_train,RMSE_train,standard_error_r2,standard_error_RMSE,standard_error_r2_train,standard_error_RMSE_train
0,Ridge,SNPs,-,331800,0.5077328306949512,0.6561004774106092,0.9999999999925793,2.3883686873137566e-06,0.2194894513484465,0.2085616478919858,1.8190469544056186e-11,2.703359655497182e-06
1,Lasso,SNPs,-,331800,0.28205672945664867,0.7553831879988951,0.9437828472989647,0.16865272342010865,1.097274132768113,0.4199553503126936,0.1639807591463064,0.32816411362186726
2,ElasticNet,SNPs,-,331800,0.44538947683786406,0.7024276135754434,0.82643498405117,0.3991971626414117,0.1949160801999002,0.26451175914381636,0.17341851094856192,0.23078133074845014
