,Model_Name,feature_represenation,variance_maintained,Dimentionality,r2_summary,RMSE_summary,r2_train,RMSE_train,standard_error_r2,standard_error_RMSE,standard_error_r2_train,standard_error_RMSE_train
0,Ridge,SNPs,-,323224,0.040858739756860295,0.9368534206637655,0.7460379659243263,0.5004333483970317,0.15762640602770933,0.5003210230044285,0.10333983907454895,0.09552534824865004
1,Lasso,SNPs,-,323224,0.02824423606797958,0.9436885355277945,0.28979445632222234,0.8384438437080273,0.14617254528356025,0.5008854308215211,0.3106060537076769,0.21900675129334546
2,ElasticNet,SNPs,-,323224,-0.003366453309013984,0.9612364471929066,0.18576076955933457,0.895598565199162,0.05867345157593084,0.5216327679311662,0.3542401597915688,0.19829792006147687
