,Model_Name,feature_represenation,variance_maintained,Dimentionality,r2_summary,RMSE_summary,r2_train,RMSE_train,standard_error_r2,standard_error_RMSE,standard_error_r2_train,standard_error_RMSE_train
0,Ridge,SNPs,-,323224,-0.041944132116063085,0.9807855306795228,0.39523659341481915,0.762306450774226,0.1244142116359029,0.400012733886678,0.4485468657351353,0.32810281891437015
1,Lasso,SNPs,-,323224,-0.07108441625811732,0.9938553159155155,0.10336519830994964,0.9397293152737158,0.14265911396928668,0.40183080641176305,0.4253183382348002,0.26741147048115554
2,ElasticNet,SNPs,-,323224,-0.04281470293909871,0.9801385965955496,0.2436662830974928,0.8581789727093286,0.11756631336800302,0.38636296259726843,0.45836074554322803,0.2712295383675124
