,Model_Name,feature_represenation,variance_maintained,Dimentionality,r2_summary,RMSE_summary,r2_train,RMSE_train,standard_error_r2,standard_error_RMSE,standard_error_r2_train,standard_error_RMSE_train
0,Ridge,SNPs,-,331484,-0.15070425680623734,1.0072492344255108,0.6580863410242846,0.5568774656434612,0.5726194628281223,0.32408015922465483,0.48487821480382876,0.3432854361118874
1,Lasso,SNPs,-,331484,-0.1506720446458591,1.008670292489382,0.07572758531541687,0.9481460963028003,0.5052697920748754,0.3112793922529106,0.46936443655081883,0.3120316561128941
2,ElasticNet,SNPs,-,331484,-0.11865493751001058,0.9960602670242111,0.032372228971925085,0.9820371613384006,0.479498907540573,0.3180292598737873,0.14677540720811888,0.06695452921442717
