,Model_Name,feature_represenation,variance_maintained,Dimentionality,r2_summary,RMSE_summary,r2_train,RMSE_train,standard_error_r2,standard_error_RMSE,standard_error_r2_train,standard_error_RMSE_train
0,Ridge,SNPs,-,358874,0.7415635121410472,0.49464117859989165,1.0,1.643997297422843e-13,0.1417461237355447,0.19327875349103849,0.0,1.539248981708684e-14
1,Lasso,SNPs,-,358874,0.6602175141210692,0.5662238559438795,0.9990653895075978,0.019811516612282393,0.15621200960509482,0.1838170532169775,0.003586755762137568,0.0486438676859324
2,ElasticNet,SNPs,-,358874,0.711699694988758,0.522943227316251,0.9438617082001243,0.23328021980364677,0.15346557437604152,0.21049731355707493,0.04159478435619608,0.08375995807413401
