,Model_Name,feature_represenation,variance_maintained,Dimentionality,r2_summary,RMSE_summary,r2_train,RMSE_train,standard_error_r2,standard_error_RMSE,standard_error_r2_train,standard_error_RMSE_train
0,Ridge,SNPs,-,358874,0.5068325431250504,0.693815414323003,0.9986954615860383,0.02355726167668466,0.19336106717983023,0.270068426317698,0.004205917738238558,0.05491544318839227
1,Lasso,SNPs,-,358874,0.3879292597853234,0.7719377138900452,0.8801919220361869,0.3292846259490516,0.2160816914145834,0.26934740561212167,0.14118479278575427,0.22627037418654639
2,ElasticNet,SNPs,-,358874,0.4515637198961942,0.7322437744588489,0.8234602085740154,0.417381400156833,0.19581383435411656,0.2757759107235897,0.08278274105703341,0.10096301785663521
