,Model_Name,feature_represenation,variance_maintained,Dimentionality,r2_summary,RMSE_summary,r2_train,RMSE_train,standard_error_r2,standard_error_RMSE,standard_error_r2_train,standard_error_RMSE_train
0,Ridge,SNPs,-,323409,-0.03921189310927211,0.9296137781605027,0.0361456856127345,0.9801670234734856,0.08684854820640245,0.8072602880498957,0.1498393052657109,0.13886807733823342
1,Lasso,SNPs,-,323409,-0.036444213829811375,0.927829653459437,-5.551115123125783e-17,0.9987149312490835,0.08928347906793595,0.8037838466491204,3.7339455742791814e-16,0.09858593167227706
2,ElasticNet,SNPs,-,323409,-0.036444214153182,0.9278296535074044,0.0,0.9987149312490835,0.08928347966424165,0.8037838463767972,0.0,0.09858593167227699
