,Model_Name,feature_represenation,variance_maintained,Dimentionality,r2_summary,RMSE_summary,r2_train,RMSE_train,standard_error_r2,standard_error_RMSE,standard_error_r2_train,standard_error_RMSE_train
0,Ridge,SNPs,-,358874,0.7144690029989207,0.5041715893358848,0.9989525677787039,0.010356581748921545,0.2527306404863973,0.20726672649272745,0.006492052092197639,0.06417552523096076
1,Lasso,SNPs,-,358874,0.57113211542336,0.6050300692962542,0.9701647142364098,0.12839791613268092,0.5575276822859402,0.33942321884590165,0.07392357946954346,0.23639804612182266
2,ElasticNet,SNPs,-,358874,0.6886791344978458,0.5338423049878119,0.8729172903377923,0.353186587507852,0.19883020425617753,0.17226278434301004,0.06614998658570193,0.09645373610714933
