,Model_Name,feature_represenation,variance_maintained,Dimentionality,r2_summary,RMSE_summary,r2_train,RMSE_train,standard_error_r2,standard_error_RMSE,standard_error_r2_train,standard_error_RMSE_train
0,Ridge,SNPs,-,317484,-0.08327797148733251,1.00629199277106,0.31947792305557876,0.8086392244193287,0.2670250351555779,0.31567036583511193,0.4687361216804498,0.3331480699169112
1,Lasso,SNPs,-,317484,-0.05415081143526641,0.993703619933478,-1.1102230246251566e-17,0.9996198687526,0.14786528795249662,0.3029464738268018,2.6051929940942463e-16,0.03344851055449061
2,ElasticNet,SNPs,-,317484,-0.05415081021789932,0.9937036194783828,0.0,0.9996198687526,0.14786528628077358,0.30294647483202675,0.0,0.03344851055449053
