,Model_Name,feature_represenation,variance_maintained,Dimentionality,r2_summary,RMSE_summary,r2_train,RMSE_train,standard_error_r2,standard_error_RMSE,standard_error_r2_train,standard_error_RMSE_train
0,Ridge,SNPs,-,322648,0.04417050551876471,0.9491901158562642,0.9700164632029462,0.157849782861041,0.267190131065065,0.25363135240475415,0.045209331149492306,0.14988367138307304
1,Lasso,SNPs,-,322648,-0.038561008617115054,0.9909138748965893,0.3827929228131756,0.7710928760459778,0.18272643681575818,0.25002419524764247,0.458100628336733,0.3125892014430846
2,ElasticNet,SNPs,-,322648,0.0018644791318847887,0.9706690636214937,0.41858003514044556,0.7496679236486784,0.18038199891906662,0.23111891588569744,0.42618948618450364,0.2793907204081385
