,Model_Name,feature_represenation,variance_maintained,Dimentionality,r2_summary,RMSE_summary,r2_train,RMSE_train,standard_error_r2,standard_error_RMSE,standard_error_r2_train,standard_error_RMSE_train
0,Ridge,SNPs,-,298680,-0.304595760020659,0.9294738593767835,0.8192997946482714,0.41562292300169734,1.2604957030990926,0.48997842186024887,0.15399414815842907,0.1647032975439933
1,Lasso,SNPs,-,298680,-0.6147890364631929,1.0180528881727937,0.335938907583117,0.7578701327431648,1.802436136213681,0.45666722816296873,0.7727280881193879,0.5661679579899004
2,ElasticNet,SNPs,-,298680,-0.47682617972801744,0.9868442429037734,0.25842267322688184,0.8474030889998712,1.5086362793442591,0.49766001285544015,0.48479738827194924,0.2953534310547414
