,Model_Name,feature_represenation,variance_maintained,Dimentionality,r2_summary,RMSE_summary,r2_train,RMSE_train,standard_error_r2,standard_error_RMSE,standard_error_r2_train,standard_error_RMSE_train
0,Ridge,SNPs,-,307883,-0.4768588226639106,0.8870081360899049,0.8695788637727625,0.2989589512180477,3.2071411753430996,0.9308353063818503,0.2907629794702273,0.42900784630514244
1,Lasso,SNPs,-,307883,-0.4711978197434457,0.9160141780755466,0.38780441008220423,0.6577757813223173,2.1422327335550158,0.8963781789229021,0.9818902674624186,0.8729161944321305
2,ElasticNet,SNPs,-,307883,-0.16564881880039994,0.8875053824163602,0.022045585527059507,0.9878907807198074,0.5325058635730167,0.9534401748905879,0.1219499927095061,0.16259319174202647
