,Model_Name,feature_represenation,variance_maintained,Dimentionality,r2_summary,RMSE_summary,r2_train,RMSE_train,standard_error_r2,standard_error_RMSE,standard_error_r2_train,standard_error_RMSE_train
0,Ridge,SNPs,-,320300,-0.29594090169833986,0.9455224486596968,0.8205755553295652,0.4131417273731877,1.4428700405184223,0.36088422366840706,0.1595135798163878,0.18378105564254096
1,Lasso,SNPs,-,320300,-0.3053793560002716,0.9701510663317172,0.2309347800902455,0.8509671970242634,1.1079959162683195,0.4105847458784126,0.6165053487832111,0.38710177605793744
2,ElasticNet,SNPs,-,320300,-0.39726945469605046,0.9865396758717075,0.10379848133587,0.9402869177430756,1.5634566649572954,0.39674701798138856,0.36763852327542434,0.21183741846893359
