,Model_Name,feature_represenation,variance_maintained,Dimentionality,r2_summary,RMSE_summary,r2_train,RMSE_train,standard_error_r2,standard_error_RMSE,standard_error_r2_train,standard_error_RMSE_train
0,Ridge,SNPs,-,293170,-0.039500309397736175,0.9800737510991289,0.6949639469365462,0.5427196560765918,0.2787346243048072,0.20388344639293499,0.23398029422259262,0.18961709382764566
1,Lasso,SNPs,-,293170,-0.09725255036338003,1.0102929630472002,0.16614612091024245,0.9092695232966743,0.24591730485615532,0.25176962884309245,0.2659001488737671,0.12057654862226998
2,ElasticNet,SNPs,-,293170,-0.06389867621187424,0.9978090351029699,0.04493508785184651,0.976156383543402,0.1266918884812648,0.2679325828655438,0.11558524228115737,0.04383861690582602
