,Model_Name,feature_represenation,variance_maintained,Dimentionality,r2_summary,RMSE_summary,r2_train,RMSE_train,standard_error_r2,standard_error_RMSE,standard_error_r2_train,standard_error_RMSE_train
0,Ridge,SNPs,-,322386,-0.16175675687252342,0.917550289593983,0.14717277313318303,0.9221348429651733,0.44918190276810777,0.8821080340882244,0.0024195352740217168,0.09768595144109822
1,Lasso,SNPs,-,322386,-0.1567156404079034,0.9146705002748904,0.0054819098754968374,0.9958682928725928,0.45845592111127126,0.8776230728577299,0.033977229423306006,0.11102573334378286
2,ElasticNet,SNPs,-,322386,-0.15644442782395823,0.9144921353180235,0.0,0.9985141834988771,0.45874818294379444,0.8772287893103283,0.0,0.10490421219147482
