,Model_Name,feature_represenation,variance_maintained,Dimentionality,r2_summary,RMSE_summary,r2_train,RMSE_train,standard_error_r2,standard_error_RMSE,standard_error_r2_train,standard_error_RMSE_train
0,Ridge,SNPs,-,331484,-0.10324860331356818,1.0037874016605977,0.2303729221719702,0.8729594616519489,0.22308964770336356,0.250466756721486,0.27491103134125,0.1405470681434654
1,Lasso,SNPs,-,331484,-0.09255421839134034,0.9994442014264652,-1.554312234475219e-16,0.9995005679381989,0.20867317543221608,0.2540324925548195,4.1287401590462004e-16,0.02938079500090725
2,ElasticNet,SNPs,-,331484,-0.09255421839956775,0.9994442015732851,-2.2204460492503132e-17,0.9995005679381989,0.20867317296167814,0.254032494395266,1.3762467196820668e-16,0.029380795000907227
