,Model_Name,feature_represenation,variance_maintained,Dimentionality,r2_summary,RMSE_summary,r2_train,RMSE_train,standard_error_r2,standard_error_RMSE,standard_error_r2_train,standard_error_RMSE_train
0,Ridge,SNPs,-,228902,-0.014574990568440738,0.9715525058516508,0.38182952526402364,0.7843736700476118,0.20143824133039498,0.33593425202444527,0.16421062869970524,0.11087131291018916
1,Lasso,SNPs,-,228902,-0.09112110267348714,1.00766823579596,0.18513233286660974,0.8907637742652086,0.17681738996011176,0.3379191927178198,0.4929700559908579,0.30620459213195006
2,ElasticNet,SNPs,-,228902,-0.07516875179357477,1.0014091363053705,0.06965363097664465,0.9608995679005309,0.10927051184179395,0.3371328479563888,0.28953712678567833,0.16161346534437623
