,Model_Name,feature_represenation,variance_maintained,Dimentionality,r2_summary,RMSE_summary,r2_train,RMSE_train,standard_error_r2,standard_error_RMSE,standard_error_r2_train,standard_error_RMSE_train
0,Ridge,SNPs,-,326915,0.0291478235723169,0.948341785800846,0.8244420145094321,0.395875120329972,0.2741062849941992,0.2600673118076612,0.19913858691300662,0.2698451661465521
1,Lasso,SNPs,-,326915,0.004873978826969594,0.960839203773391,0.6521343281890256,0.5768380676347569,0.17859568278564314,0.2433497028437753,0.33017307043926886,0.2682595173829873
2,ElasticNet,SNPs,-,326915,0.022746815662072963,0.9534230643283297,0.4017824853494835,0.7614799246246384,0.15086700526741934,0.25386360917149986,0.43260464602887594,0.3070591825998923
