,Model_Name,feature_represenation,variance_maintained,Dimentionality,r2_summary,RMSE_summary,r2_train,RMSE_train,standard_error_r2,standard_error_RMSE,standard_error_r2_train,standard_error_RMSE_train
0,Ridge,SNPs,-,323224,0.04740990280192866,0.932159947999203,0.8521229031215669,0.37733576167330984,0.16578916443045494,0.5652580384341263,0.10108481285823724,0.1444640663654401
1,Lasso,SNPs,-,323224,-0.039268826452290295,0.9707233728481185,0.15834411677568583,0.905033194290102,0.14211996829507625,0.568962566480561,0.4910846581738855,0.2895475448156601
2,ElasticNet,SNPs,-,323224,-0.01751570091888437,0.9631750331862075,0.0,0.9993010996589421,0.047795189420528766,0.5803921786352662,0.0,0.07561551066066799
