,Model_Name,feature_represenation,variance_maintained,Dimentionality,r2_summary,RMSE_summary,r2_train,RMSE_train,standard_error_r2,standard_error_RMSE,standard_error_r2_train,standard_error_RMSE_train
0,Ridge,SNPs,-,330603,0.10343265593055709,0.9129370148641179,0.862804590460951,0.35332006659585347,0.3355224484364112,0.28821211958410176,0.13297692457867416,0.23363805192974163
1,Lasso,SNPs,-,330603,0.1537300895037996,0.8830621980520327,0.823857154918518,0.40575896819052554,0.3575899203079368,0.26104742542500703,0.18152682785374946,0.22578054466781658
2,ElasticNet,SNPs,-,330603,0.07782460147542629,0.9269005458323994,0.4803675963092149,0.7118763445349511,0.17915575701596254,0.2110423625564019,0.31732663235815145,0.24414164473954253
