,Model_Name,feature_represenation,variance_maintained,Dimentionality,r2_summary,RMSE_summary,r2_train,RMSE_train,standard_error_r2,standard_error_RMSE,standard_error_r2_train,standard_error_RMSE_train
0,Ridge,SNPs,-,298680,-0.27363054674527404,0.9561859177774793,0.7074335614321308,0.5205407774773925,0.8920579230381085,0.44257040832010486,0.2333489651971429,0.2972795589730198
1,Lasso,SNPs,-,298680,-0.4386764560377234,1.0080858345438306,0.3197149976456196,0.7846586473087723,1.1420384518297124,0.4268887292183775,0.7108107659509099,0.4736975023396581
2,ElasticNet,SNPs,-,298680,-0.3649928921895612,0.992384184643381,0.03184292393447489,0.9811451311582416,1.0078377642847038,0.46096049528011596,0.1646430261409502,0.08227433656489572
