,Model_Name,feature_represenation,variance_maintained,Dimentionality,r2_summary,RMSE_summary,r2_train,RMSE_train,standard_error_r2,standard_error_RMSE,standard_error_r2_train,standard_error_RMSE_train
0,Ridge,SNPs,-,318434,0.10087725061966119,0.8991662248107205,0.914516366867317,0.14846121467494242,0.4787348525568127,0.3212350954109933,0.3311135076396686,0.5120484490573858
1,Lasso,SNPs,-,318434,-0.0005331071319751079,0.9542971516619848,0.6059463828695512,0.6048758503361445,0.39492312146541747,0.3400168276942189,0.4488025001666544,0.3152576262094001
2,ElasticNet,SNPs,-,318434,0.06223242586470266,0.9295408167596607,0.4645883883804815,0.725859806122395,0.2537664800875216,0.34839057276273755,0.2592545619496054,0.17916870642923283
