,Model_Name,feature_represenation,variance_maintained,Dimentionality,r2_summary,RMSE_summary,r2_train,RMSE_train,standard_error_r2,standard_error_RMSE,standard_error_r2_train,standard_error_RMSE_train
0,Ridge,SNPs,-,295534,0.09533061442164598,0.8695569001903568,0.9336238625253582,0.24877917198996238,0.8188321432057587,0.31134367199029317,0.06724319330559574,0.12763997131947347
1,Lasso,SNPs,-,295534,-0.11448951083241667,0.9964009594337591,0.5957086013901571,0.5208339625566719,0.5108571380555881,0.2913038858212382,0.6897836973255876,0.7422875153863197
2,ElasticNet,SNPs,-,295534,0.04319962600682973,0.9238694030059376,0.43017301334271735,0.7393644884566863,0.5107849251006311,0.356892023292896,0.4362157189962891,0.3047104106180238
