,Model_Name,feature_represenation,variance_maintained,Dimentionality,r2_summary,RMSE_summary,r2_train,RMSE_train,standard_error_r2,standard_error_RMSE,standard_error_r2_train,standard_error_RMSE_train
0,Ridge,SNPs,-,358874,0.7658780128303383,0.4728538912816773,1.0,1.5843358065695233e-13,0.14750685157480797,0.18908037816994808,0.0,9.493331691795588e-15
1,Lasso,SNPs,-,358874,0.6940914327750366,0.5363926190047592,0.9941135218023113,0.05686286570172984,0.20663426233881088,0.18810416059586735,0.017173318266770096,0.1040881315341597
2,ElasticNet,SNPs,-,358874,0.7348938178715827,0.5029810810009326,0.9315958748466168,0.2536425333188495,0.15218334031128364,0.17897386970237633,0.07068434520129635,0.13265380406388338
