,Model_Name,feature_represenation,variance_maintained,Dimentionality,r2_summary,RMSE_summary,r2_train,RMSE_train,standard_error_r2,standard_error_RMSE,standard_error_r2_train,standard_error_RMSE_train
0,Ridge,SNPs,-,358874,0.5971768522936103,0.6198452692156708,0.9999999999985587,1.0065814185375931e-06,0.23250487115658647,0.1936974522063398,5.042561813603622e-12,1.341999418241173e-06
1,Lasso,SNPs,-,358874,0.509208868240536,0.6852165060755557,0.8826757193834222,0.32588991339091133,0.24348069926899102,0.16500491103068068,0.12485615609447372,0.20964709906019371
2,ElasticNet,SNPs,-,358874,0.5454598273601421,0.6601410608149371,0.8234867600350786,0.4152678019960874,0.24345573411459095,0.20069855609811552,0.10846808781603624,0.1326396250615933
