,Model_Name,feature_represenation,variance_maintained,Dimentionality,r2_summary,RMSE_summary,r2_train,RMSE_train,standard_error_r2,standard_error_RMSE,standard_error_r2_train,standard_error_RMSE_train
0,Ridge,SNPs,-,320300,-0.2730106246152661,0.9087333840888921,0.8063527720914081,0.43129745991367663,1.4108751226475282,0.6042306865817563,0.14671901384928668,0.1654065067294925
1,Lasso,SNPs,-,320300,-0.5352291100390996,0.9771390924270332,0.5653544893473628,0.5957049344316282,1.9712129079913425,0.5851756100243811,0.6796342370894695,0.6078490656667215
2,ElasticNet,SNPs,-,320300,-0.3380066871023916,0.9333721517429011,0.2954318998350813,0.8275062247333358,1.5114986249605513,0.6285139274222947,0.459313662555557,0.27324493990511034
