,Model_Name,feature_represenation,variance_maintained,Dimentionality,r2_summary,RMSE_summary,r2_train,RMSE_train,standard_error_r2,standard_error_RMSE,standard_error_r2_train,standard_error_RMSE_train
0,Ridge,SNPs,-,305506,-0.028261867625684035,0.9719249924341089,0.3773340009050945,0.7803403136431115,0.08893296497200041,0.4722552914381179,0.31796359167552235,0.19221309630776418
1,Lasso,SNPs,-,305506,-0.031003056689752517,0.9735693161715617,0.1926665065256083,0.8580227313197224,0.08188114451479765,0.47462712587708006,0.6969202626687236,0.509603465751966
2,ElasticNet,SNPs,-,305506,-0.020772357098326498,0.9707254172600793,0.029031292443518507,0.9836633878282961,0.03553461445776278,0.4854091283286554,0.17993781477830917,0.11712180346239556
