,Model_Name,feature_represenation,variance_maintained,Dimentionality,r2_summary,RMSE_summary,r2_train,RMSE_train,standard_error_r2,standard_error_RMSE,standard_error_r2_train,standard_error_RMSE_train
0,Ridge,SNPs,-,363921,-0.027628971572397874,0.9453523865871847,0.8600104117456012,0.2738839313416343,0.2802527338964489,0.48289945249355865,0.45082481309092226,0.4872022381083575
1,Lasso,SNPs,-,363921,-0.15305211410669317,1.0136353066906079,0.3482106321877891,0.7490473965355856,0.30075558639695965,0.6063710946547077,0.7375750224292067,0.6290305141157781
2,ElasticNet,SNPs,-,363921,-0.08889589536362617,0.9798488272256808,0.054302923152916724,0.9704426921602446,0.250437682298331,0.5405813905289333,0.17185804306977026,0.09994929436755667
