,Model_Name,feature_represenation,variance_maintained,Dimentionality,r2_summary,RMSE_summary,r2_train,RMSE_train,standard_error_r2,standard_error_RMSE,standard_error_r2_train,standard_error_RMSE_train
0,Ridge,SNPs,-,358874,0.3588434927213294,0.7867759071483892,0.994661199628862,0.058509866127026335,0.24030687632661307,0.4074226615933139,0.01213854314846411,0.08933030223916796
1,Lasso,SNPs,-,358874,0.29913738784968064,0.82008927588481,0.7693370849348793,0.47375832664444956,0.15155995279623377,0.36227212548957244,0.14197026290996004,0.14799203563527727
2,ElasticNet,SNPs,-,358874,0.26926543320833884,0.8398867756839886,0.6684612124692015,0.5674316507676357,0.18717095767441252,0.4026565238941578,0.23239158648424454,0.1904174346810668
