,Model_Name,feature_represenation,variance_maintained,Dimentionality,r2_summary,RMSE_summary,r2_train,RMSE_train,standard_error_r2,standard_error_RMSE,standard_error_r2_train,standard_error_RMSE_train
0,Ridge,SNPs,-,358874,0.5079019068402064,0.6929916247357665,0.9999996763252254,0.0001813905658023703,0.19047799549087632,0.26697434612683424,2.0061570374306937e-06,0.001124270373086063
1,Lasso,SNPs,-,358874,0.38781793221157784,0.7717136369364348,0.8959257811529205,0.31149032050386743,0.21625101064156457,0.2659494790177088,0.10098820872374574,0.1780874575093472
2,ElasticNet,SNPs,-,358874,0.44936983894600707,0.7338199900391355,0.8099118392848349,0.4312704795367698,0.21172948292270605,0.2879485864158565,0.10878239269689177,0.12138497153600901
