,Model_Name,feature_represenation,variance_maintained,Dimentionality,r2_summary,RMSE_summary,r2_train,RMSE_train,standard_error_r2,standard_error_RMSE,standard_error_r2_train,standard_error_RMSE_train
0,Ridge,SNPs,-,358874,0.7246164494137632,0.5146482187141804,0.9995797972919147,0.009185167488819373,0.1629150061657172,0.16750593057666754,0.0022502778604384806,0.0379634241246769
1,Lasso,SNPs,-,358874,0.6924955601669445,0.5432226800143845,0.9710838932302177,0.14802143500411505,0.17007956027451282,0.1488720706372779,0.0497568211557751,0.17589070274591156
2,ElasticNet,SNPs,-,358874,0.6777602143263122,0.5571331806348278,0.8752557637144668,0.3508263284457046,0.15926198605811107,0.1523755601687475,0.06569318668977676,0.08974101717648542
