,Model_Name,feature_represenation,variance_maintained,Dimentionality,r2_summary,RMSE_summary,r2_train,RMSE_train,standard_error_r2,standard_error_RMSE,standard_error_r2_train,standard_error_RMSE_train
0,Ridge,SNPs,-,358874,0.4409850232420902,0.7369422907580825,0.9977692242645839,0.027588134892542054,0.2367823339966893,0.22032707409502136,0.009069764378560358,0.07868766608094435
1,Lasso,SNPs,-,358874,0.3632902084494356,0.7885355551439552,0.9163658461304391,0.2595143233969068,0.25509688582883516,0.2578985093776092,0.1438296994405891,0.2687157679992262
2,ElasticNet,SNPs,-,358874,0.3876103346976816,0.7739019796209216,0.7783055256222321,0.46244944429717694,0.21612343420561642,0.23844702388806754,0.15166150162202024,0.1835677391857399
