,Model_Name,feature_represenation,variance_maintained,Dimentionality,r2_summary,RMSE_summary,r2_train,RMSE_train,standard_error_r2,standard_error_RMSE,standard_error_r2_train,standard_error_RMSE_train
0,Ridge,SNPs,-,358874,0.5022003141375987,0.6918127239573965,0.9940352976039546,0.05238819903728408,0.2542208826783249,0.30270977638356344,0.014698357960560687,0.1150735401712078
1,Lasso,SNPs,-,358874,0.4097829015210462,0.7517383747746049,0.9060274070004362,0.29101100318632356,0.2705727537579838,0.28274961752574407,0.12761806879851278,0.20337282137140283
2,ElasticNet,SNPs,-,358874,0.45987559981189824,0.7231270092683946,0.7398671471405123,0.5069762343751896,0.2424519674611856,0.3196253108262054,0.10710888164613676,0.09929634208217644
