,Model_Name,feature_represenation,variance_maintained,Dimentionality,r2_summary,RMSE_summary,r2_train,RMSE_train,standard_error_r2,standard_error_RMSE,standard_error_r2_train,standard_error_RMSE_train
0,Ridge,SNPs,-,323224,-0.027583481684243107,0.9842496746104821,0.5996800816868902,0.6214420982812033,0.14935118890400773,0.3198907316156283,0.2787021921818307,0.2348299518584972
1,Lasso,SNPs,-,323224,-0.033920992061617805,0.9893973885047596,0.0015410905652530004,0.9988892091546397,0.06624652420222644,0.34012363359138276,0.0067208217233895974,0.03802584264434874
2,ElasticNet,SNPs,-,323224,-0.027205229804170915,0.9859148425140295,0.08808853723919127,0.9489167035995861,0.07421286101439413,0.3372835607122019,0.34669587025754844,0.20350081478493795
