,Model_Name,feature_represenation,variance_maintained,Dimentionality,r2_summary,RMSE_summary,r2_train,RMSE_train,standard_error_r2,standard_error_RMSE,standard_error_r2_train,standard_error_RMSE_train
0,Ridge,SNPs,-,331368,0.20928385832698246,0.8506391880369342,0.998047530486071,0.02571173272551881,0.31076479794989503,0.23190128715958394,0.007005475746931767,0.07224421180852635
1,Lasso,SNPs,-,331368,0.027312913536222637,0.9448057636444425,0.9249168976030246,0.2153551280220242,0.35049562929301903,0.26491407516195864,0.18308034525207695,0.3411877698918653
2,ElasticNet,SNPs,-,331368,0.1321513467360604,0.8958327452163689,0.5626089337781762,0.6546838848433578,0.2613530143180904,0.264060571174162,0.2614852618171034,0.19099834810843816
