,Model_Name,feature_represenation,variance_maintained,Dimentionality,r2_summary,RMSE_summary,r2_train,RMSE_train,standard_error_r2,standard_error_RMSE,standard_error_r2_train,standard_error_RMSE_train
0,Ridge,SNPs,-,322648,-0.01971228253535239,0.9828652080310702,0.773698006960058,0.4550032310556675,0.2799178980170185,0.2186816537578055,0.21924979411315212,0.279524088151436
1,Lasso,SNPs,-,322648,-0.051564410653554736,1.0010430510098745,0.10988690372377943,0.9412317784497446,0.18762672643505815,0.23168454108378111,0.2285168556380703,0.12042020617127343
2,ElasticNet,SNPs,-,322648,-0.047158154442501085,0.9993696205915434,0.052034035385051344,0.97110396133101,0.15689426033489465,0.23035813494050797,0.2276608437694846,0.11577187915909264
