,Model_Name,feature_represenation,variance_maintained,Dimentionality,r2_summary,RMSE_summary,r2_train,RMSE_train,standard_error_r2,standard_error_RMSE,standard_error_r2_train,standard_error_RMSE_train
0,Ridge,SNPs,-,344721,0.11949490887831646,0.9024940265984265,0.9406108485925204,0.23283258859606665,0.40798605673189947,0.1488320615266988,0.06545028474001513,0.14055291676167186
1,Lasso,SNPs,-,344721,0.5826807498227516,0.6057038925787506,0.6638662942755207,0.5793067389562354,0.40103801036560793,0.2314046284616616,0.035499230213018686,0.023345010935392214
2,ElasticNet,SNPs,-,344721,0.5609145119791759,0.6262673580728177,0.6201977953045744,0.6154693268240691,0.3716977507591071,0.20768249662183563,0.06264031013527857,0.0453332052841008
