,Model_Name,feature_represenation,variance_maintained,Dimentionality,r2_summary,RMSE_summary,r2_train,RMSE_train,standard_error_r2,standard_error_RMSE,standard_error_r2_train,standard_error_RMSE_train
0,Ridge,SNPs,-,358874,0.7520317444187256,0.47378298872599584,0.9999995818707818,0.0002047645160991699,0.22659212699812364,0.20607667132645613,2.591591744635596e-06,0.0012691436183461695
1,Lasso,SNPs,-,358874,0.6879103350849188,0.5354402796014468,0.9618929525864824,0.17609563130034434,0.2441802212256315,0.20081772759489835,0.05683264087597458,0.17252317585469218
2,ElasticNet,SNPs,-,358874,0.7148550041275674,0.5142189356029605,0.9034384260443071,0.30586277052065153,0.2260947299545489,0.21715975936049475,0.07010295906921951,0.11260741432643603
