,Model_Name,feature_represenation,variance_maintained,Dimentionality,r2_summary,RMSE_summary,r2_train,RMSE_train,standard_error_r2,standard_error_RMSE,standard_error_r2_train,standard_error_RMSE_train
0,Ridge,SNPs,-,321020,0.07147550690797,0.9420884880964088,0.9429733856212189,0.21469298980001852,0.3428084966012751,0.32984346723272145,0.08728045489640911,0.21789987150382334
1,Lasso,SNPs,-,321020,-0.01587773680656076,0.9887009291493725,0.3716892278986142,0.7374318854757279,0.23707852575128316,0.331956065979906,0.68224584730705,0.6114604564044025
2,ElasticNet,SNPs,-,321020,0.029542155236382272,0.9665216100929933,0.3694127150195801,0.7920356967504939,0.16735436686335703,0.30877936808146056,0.16778846159576713,0.10335033064134604
