,Model_Name,feature_represenation,variance_maintained,Dimentionality,r2_summary,RMSE_summary,r2_train,RMSE_train,standard_error_r2,standard_error_RMSE,standard_error_r2_train,standard_error_RMSE_train
0,Ridge,SNPs,-,358874,0.3346345116036657,0.8073517443900997,0.9980911962627563,0.02959969564850068,0.2681068934657686,0.36893578943560085,0.00561356321520542,0.06797085690008223
1,Lasso,SNPs,-,358874,0.2685512823022543,0.8462429847993794,0.5868663532097637,0.6388261968950943,0.2361012413182011,0.35680190485557,0.19407872358204573,0.16729253606540712
2,ElasticNet,SNPs,-,358874,0.2625798941758745,0.8497898267860272,0.6444795806656902,0.5913082896995344,0.18989845443865144,0.3394225021129531,0.19191104220522223,0.17164435560932412
