,Model_Name,feature_represenation,variance_maintained,Dimentionality,r2_summary,RMSE_summary,r2_train,RMSE_train,standard_error_r2,standard_error_RMSE,standard_error_r2_train,standard_error_RMSE_train
0,Ridge,SNPs,-,317484,-0.08336563554495068,1.0002648263893543,0.39003887998701225,0.7682208582459316,0.2611869454188372,0.2492098464675839,0.37987913005839197,0.26956987756843037
1,Lasso,SNPs,-,317484,-0.13403522942121707,1.0224905029400664,0.22464561481604672,0.8634713748871323,0.2457469337860752,0.23292450212482027,0.5103800430792511,0.3295716560968189
2,ElasticNet,SNPs,-,317484,-0.0695470683644881,0.9964019888983535,0.0,0.9996180851562058,0.16430332197296738,0.2633382232941374,0.0,0.030633731486991556
