,Model_Name,feature_represenation,variance_maintained,Dimentionality,r2_summary,RMSE_summary,r2_train,RMSE_train,standard_error_r2,standard_error_RMSE,standard_error_r2_train,standard_error_RMSE_train
0,Ridge,SNPs,-,327819,0.12453438234820821,0.8990119150646708,0.8783523976128003,0.3400259604422832,0.26563819444565534,0.28245299765640985,0.10239182383251938,0.1501699294573893
1,Lasso,SNPs,-,327819,0.07110459377198182,0.9236553367906237,0.5334069361999045,0.6665560844538625,0.29417080590987144,0.2588331345473167,0.3899349535370516,0.3060332851451655
2,ElasticNet,SNPs,-,327819,0.10666581627255785,0.9140793524743351,0.43791627535657784,0.7430530686579493,0.15477302130845202,0.3147712706744946,0.27560970471935303,0.19366399909627827
