,Model_Name,feature_represenation,variance_maintained,Dimentionality,r2_summary,RMSE_summary,r2_train,RMSE_train,standard_error_r2,standard_error_RMSE,standard_error_r2_train,standard_error_RMSE_train
0,Ridge,SNPs,-,323224,0.05427841429871526,0.951194292303941,0.7664067796441627,0.4719467590882929,0.1327085527872233,0.3353144701239727,0.17944353657386533,0.2277575474338995
1,Lasso,SNPs,-,323224,0.006612390864103012,0.9746782405418851,0.24242996496842206,0.865888719495674,0.08668724353695301,0.3369178568130166,0.3082054517479588,0.19449807578676434
2,ElasticNet,SNPs,-,323224,-0.012390143261690679,0.9842597279966749,0.1863493826951225,0.8953865991175747,0.03860687237043573,0.34152373009706927,0.37955709912958235,0.21715374426157696
