,Model_Name,feature_represenation,variance_maintained,Dimentionality,r2_summary,RMSE_summary,r2_train,RMSE_train,standard_error_r2,standard_error_RMSE,standard_error_r2_train,standard_error_RMSE_train
0,Ridge,SNPs,-,364644,0.3799729598760569,0.7635020257211753,0.9978505666587524,0.03509697517954824,0.3618441259329003,0.3096862387132329,0.005552900966907732,0.06198818520965746
1,Lasso,SNPs,-,364644,0.3315332777536684,0.7957719223674475,0.8558203379865889,0.3722628820125397,0.1788297255958543,0.2160439507376121,0.09521815858645433,0.1444764442285178
2,ElasticNet,SNPs,-,364644,0.32565854402736033,0.7997754065461148,0.8417744901499442,0.3866327025688587,0.26271938323066885,0.27545329985052686,0.14235291615218776,0.19548810431148048
