,Model_Name,feature_represenation,variance_maintained,Dimentionality,r2_summary,RMSE_summary,r2_train,RMSE_train,standard_error_r2,standard_error_RMSE,standard_error_r2_train,standard_error_RMSE_train
0,Ridge,SNPs,-,323224,-0.009147478909053475,0.9875031360920941,0.8701570566458363,0.3185390908112179,0.17529112532803204,0.25867167113053885,0.2307333836428477,0.34485375474580365
1,Lasso,SNPs,-,323224,-0.013883467029451025,0.9904196315268239,0.177941406431582,0.905558998222704,0.07458574063809148,0.24588120063030783,0.17784354801148297,0.10693947048827417
2,ElasticNet,SNPs,-,323224,-0.02215121184739899,0.9950608885811886,0.00673065394558805,0.9964319641210447,0.059738316742601466,0.25535098533904094,0.02887247883610518,0.03245767639202789
