,Model_Name,feature_represenation,variance_maintained,Dimentionality,r2_summary,RMSE_summary,r2_train,RMSE_train,standard_error_r2,standard_error_RMSE,standard_error_r2_train,standard_error_RMSE_train
0,Ridge,SNPs,-,320302,-0.05074357666241437,0.9662686516227953,0.2411371137928804,0.8690900456561719,0.1277034043007814,0.5638175908740197,0.2420606127819757,0.18641380467941635
1,Lasso,SNPs,-,320302,-0.05934832099291463,0.9700889581480505,0.019885877577249956,0.9884910185037334,0.11675680626379588,0.5619271247608358,0.12325394617414644,0.0919334504191141
2,ElasticNet,SNPs,-,320302,-0.052415555901087506,0.9672529830764593,-1.1102230246251566e-17,0.9991144525456757,0.10572629519106282,0.5634570166871306,1.6056211729624113e-16,0.07293453500776635
