,Model_Name,feature_represenation,variance_maintained,Dimentionality,r2_summary,RMSE_summary,r2_train,RMSE_train,standard_error_r2,standard_error_RMSE,standard_error_r2_train,standard_error_RMSE_train
0,Ridge,SNPs,-,305506,-0.21235564316583433,0.8089216199645962,0.053838584610495774,0.9644322600643328,0.5474182384144625,1.2723404040232782,0.26265601649156334,0.2753001090838783
1,Lasso,SNPs,-,305506,-0.24887069835724732,0.8096806023159966,0.15588830074107501,0.9157639134280696,0.8240902056961698,1.2691017437244658,0.44467113558847976,0.41269342402791803
2,ElasticNet,SNPs,-,305506,-0.20843938936391934,0.8065919354894743,-2.2204460492503132e-17,0.9936884061517284,0.5526448466173225,1.2688377997285596,1.3762467196820668e-16,0.22434465243603277
