,Model_Name,feature_represenation,variance_maintained,Dimentionality,r2_summary,RMSE_summary,r2_train,RMSE_train,standard_error_r2,standard_error_RMSE,standard_error_r2_train,standard_error_RMSE_train
0,Ridge,SNPs,-,321020,-0.018697025795447787,0.9151797484185804,0.9698484915292358,0.12767496621891095,0.5445274312683321,0.669666842227559,0.08048567576981853,0.2491107008303852
1,Lasso,SNPs,-,321020,-0.19034717451595037,0.9594427954138247,0.5826364089388752,0.5860722873620247,1.1896614347868792,0.6348717239766161,0.5470307138236833,0.5459287530501439
2,ElasticNet,SNPs,-,321020,-0.05933872326020643,0.9396094043541662,0.360012170189458,0.7797147932603689,0.28867105212277844,0.6512004141208589,0.5575708793029956,0.39122652910361577
