,Model_Name,feature_represenation,variance_maintained,Dimentionality,r2_summary,RMSE_summary,r2_train,RMSE_train,standard_error_r2,standard_error_RMSE,standard_error_r2_train,standard_error_RMSE_train
0,Ridge,SNPs,-,326458,0.11992472086850564,0.9167564465372052,0.9227470269705922,0.2544594536914428,0.2101589933635728,0.24238133267120868,0.12361603775239603,0.22560597389570272
1,Lasso,SNPs,-,326458,-0.10335530258315859,1.022374576217558,0.31290210338834906,0.7749430153834692,0.3121634327589464,0.21993935937327302,0.7281325695625722,0.6144961718971294
2,ElasticNet,SNPs,-,326458,0.04931880850491642,0.95467116601278,0.3829488914843268,0.7731167816374869,0.17630290361242132,0.2596626795163111,0.4113197554207743,0.2815073112750259
