,Model_Name,feature_represenation,variance_maintained,Dimentionality,r2_summary,RMSE_summary,r2_train,RMSE_train,standard_error_r2,standard_error_RMSE,standard_error_r2_train,standard_error_RMSE_train
0,Ridge,SNPs,-,358874,0.8278185746172806,0.40030231750237005,0.9999999999991781,7.447703621556603e-07,0.1554270293005722,0.19275146261178178,2.9866785097061566e-12,1.094028818957804e-06
1,Lasso,SNPs,-,358874,0.3962900739919778,0.7540096978654272,0.9988261752867834,0.010998752242985946,0.47763232895484453,0.31888559041375253,0.00727543873097582,0.06805395224967187
2,ElasticNet,SNPs,-,358874,0.8018572456096019,0.4320054936806085,0.9538390472461663,0.2108676619493962,0.14518036633553835,0.1637111838515792,0.042615267943242406,0.08542053263983032
