,Model_Name,feature_represenation,variance_maintained,Dimentionality,r2_summary,RMSE_summary,r2_train,RMSE_train,standard_error_r2,standard_error_RMSE,standard_error_r2_train,standard_error_RMSE_train
0,Ridge,SNPs,-,323224,0.0375628265749056,0.9472258315415227,0.9713077153051565,0.1470287382117533,0.22832060118958913,0.20225534966040531,0.055545130135296286,0.1759787844684355
1,Lasso,SNPs,-,323224,-0.08611050096839881,1.00727709991973,0.33360922795129605,0.8072948755499427,0.22216503156460254,0.217770611620381,0.3811995800718593,0.23782534974984476
2,ElasticNet,SNPs,-,323224,-0.012238248371407546,0.9728653984825241,0.43158690473740174,0.7427613550508716,0.18149980208911498,0.20823310478148252,0.4020430144739368,0.2626566173452725
