,Model_Name,feature_represenation,variance_maintained,Dimentionality,r2_summary,RMSE_summary,r2_train,RMSE_train,standard_error_r2,standard_error_RMSE,standard_error_r2_train,standard_error_RMSE_train
0,Ridge,SNPs,-,286534,-0.04816918221070734,0.9878805937012328,0.6080001822261809,0.6180552114045497,0.2994541884811767,0.11472812216276813,0.24047974765397873,0.20768656821209053
1,Lasso,SNPs,-,286534,-0.0975765916136216,1.0118734569807033,0.07610486838661992,0.9596197477718276,0.23622087079574544,0.055225798022826074,0.19467104906160146,0.10590139120732654
2,ElasticNet,SNPs,-,286534,-0.09107584906952138,1.0086473813967403,0.010745252669003957,0.9940895170253788,0.24393558635761214,0.05171173342569716,0.06659976603738904,0.0344338700829349
