,Model_Name,feature_represenation,variance_maintained,Dimentionality,r2_summary,RMSE_summary,r2_train,RMSE_train,standard_error_r2,standard_error_RMSE,standard_error_r2_train,standard_error_RMSE_train
0,Ridge,SNPs,-,358874,0.6645156790817356,0.5661355969502785,0.9941526947766509,0.06781386626021174,0.20772401196609744,0.23720852416002539,0.012128654528147605,0.07398887409035064
1,Lasso,SNPs,-,358874,0.5653130061630094,0.641883181127884,0.968423002826924,0.15413886060828813,0.25003382073202884,0.22675363656910646,0.048512415215024,0.18521801001074356
2,ElasticNet,SNPs,-,358874,0.614852313495803,0.6068564632787197,0.8391959959012466,0.3990764356431624,0.20064011240252297,0.22656023253309504,0.06405604975458815,0.07940325630610767
