,Model_Name,feature_represenation,variance_maintained,Dimentionality,r2_summary,RMSE_summary,r2_train,RMSE_train,standard_error_r2,standard_error_RMSE,standard_error_r2_train,standard_error_RMSE_train
0,Ridge,SNPs,-,358874,0.6326869337943146,0.5981859219052795,0.9985075586948291,0.02895362285659575,0.18545990025819492,0.2188799910860002,0.003948915766212381,0.05317083226332793
1,Lasso,SNPs,-,358874,0.6225999966323049,0.6081053240662475,0.9761689292002568,0.13749786272216577,0.13128946585563617,0.1851533225876104,0.045336215512467026,0.1407017985952228
2,ElasticNet,SNPs,-,358874,0.599973975682156,0.6262110468255979,0.8724737757358073,0.3501858011542895,0.15365369583632113,0.21103205925674273,0.09931356987725193,0.14097358374145733
