,Model_Name,feature_represenation,variance_maintained,Dimentionality,r2_summary,RMSE_summary,r2_train,RMSE_train,standard_error_r2,standard_error_RMSE,standard_error_r2_train,standard_error_RMSE_train
0,Ridge,SNPs,-,366534,0.6699951822227493,0.5681268606448534,0.9991687461316703,0.02453893035079238,0.07912654525921343,0.09594958593940052,0.0015139743083354181,0.031173643402516125
1,Lasso,SNPs,-,366534,0.6605207323020323,0.5759480728334796,0.8854566981785369,0.3384040118051877,0.07595969223692126,0.08623182840618704,0.0018689922910931345,0.005904048892545817
2,ElasticNet,SNPs,-,366534,0.6573795974610561,0.579062460316925,0.9044731714388358,0.30641594752560253,0.06878403047541251,0.08959678529228435,0.044898771351821985,0.08301054148207859
