,Model_Name,feature_represenation,variance_maintained,Dimentionality,r2_summary,RMSE_summary,r2_train,RMSE_train,standard_error_r2,standard_error_RMSE,standard_error_r2_train,standard_error_RMSE_train
0,Ridge,SNPs,-,323224,-0.027701745509567766,0.9990770920322155,0.013662094612993692,0.9929580303397815,0.05765431303737883,0.16383757572725074,0.009540702151529202,0.01662265558625922
1,Lasso,SNPs,-,323224,-0.02729958150165468,0.9989038405006568,5.551115123125783e-17,0.9998224606227714,0.05771970188417245,0.16437169447020858,3.119829861749921e-16,0.018120787633188598
2,ElasticNet,SNPs,-,323224,-0.027299582527158407,0.998903840993204,-2.2204460492503132e-17,0.9998224606227714,0.05771970594186193,0.1643716949891967,1.3762467196820668e-16,0.01812078763318855
