,Model_Name,feature_represenation,variance_maintained,Dimentionality,r2_summary,RMSE_summary,r2_train,RMSE_train,standard_error_r2,standard_error_RMSE,standard_error_r2_train,standard_error_RMSE_train
0,Ridge,SNPs,-,331484,-0.0893675911732292,0.997693593854817,0.1574136869624722,0.9174513961582587,0.21246315564226873,0.25045437102421997,0.006456432093446646,0.025189381521206023
1,Lasso,SNPs,-,331484,-0.09255421839134034,0.9994442014264652,-1.554312234475219e-16,0.9995005679381989,0.20867317543221608,0.2540324925548195,4.1287401590462004e-16,0.02938079500090725
2,ElasticNet,SNPs,-,331484,-0.09255421839956775,0.9994442015732851,-2.2204460492503132e-17,0.9995005679381989,0.20867317296167814,0.254032494395266,1.3762467196820668e-16,0.029380795000907227
