,Model_Name,feature_represenation,variance_maintained,Dimentionality,r2_summary,RMSE_summary,r2_train,RMSE_train,standard_error_r2,standard_error_RMSE,standard_error_r2_train,standard_error_RMSE_train
0,Ridge,SNPs,-,322088,-0.0048600632823126875,0.9805703025997001,0.8841867506821522,0.3069804898259125,0.18096512970301826,0.2765067943911065,0.15170969307204582,0.30110642171121804
1,Lasso,SNPs,-,322088,-0.020592488242922015,0.9902116466756867,0.11712362611763234,0.9314199346079205,0.059699222029883973,0.2858282175548006,0.4233761935602161,0.2533664219572207
2,ElasticNet,SNPs,-,322088,-0.04277793989994037,1.000444082526282,0.1977856866859705,0.8784164770004921,0.1044628384958838,0.28559649279335064,0.5589742518175213,0.3526924110683867
