,Model_Name,feature_represenation,variance_maintained,Dimentionality,r2_summary,RMSE_summary,r2_train,RMSE_train,standard_error_r2,standard_error_RMSE,standard_error_r2_train,standard_error_RMSE_train
0,Ridge,SNPs,-,327819,0.12361361377760614,0.9168064417448697,0.8552162358890067,0.34876798282092164,0.24581947898550113,0.3191426511623466,0.17441537415734687,0.3165677545046925
1,Lasso,SNPs,-,327819,0.10732167198082121,0.9175328528810478,0.7623232437444558,0.4537340615536833,0.2806868816659669,0.23177723876814005,0.3293164864374283,0.3611077563426403
2,ElasticNet,SNPs,-,327819,0.12394538078943182,0.9151042161772133,0.5114259533661168,0.6859182279418775,0.1676002357437245,0.2696972098505707,0.37674038426316275,0.29936006105443175
