,Model_Name,feature_represenation,variance_maintained,Dimentionality,r2_summary,RMSE_summary,r2_train,RMSE_train,standard_error_r2,standard_error_RMSE,standard_error_r2_train,standard_error_RMSE_train
0,Ridge,SNPs,-,366200,0.7883222784948195,0.4395855725764976,0.9998744784797199,0.0035390933534145117,0.22554166132852438,0.23755966650577967,0.0007779904429260604,0.02193552786249383
1,Lasso,SNPs,-,366200,0.7322291959152499,0.4999592302358107,0.943756373335573,0.21894292035551993,0.22932232736517544,0.22039931510614602,0.06903745834155024,0.18910324327734215
2,ElasticNet,SNPs,-,366200,0.73344217398129,0.4957971144083854,0.8910388103628916,0.3197650357731787,0.26989597694166556,0.2689401817260679,0.11209586364017766,0.16032970193675083
