,Model_Name,feature_represenation,variance_maintained,Dimentionality,r2_summary,RMSE_summary,r2_train,RMSE_train,standard_error_r2,standard_error_RMSE,standard_error_r2_train,standard_error_RMSE_train
0,Ridge,SNPs,-,363320,0.009227943121918825,0.9783391964321959,0.4474923663528589,0.7403169281521269,0.17649739490927446,0.15464308409155286,0.1889482862547074,0.12818848300916896
1,Lasso,SNPs,-,363320,0.016266842526086178,0.9751142400766879,0.30348235936719237,0.8343032564292663,0.16138007261147663,0.15601447908405752,0.034691567934974014,0.015355094183714744
2,ElasticNet,SNPs,-,363320,-0.005518988544556935,0.9880213432046213,0.13557936186889596,0.9282790003802479,0.06295695079921218,0.17965752319119266,0.1782932376576789,0.09724648686414783
