,Model_Name,feature_represenation,variance_maintained,Dimentionality,r2_summary,RMSE_summary,r2_train,RMSE_train,standard_error_r2,standard_error_RMSE,standard_error_r2_train,standard_error_RMSE_train
0,Ridge,SNPs,-,323409,-0.028924471077636828,0.9790694816831451,0.011970784607691664,0.9935234991573272,0.06798549874526226,0.43974158478765857,0.0004474493273751963,0.05073392132636776
1,Lasso,SNPs,-,323409,-0.04242353012075604,0.9855011404021131,0.06769157859293932,0.9616139950421356,0.072164399339063,0.44051626471644245,0.29125545264914754,0.17447200646488686
2,ElasticNet,SNPs,-,323409,-0.02863116659765743,0.9788491119628777,-8.881784197001253e-17,0.9995226817325806,0.06837814731483462,0.43914277112990613,3.042995992095228e-16,0.05092470154765147
