,Model_Name,feature_represenation,variance_maintained,Dimentionality,r2_summary,RMSE_summary,r2_train,RMSE_train,standard_error_r2,standard_error_RMSE,standard_error_r2_train,standard_error_RMSE_train
0,Ridge,SNPs,-,307883,-0.36781553788380505,0.8976760284631118,0.7019338425404074,0.47525268246087027,1.2285486035683544,1.0426447814273454,0.6110797814067273,0.5717261513762335
1,Lasso,SNPs,-,307883,-0.35343312217641554,0.8900146807295681,0.014859702912522931,0.9910277694957679,1.2070907119700902,1.0127737514735122,0.09210139285174104,0.18668617600858523
2,ElasticNet,SNPs,-,307883,-0.3549649322620148,0.8902506737591169,0.04246160145471913,0.9728208127032605,1.2053651435072148,1.0086527427081733,0.26317973244265397,0.2081634508900067
