,Model_Name,feature_represenation,variance_maintained,Dimentionality,r2_summary,RMSE_summary,r2_train,RMSE_train,standard_error_r2,standard_error_RMSE,standard_error_r2_train,standard_error_RMSE_train
0,Ridge,SNPs,-,337101,0.5301942451277034,0.6502474625794353,0.9999999999994796,7.107801651752712e-07,0.24123342914139423,0.2939639734030558,3.9865042158491125e-13,2.5806236030488645e-07
1,Lasso,SNPs,-,337101,0.06032649053441398,0.8628565581988707,0.9950348489701115,0.05016656392307453,1.5949602137996464,0.6643784276755472,0.011186612195335649,0.10150108208001923
2,ElasticNet,SNPs,-,337101,0.4622246190419085,0.695591554630602,0.8921203906627226,0.3236336684933243,0.2513571843068713,0.28985821662419103,0.07745456355842825,0.12159753484855959
