,Model_Name,feature_represenation,variance_maintained,Dimentionality,r2_summary,RMSE_summary,r2_train,RMSE_train,standard_error_r2,standard_error_RMSE,standard_error_r2_train,standard_error_RMSE_train
0,Ridge,SNPs,-,367285,0.7647030709052113,0.44050873172028004,1.0,1.7839364740778516e-13,0.22013928631222776,0.1934711339648103,0.0,1.610965543719885e-14
1,Lasso,SNPs,-,367285,0.693496479795815,0.5012860414272393,0.9873312877431693,0.0765228110400028,0.2453393546627416,0.12960508764120005,0.03855254416568177,0.17294098150408457
2,ElasticNet,SNPs,-,367285,0.7231855922722742,0.48839850429904547,0.8992330299930265,0.3146904390417822,0.21831883050621156,0.22523346356962273,0.04871578216051558,0.06931943273019224
