,Model_Name,feature_represenation,variance_maintained,Dimentionality,r2_summary,RMSE_summary,r2_train,RMSE_train,standard_error_r2,standard_error_RMSE,standard_error_r2_train,standard_error_RMSE_train
0,Ridge,SNPs,-,358874,0.7100798659756321,0.5251941499030617,1.0,1.9626395161034864e-13,0.1634250704705198,0.13484351391038207,0.0,1.522518540476023e-14
1,Lasso,SNPs,-,358874,0.6464228512136027,0.5811438078063433,0.9816813129472074,0.10006019414739517,0.18307596148145747,0.13331432083461817,0.06272386634018463,0.18827890465357527
2,ElasticNet,SNPs,-,358874,0.6850032819509886,0.5494222753788564,0.9440163718166635,0.22309244044671367,0.14502956637310804,0.12026279151100265,0.08134384847420793,0.16302723718225193
