,Model_Name,feature_represenation,variance_maintained,Dimentionality,r2_summary,RMSE_summary,r2_train,RMSE_train,standard_error_r2,standard_error_RMSE,standard_error_r2_train,standard_error_RMSE_train
0,Ridge,SNPs,-,334224,-0.07427119806184233,0.9920656933213544,0.31639777125822705,0.8160316702897867,0.21200703739842983,0.2016264077147029,0.38613605514644295,0.2528329205787255
1,Lasso,SNPs,-,334224,-0.08284124515014693,0.9993563490086133,-8.881784197001253e-17,0.9995630594686169,0.1172228708673286,0.23549589648177066,4.2045031785851613e-16,0.02471698134140039
2,ElasticNet,SNPs,-,334224,-0.1171565515942016,1.0152046084738013,0.22614979426828632,0.8625456404156933,0.1628349608415393,0.2505509481846102,0.5644856317232054,0.36383153478383956
