,Model_Name,feature_represenation,variance_maintained,Dimentionality,r2_summary,RMSE_summary,r2_train,RMSE_train,standard_error_r2,standard_error_RMSE,standard_error_r2_train,standard_error_RMSE_train
0,Ridge,SNPs,-,333721,0.5907736686230288,0.6245423555275231,1.0,2.1399788592482535e-13,0.14392665088774587,0.167217719959142,0.0,9.535322013339554e-15
1,Lasso,SNPs,-,333721,0.6225087117512641,0.5971565666107607,0.9858266952682124,0.09425112262171785,0.17122043820064273,0.15812002966193703,0.03428183185019368,0.15142659864176522
2,ElasticNet,SNPs,-,333721,0.5783393191206376,0.6359829737151732,0.936021600428244,0.24430944062890575,0.1306065847518052,0.1829207596440449,0.07560130292990543,0.136814214728815
