,Model_Name,feature_represenation,variance_maintained,Dimentionality,r2_summary,RMSE_summary,r2_train,RMSE_train,standard_error_r2,standard_error_RMSE,standard_error_r2_train,standard_error_RMSE_train
0,Ridge,SNPs,-,295534,-0.11615299352051829,0.9586897696608211,0.7632265946117243,0.47493792056702383,1.0868898912698175,0.28087098964791957,0.20381982208368032,0.21042854429020236
1,Lasso,SNPs,-,295534,-0.16751871901096202,0.9985926618184813,0.010750578185575843,0.994083692990254,0.7801195533814238,0.301544179965324,0.066632773931075,0.053090425980957645
2,ElasticNet,SNPs,-,295534,-0.19284525449852916,1.0017867838142505,0.056936348482503805,0.9690671238549667,0.9824968369950275,0.2971396262272279,0.21230906422880133,0.11731768072244117
