,Model_Name,feature_represenation,variance_maintained,Dimentionality,r2_summary,RMSE_summary,r2_train,RMSE_train,standard_error_r2,standard_error_RMSE,standard_error_r2_train,standard_error_RMSE_train
0,Ridge,SNPs,-,327819,0.1248304796959731,0.8987088386049966,0.8897709079936956,0.32067545286479393,0.26427398484337983,0.27993910570473396,0.10590737652966925,0.17197653675829333
1,Lasso,SNPs,-,327819,0.07646628130072916,0.9215250970679001,0.6582395228417072,0.5500400089881367,0.27797514665093964,0.25961999112064515,0.44613304476484006,0.4096125393359007
2,ElasticNet,SNPs,-,327819,0.11839215838204822,0.9058973901839429,0.5570891382155695,0.6613336598440367,0.20059181041780771,0.3038535801353343,0.19145921415491926,0.1356009459080234
