,Model_Name,feature_represenation,variance_maintained,Dimentionality,r2_summary,RMSE_summary,r2_train,RMSE_train,standard_error_r2,standard_error_RMSE,standard_error_r2_train,standard_error_RMSE_train
0,Ridge,SNPs,-,363497,0.1043639109851053,0.9407524222911202,0.6519080737951687,0.5886650877214885,0.10022846252551552,0.13892748936875432,0.10162202448012606,0.0901179705517018
1,Lasso,SNPs,-,363497,0.03654293829282831,0.9759792087320864,0.14081659238693578,0.9257030781266467,0.04807673588380098,0.1343382779943009,0.18239211916606746,0.10671387647331207
2,ElasticNet,SNPs,-,363497,0.09213551175737314,0.9475962664428692,0.4065637374169728,0.7678597742983427,0.07686169745248969,0.1440493803567817,0.1958334429892177,0.12171110908741105
