,Model_Name,feature_represenation,variance_maintained,Dimentionality,r2_summary,RMSE_summary,r2_train,RMSE_train,standard_error_r2,standard_error_RMSE,standard_error_r2_train,standard_error_RMSE_train
0,Ridge,SNPs,-,307883,-0.006950332365716838,0.9107792999058456,0.9724745263448956,0.14988076508871614,0.4895171322424105,0.6340569107733647,0.05151218708803063,0.15077564939020235
1,Lasso,SNPs,-,307883,-0.22457487105732998,1.0031236417737934,0.26714138197235127,0.8337747204832905,0.6475720455132103,0.6562758431246097,0.6177214192800553,0.42082714880165467
2,ElasticNet,SNPs,-,307883,-0.17045201447056896,0.9731331570838102,0.35113912873741343,0.7652500343063257,0.6442507467571951,0.6054836666441465,0.7420319084997832,0.49346357253976403
