,Model_Name,feature_represenation,variance_maintained,Dimentionality,r2_summary,RMSE_summary,r2_train,RMSE_train,standard_error_r2,standard_error_RMSE,standard_error_r2_train,standard_error_RMSE_train
0,Ridge,SNPs,-,295534,-0.13832810528344738,0.9729973055012597,0.610451102990248,0.5788574424750506,1.0112869765876513,0.2734804511378018,0.5040364697824149,0.4703158164871511
1,Lasso,SNPs,-,295534,-0.16399497492615905,0.9966602492921296,-5.551115123125783e-17,0.9995067330080092,0.7819368439450444,0.29665220105830425,3.440616799205167e-16,0.028842655662377193
2,ElasticNet,SNPs,-,295534,-0.16226981230013612,0.9957019985084766,0.040231824390120206,0.9771470288502977,0.7834861741854013,0.29509020515615303,0.24935943101352084,0.15074386754036878
