,Model_Name,feature_represenation,variance_maintained,Dimentionality,r2_summary,RMSE_summary,r2_train,RMSE_train,standard_error_r2,standard_error_RMSE,standard_error_r2_train,standard_error_RMSE_train
0,Ridge,SNPs,-,323063,-0.010029850659664896,0.9638954515697813,0.9140740197504403,0.23135952832105733,0.23568048232504016,0.2627091653129147,0.25961213655314397,0.35373988465830236
1,Lasso,SNPs,-,323063,-0.08049619044468168,0.990083644514678,0.4651728856019373,0.7155747144479526,0.4616363525007603,0.2530939145583975,0.41594198261704873,0.30770592315726686
2,ElasticNet,SNPs,-,323063,-0.03154954575515408,0.9789496614292916,0.2983572096120266,0.8258731914079133,0.17628155814685817,0.3115751468422084,0.4033114709968679,0.28252948192881994
