,Model_Name,feature_represenation,variance_maintained,Dimentionality,r2_summary,RMSE_summary,r2_train,RMSE_train,standard_error_r2,standard_error_RMSE,standard_error_r2_train,standard_error_RMSE_train
0,Ridge,SNPs,-,323224,-0.0258084423226127,0.9887077836163731,0.5195038753417396,0.6836330572721663,0.1290034983398433,0.25925498361541244,0.30853228078056416,0.24533485709153138
1,Lasso,SNPs,-,323224,-0.027992936920635002,0.9921348883843801,0.0,0.9997554287645133,0.07947726450213564,0.2816170813185608,2.9013828376870757e-16,0.03061782840810944
2,ElasticNet,SNPs,-,323224,-0.02799293709333872,0.9921348884696628,0.0,0.9997554287645132,0.07947726306133579,0.2816170812565655,0.0,0.03061782840810943
