,Model_Name,feature_represenation,variance_maintained,Dimentionality,r2_summary,RMSE_summary,r2_train,RMSE_train,standard_error_r2,standard_error_RMSE,standard_error_r2_train,standard_error_RMSE_train
0,Ridge,SNPs,-,318434,0.14777718783977276,0.8977258397914865,0.9528332722934558,0.20378506469726484,0.2548679299730916,0.2902731736546157,0.046162821051248686,0.15723087626875015
1,Lasso,SNPs,-,318434,0.11467025749600473,0.9130728474502944,0.7887439016214106,0.4031698765483186,0.26448230527914296,0.2836667615048357,0.33737768213558866,0.4532950084028628
2,ElasticNet,SNPs,-,318434,0.08009994982929923,0.9368265272468467,0.4082292923508096,0.7660408497365635,0.12697768253740263,0.3142500091638461,0.21355149532869364,0.14284999465191514
