,Model_Name,feature_represenation,variance_maintained,Dimentionality,r2_summary,RMSE_summary,r2_train,RMSE_train,standard_error_r2,standard_error_RMSE,standard_error_r2_train,standard_error_RMSE_train
0,Ridge,SNPs,-,358874,0.27277214050727616,0.8020693119536707,0.9819205812280904,0.08259266069670348,0.3208361468285211,0.6098086932449263,0.06821277849135139,0.20448833850082207
1,Lasso,SNPs,-,358874,0.20627162845351688,0.8338137236343889,0.7606203361191022,0.434179220897116,0.24485044612721676,0.5859602383412476,0.372394311245593,0.4574271474953057
2,ElasticNet,SNPs,-,358874,0.20529506288144178,0.8414345355472873,0.5559785788227471,0.662090855103796,0.1613863348256416,0.6153664378342848,0.20308556555150514,0.18751288467193933
