,Model_Name,feature_represenation,variance_maintained,Dimentionality,r2_summary,RMSE_summary,r2_train,RMSE_train,standard_error_r2,standard_error_RMSE,standard_error_r2_train,standard_error_RMSE_train
0,Ridge,SNPs,-,318434,0.11332184425040996,0.9092178124768489,0.9904723901280424,0.05086485041852405,0.34411092876241134,0.2980680793423198,0.04094539091079252,0.17194391859052302
1,Lasso,SNPs,-,318434,0.1130666526865246,0.9065303349696484,0.756944653050472,0.45820785961777954,0.31799194058291935,0.23685753766546114,0.36743093571471136,0.37412123490894733
2,ElasticNet,SNPs,-,318434,0.08760361257773253,0.9255817776958495,0.6166345204320409,0.6141607553470534,0.2001352428195399,0.2809227047248915,0.18036006405080246,0.13970831161678854
