,Model_Name,feature_represenation,variance_maintained,Dimentionality,r2_summary,RMSE_summary,r2_train,RMSE_train,standard_error_r2,standard_error_RMSE,standard_error_r2_train,standard_error_RMSE_train
0,Ridge,SNPs,-,358874,0.24827980195301155,0.8460381420778391,0.9787373355691338,0.12092457066864835,0.24469773046302945,0.4438226456184011,0.048598651929441565,0.16188459695998067
1,Lasso,SNPs,-,358874,0.14222607595508704,0.8964609250138121,0.8155594361770468,0.40148225860461184,0.25090592922948746,0.4167225138746604,0.29197975736976306,0.3000610553535731
2,ElasticNet,SNPs,-,358874,0.1896723417238696,0.8759854094829074,0.6428197354756434,0.5931116792657422,0.16442799540531736,0.4230174124077577,0.18989546455070094,0.17584057700772396
