,Model_Name,feature_represenation,variance_maintained,Dimentionality,r2_summary,RMSE_summary,r2_train,RMSE_train,standard_error_r2,standard_error_RMSE,standard_error_r2_train,standard_error_RMSE_train
0,Ridge,SNPs,-,358874,0.58509421453754,0.6354301358712279,0.9964026707195053,0.04869264601328261,0.22476813704942344,0.2342877130193946,0.008355913699688517,0.07255914952950035
1,Lasso,SNPs,-,358874,0.5709120525029163,0.6478065090911947,0.9230077891599184,0.264570741883078,0.18509001219560522,0.2163177746669312,0.08736784933896642,0.16558399380420266
2,ElasticNet,SNPs,-,358874,0.5523555705243348,0.6617023859758925,0.8581197102667335,0.37459536888517553,0.19544544596484223,0.22385103890893998,0.0657835084574417,0.08883901255468381
