,Model_Name,feature_represenation,variance_maintained,Dimentionality,r2_summary,RMSE_summary,r2_train,RMSE_train,standard_error_r2,standard_error_RMSE,standard_error_r2_train,standard_error_RMSE_train
0,Ridge,SNPs,-,326322,0.5847346658413193,0.6096729137122692,1.0,1.9215390572104925e-13,0.2761950523910699,0.216038825375405,0.0,1.2664048406153066e-14
1,Lasso,SNPs,-,326322,0.493251552894262,0.6784785438805512,0.9932969261971258,0.06080251791414417,0.25955221635688785,0.20203530310188755,0.016492946190708572,0.11290486983594988
2,ElasticNet,SNPs,-,326322,0.5557593268714831,0.6306720038868838,0.9503453641933719,0.2128907991138635,0.27874653527203175,0.2009484164951151,0.060612106699769845,0.14556957477411525
