,Model_Name,feature_represenation,variance_maintained,Dimentionality,r2_summary,RMSE_summary,r2_train,RMSE_train,standard_error_r2,standard_error_RMSE,standard_error_r2_train,standard_error_RMSE_train
0,Ridge,SNPs,-,358874,0.7544668738501228,0.4843754566473175,0.9997657169809883,0.004872034698103502,0.18375445191986128,0.2568673858509978,0.0014521011891006112,0.030191566947480746
1,Lasso,SNPs,-,358874,0.4637132435121569,0.694854378032472,0.9931310783255132,0.049042401521805744,0.5083891393220454,0.28083002795469497,0.027965516051498,0.1381599123111874
2,ElasticNet,SNPs,-,358874,0.7220608398872667,0.5158563209372883,0.9328485163851262,0.2529900747664267,0.17336926226359461,0.24183986644185446,0.050824207893877496,0.11775206879626682
