,Model_Name,feature_represenation,variance_maintained,Dimentionality,r2_summary,RMSE_summary,r2_train,RMSE_train,standard_error_r2,standard_error_RMSE,standard_error_r2_train,standard_error_RMSE_train
0,Ridge,SNPs,-,327819,-0.10701864566550993,0.986382689545039,0.2356671360122599,0.8662669038673719,0.271838010623674,0.4665650791146437,0.36731987274451017,0.24186167069181091
1,Lasso,SNPs,-,327819,-0.10634434462831555,0.9861029746552469,0.026230523425262352,0.986015158649474,0.210334950668122,0.46297110663991226,0.04768179965202477,0.048698793779576775
2,ElasticNet,SNPs,-,327819,-0.09519071408839934,0.9821802681560626,0.0016829801880320905,0.9985550329468244,0.20442594512385304,0.4676333993211405,0.010431219276195,0.05382920543846374
