,Model_Name,feature_represenation,variance_maintained,Dimentionality,r2_summary,RMSE_summary,r2_train,RMSE_train,standard_error_r2,standard_error_RMSE,standard_error_r2_train,standard_error_RMSE_train
0,Ridge,SNPs,-,344721,0.19054018455381647,0.8622983337220115,0.9838033629012516,0.11225264777614533,0.39063268232127263,0.11044694345092496,0.0350323761989779,0.12079513490601608
1,Lasso,SNPs,-,344721,0.7320867074202985,0.4637220526173307,0.8287199666840666,0.41260126326482316,0.3890647702219182,0.2452517803614675,0.04761230414323512,0.061365821952097825
2,ElasticNet,SNPs,-,344721,0.7110009572486532,0.4877768342203453,0.7673951254070186,0.4813254797269337,0.3902332489982675,0.22564935258542798,0.049252163238689986,0.047433716894179107
