,Model_Name,feature_represenation,variance_maintained,Dimentionality,r2_summary,RMSE_summary,r2_train,RMSE_train,standard_error_r2,standard_error_RMSE,standard_error_r2_train,standard_error_RMSE_train
0,Ridge,SNPs,-,319604,0.4699309599422341,0.6348683657220946,0.9915823518806126,0.05887888391516161,0.3938767307456473,0.9577087098401594,0.024827341891356696,0.12887242899867712
1,Lasso,SNPs,-,319604,0.302524619687339,0.7014226435707693,0.8729349049671499,0.2668318539705811,0.41754960543751596,0.9112970574404354,0.2723030823378781,0.45066266354931095
2,ElasticNet,SNPs,-,319604,0.27957429685099333,0.7180444374382896,0.6589031572214528,0.5581182643500148,0.43865302381784427,0.9430485765556946,0.4804348310110868,0.37138489395940444
