,Model_Name,feature_represenation,variance_maintained,Dimentionality,r2_summary,RMSE_summary,r2_train,RMSE_train,standard_error_r2,standard_error_RMSE,standard_error_r2_train,standard_error_RMSE_train
0,Ridge,SNPs,-,365712,-0.017298776466362888,0.9833807809609205,0.2554855324711591,0.8621971719022727,0.11684417626414348,0.3628498132090971,0.14056661367976642,0.10862308413010818
1,Lasso,SNPs,-,365712,-0.030979603876035468,0.9886741597220561,0.028543840159448296,0.9850068890557587,0.06395379817469388,0.3346176955383775,0.073978678434557,0.048060412611776016
2,ElasticNet,SNPs,-,365712,-0.03068900070272109,0.9890071852703632,0.05454834271464528,0.9712117743976639,0.08057506068855239,0.34340520234062943,0.13394062125134112,0.07099237674394236
