,Model_Name,feature_represenation,variance_maintained,Dimentionality,r2_summary,RMSE_summary,r2_train,RMSE_train,standard_error_r2,standard_error_RMSE,standard_error_r2_train,standard_error_RMSE_train
0,Ridge,SNPs,-,358874,0.4912072135972743,0.7009237898925716,0.9991064609017886,0.019199340162861157,0.2609680692247838,0.15979806730575266,0.002631358421011623,0.047070081666165664
1,Lasso,SNPs,-,358874,0.4178678803714297,0.7529111704304721,0.6357138416887969,0.6023757219799108,0.24014594352602137,0.1354560817421904,0.08300861108893466,0.07211329609341602
2,ElasticNet,SNPs,-,358874,0.4531219789806506,0.7294061287556907,0.7079140625071125,0.5384035698507312,0.2249476148931645,0.13101975413809935,0.10071113255265271,0.09475702621838121
