,Model_Name,feature_represenation,variance_maintained,Dimentionality,r2_summary,RMSE_summary,r2_train,RMSE_train,standard_error_r2,standard_error_RMSE,standard_error_r2_train,standard_error_RMSE_train
0,Ridge,SNPs,-,334561,-0.054822316128420125,0.9799188479507982,0.4812246481090512,0.6489011376825843,0.47156855262737385,0.3584774283586421,0.6802761400143068,0.6335343950720842
1,Lasso,SNPs,-,334561,-0.08861758780353816,1.0006437303766296,0.06136594992256308,0.9657651132639998,0.20938854618588004,0.31221465285932376,0.2537599810688042,0.1357826734763585
2,ElasticNet,SNPs,-,334561,-0.11239865259979133,1.0113169408494522,0.3469595198249395,0.7699076126227589,0.37362172105871594,0.36108975282901096,0.7332825148465792,0.48102275072819545
