,Model_Name,feature_represenation,variance_maintained,Dimentionality,r2_summary,RMSE_summary,r2_train,RMSE_train,standard_error_r2,standard_error_RMSE,standard_error_r2_train,standard_error_RMSE_train
0,Ridge,SNPs,-,323224,-0.05636335131618483,0.9458723771296514,0.507635602974345,0.6957642238520495,0.3151158380791035,0.6540507892027332,0.2306784646166444,0.19712556722935712
1,Lasso,SNPs,-,323224,-0.05521658169375301,0.9467415436675137,0.297362584352494,0.8332048293360084,0.2756608290592249,0.6562044380429791,0.27271463355675146,0.1828563450149555
2,ElasticNet,SNPs,-,323224,-0.07173686690495751,0.9534288031094681,0.054806373323234306,0.9702023285239564,0.24214603521235173,0.6518949678867728,0.22788814284068445,0.15284838345117588
