,Model_Name,feature_represenation,variance_maintained,Dimentionality,r2_summary,RMSE_summary,r2_train,RMSE_train,standard_error_r2,standard_error_RMSE,standard_error_r2_train,standard_error_RMSE_train
0,Ridge,SNPs,-,325201,-0.06311737239040102,0.9186457439793425,0.9735651086633356,0.09815286409824094,1.0714654804157466,0.4996774998946296,0.07819317676605465,0.26899658885774275
1,Lasso,SNPs,-,325201,-0.39208770263147125,1.0523516261576127,0.7282456733851802,0.42608240458722335,1.4105122460179527,0.5357447030159797,0.5991734894901711,0.615222986515633
2,ElasticNet,SNPs,-,325201,-0.12324459304488021,0.969890018220243,0.23069970607699025,0.8672428536149945,0.4057748633979508,0.4183103277996736,0.39584556697208095,0.2503392117629539
