,Model_Name,feature_represenation,variance_maintained,Dimentionality,r2_summary,RMSE_summary,r2_train,RMSE_train,standard_error_r2,standard_error_RMSE,standard_error_r2_train,standard_error_RMSE_train
0,Ridge,SNPs,-,331368,0.1866629229422356,0.8529904551438917,0.9993145506850036,0.017259623516927797,0.39349493147692666,0.1919360799968658,0.0019540908046729016,0.03952769827401529
1,Lasso,SNPs,-,331368,0.13493790781572498,0.8827908883372488,0.7619221198269542,0.462768811255995,0.3777758436397127,0.22263752916756205,0.23937266722973238,0.31335254861897305
2,ElasticNet,SNPs,-,331368,0.09480417679858542,0.9078782581115995,0.5624449397184856,0.6462789263572931,0.2703047756284426,0.23160864072238663,0.37104291212888335,0.2785076732853401
