,Model_Name,feature_represenation,variance_maintained,Dimentionality,r2_summary,RMSE_summary,r2_train,RMSE_train,standard_error_r2,standard_error_RMSE,standard_error_r2_train,standard_error_RMSE_train
0,Ridge,SNPs,-,358874,0.7292874129845097,0.5013513890382556,0.9999999999985787,1.0063575440914687e-06,0.27038587569397327,0.3864043556974039,3.9828282738335006e-12,1.3829522995759883e-06
1,Lasso,SNPs,-,358874,0.3226328726452651,0.7718331325372356,0.9985887029239464,0.014754619951213943,0.6778046226887163,0.47976598643079826,0.008118685577650154,0.07252132297828152
2,ElasticNet,SNPs,-,358874,0.6833333526481863,0.5445563981973197,0.9196145684583298,0.2774225839667528,0.26045636311924497,0.37189158664994854,0.07834691538087017,0.1370017437257151
