,Model_Name,feature_represenation,variance_maintained,Dimentionality,r2_summary,RMSE_summary,r2_train,RMSE_train,standard_error_r2,standard_error_RMSE,standard_error_r2_train,standard_error_RMSE_train
0,Ridge,SNPs,-,333283,0.22690338309497005,0.8683447870778753,0.9968629694614051,0.03937248860855744,0.21487363012290894,0.17715770058485725,0.008093558916554291,0.08200592777932088
1,Lasso,SNPs,-,333283,0.1929092859649551,0.887014946759102,0.6360644234945674,0.5877554528060955,0.25028520898415924,0.19591520723774974,0.28534648788494466,0.2845452447788622
2,ElasticNet,SNPs,-,333283,0.2024573366414547,0.8827108419245219,0.6969843614297017,0.5322927448415106,0.17659844468289607,0.16479276188401618,0.29698837617272394,0.2849120239991258
