,Model_Name,feature_represenation,variance_maintained,Dimentionality,r2_summary,RMSE_summary,r2_train,RMSE_train,standard_error_r2,standard_error_RMSE,standard_error_r2_train,standard_error_RMSE_train
0,Ridge,SNPs,-,331484,-0.044468464335234305,0.944247374507403,0.601608095560481,0.6284608702174844,0.2867202563216403,0.45062113876620924,0.13898377878270995,0.11831438610367721
1,Lasso,SNPs,-,331484,-0.1002970072616664,0.9753619377069348,0.31483435112495656,0.7461729300264515,0.263031904779232,0.4828747457374929,0.8288139842852043,0.7704546188627547
2,ElasticNet,SNPs,-,331484,-0.0830192632333431,0.9713401146441849,0.0345433358802826,0.9807686820639777,0.16157590661874535,0.5121138038272495,0.1263354113920145,0.07127122565853002
