,Model_Name,feature_represenation,variance_maintained,Dimentionality,r2_summary,RMSE_summary,r2_train,RMSE_train,standard_error_r2,standard_error_RMSE,standard_error_r2_train,standard_error_RMSE_train
0,Ridge,SNPs,-,358874,0.24233191342177818,0.8514272240460151,0.9675415197764952,0.16300978573660255,0.22174044178449603,0.4351879356484793,0.047282830867359765,0.15813241241891365
1,Lasso,SNPs,-,358874,0.13778321053621248,0.9009701810267614,0.7504696772607893,0.47385656311863805,0.18585762140176382,0.38946677125729284,0.296586673829973,0.30707788715629636
2,ElasticNet,SNPs,-,358874,0.17905273413823558,0.8859597201773582,0.6288960626647813,0.5994502091495879,0.17379759570917083,0.4444926998655625,0.27892878253144315,0.2149027100591799
