,Model_Name,feature_represenation,variance_maintained,Dimentionality,r2_summary,RMSE_summary,r2_train,RMSE_train,standard_error_r2,standard_error_RMSE,standard_error_r2_train,standard_error_RMSE_train
0,Ridge,SNPs,-,327819,-0.10701864566550993,0.986382689545039,0.2356671360122599,0.8662669038673719,0.271838010623674,0.4665650791146437,0.36731987274451017,0.24186167069181091
1,Lasso,SNPs,-,327819,-0.10634434462831555,0.9861029746552469,0.026230523425262352,0.986015158649474,0.210334950668122,0.46297110663991226,0.04768179965202477,0.048698793779576775
2,ElasticNet,SNPs,-,327819,-0.09698394864967903,0.9832199356889776,0.007983132265829418,0.99539221798758,0.2012956384427502,0.4694522980417461,0.049479966411907494,0.06343484085184055
