,Model_Name,feature_represenation,variance_maintained,Dimentionality,r2_summary,RMSE_summary,r2_train,RMSE_train,standard_error_r2,standard_error_RMSE,standard_error_r2_train,standard_error_RMSE_train
0,Ridge,SNPs,-,307883,-2.0071927425785523,0.9475705159841942,0.5310401338936427,0.6648225826616765,11.183536367487195,0.7895324243959422,0.43030387943000575,0.2751922755222596
1,Lasso,SNPs,-,307883,-2.654323325766859,1.0170698363214623,0.3683842657589348,0.6918527114759957,13.916548810461931,0.838841395749862,0.8931193525339824,0.811990587278566
2,ElasticNet,SNPs,-,307883,-2.4733666995864407,0.9420971814456179,0.0309202328089195,0.9815917785704188,14.03212644752404,0.761504062014076,0.19164558845934884,0.13445233860412756
