,Model_Name,feature_represenation,variance_maintained,Dimentionality,r2_summary,RMSE_summary,r2_train,RMSE_train,standard_error_r2,standard_error_RMSE,standard_error_r2_train,standard_error_RMSE_train
0,Ridge,SNPs,-,224779,-0.13142596754694283,0.9856620068949391,0.356014301165269,0.8006633510382615,0.5647551512875265,0.3502743225119724,0.17146228716607462,0.11949202312519666
1,Lasso,SNPs,-,224779,-0.2154785760718472,1.0190036575981218,0.12976864160560903,0.9244338320336685,0.6225217928460652,0.3328342720431705,0.42351077041189117,0.2542692653133973
2,ElasticNet,SNPs,-,224779,-0.18936622411656007,1.0062064720076107,0.02196703707966352,0.9879136077304326,0.6297805516189484,0.3069114002362819,0.13615310640953637,0.0882999995321496
