,Model_Name,feature_represenation,variance_maintained,Dimentionality,r2_summary,RMSE_summary,r2_train,RMSE_train,standard_error_r2,standard_error_RMSE,standard_error_r2_train,standard_error_RMSE_train
0,Ridge,SNPs,-,323224,0.035721739077228344,0.9480234918564264,0.9606205328008425,0.17529136727211497,0.20284797167948845,0.2585625252411972,0.07651021457894647,0.19129675254293596
1,Lasso,SNPs,-,323224,-0.07324173778477017,0.9975421912520013,0.5576160680847247,0.644758018567692,0.27931825359774226,0.2492748117308852,0.4887852051251055,0.34365180525469136
2,ElasticNet,SNPs,-,323224,-0.016669345508565137,0.975153929830928,0.3179951776589196,0.8167831561530625,0.15735573461004976,0.2744891527902615,0.40169223565198864,0.25622886457259336
