,Model_Name,feature_represenation,variance_maintained,Dimentionality,r2_summary,RMSE_summary,r2_train,RMSE_train,standard_error_r2,standard_error_RMSE,standard_error_r2_train,standard_error_RMSE_train
0,Ridge,SNPs,-,295534,-0.4080112096741552,0.9997090993767703,0.8355515963006058,0.2598669004813541,1.482617831002816,0.42430198685277754,0.5983458451709981,0.578757204139515
1,Lasso,SNPs,-,295534,-0.3169511723202643,0.9560501515383691,0.582436361619265,0.5262092811501939,1.5223640773280844,0.36816423898152106,0.8232739047162262,0.7859192788114602
2,ElasticNet,SNPs,-,295534,-0.28191671291140524,0.995110981233165,0.12033063088309766,0.9221059137510154,0.9190108999116577,0.5737920196655703,0.4813986048766461,0.31158392698371146
