,Model_Name,feature_represenation,variance_maintained,Dimentionality,r2_summary,RMSE_summary,r2_train,RMSE_train,standard_error_r2,standard_error_RMSE,standard_error_r2_train,standard_error_RMSE_train
0,Ridge,SNPs,-,325201,-0.20578420976349965,0.9905596925118269,0.33771837254971565,0.7866558203329836,1.1191428464613635,0.8286278556400096,0.541552610851689,0.4475581230250433
1,Lasso,SNPs,-,325201,-0.26961671379879903,1.0025851431383568,0.38487915297316216,0.7292341930292927,0.8453289921335583,0.7216249384541679,0.7259444849858394,0.6175605708255102
2,ElasticNet,SNPs,-,325201,-0.12629427324432638,0.9633465513806089,0.05733310670762056,0.9667816656272323,0.44460983167496987,0.7196850280241448,0.255937861103843,0.14691324818984272
