,Model_Name,feature_represenation,variance_maintained,Dimentionality,r2_summary,RMSE_summary,r2_train,RMSE_train,standard_error_r2,standard_error_RMSE,standard_error_r2_train,standard_error_RMSE_train
0,Ridge,SNPs,-,320149,-0.04379911143708889,0.9972014198541425,0.14983541590186877,0.9198093335685011,0.07714688661098167,0.29525471426268407,0.22094358439655826,0.12434302151235285
1,Lasso,SNPs,-,320149,-0.04169521034569954,0.9969059527691481,0.039845368742098944,0.9792497916243411,0.0693976239004832,0.30531302327491106,0.15568899136861025,0.10987612238552216
2,ElasticNet,SNPs,-,320149,-0.03415182416859279,0.9930096023999921,2.2204460492503132e-17,0.9996616020052214,0.07561455743734191,0.30129030860733463,1.3762467196820668e-16,0.03844104032210247
