,Model_Name,feature_represenation,variance_maintained,Dimentionality,r2_summary,RMSE_summary,r2_train,RMSE_train,standard_error_r2,standard_error_RMSE,standard_error_r2_train,standard_error_RMSE_train
0,Ridge,SNPs,-,331368,0.2140490143106906,0.8520899656870473,0.9973683584171433,0.02403141402721211,0.2436744044185247,0.23256376458831396,0.012521719933241663,0.09167942915770351
1,Lasso,SNPs,-,331368,0.11406532884965973,0.9053036542933047,0.839882111406687,0.31990274313539085,0.25825068037606425,0.25284826654986603,0.33525862831942,0.4840272508605836
2,ElasticNet,SNPs,-,331368,0.14328690622561704,0.8904079211415858,0.5804033740405047,0.6370372299948894,0.2682446408322155,0.2573777485804059,0.3022697978186905,0.24057666758134774
