,Model_Name,feature_represenation,variance_maintained,Dimentionality,r2_summary,RMSE_summary,r2_train,RMSE_train,standard_error_r2,standard_error_RMSE,standard_error_r2_train,standard_error_RMSE_train
0,Ridge,SNPs,-,323224,-0.023891351571877096,0.9657510625893555,0.7680507424871175,0.4639437463425894,0.23405719174560846,0.4015854235150526,0.23580981538797025,0.25595865525426714
1,Lasso,SNPs,-,323224,-0.050020850855591804,0.9789195233543473,0.17928444425757922,0.9032874798250101,0.19013440950375843,0.40546894318205146,0.23519067529830806,0.1313981808957265
2,ElasticNet,SNPs,-,323224,-0.04155857387682525,0.9753272740455484,0.20458297922577948,0.8859694872655737,0.19270070234539344,0.41331238477639576,0.36504767471815014,0.22499216445490583
