,Model_Name,feature_represenation,variance_maintained,Dimentionality,r2_summary,RMSE_summary,r2_train,RMSE_train,standard_error_r2,standard_error_RMSE,standard_error_r2_train,standard_error_RMSE_train
0,Ridge,SNPs,-,335382,0.03206821258757646,0.9420072089831175,0.8394391602710534,0.3719220506952025,0.32948871001956825,0.13131921224792587,0.208445186241558,0.30629819823921745
1,Lasso,SNPs,-,335382,-0.019320653779409815,0.9685535385328843,0.3020264915422947,0.8252242380343169,0.2649528448285162,0.11199059555237978,0.40341077126564606,0.261825208867684
2,ElasticNet,SNPs,-,335382,-0.04834126793320043,0.9802386022361658,0.29299332617212165,0.8341984706471952,0.3281011887173947,0.09999079350493109,0.3587899761216519,0.2144330957500057
