,Model_Name,feature_represenation,variance_maintained,Dimentionality,r2_summary,RMSE_summary,r2_train,RMSE_train,standard_error_r2,standard_error_RMSE,standard_error_r2_train,standard_error_RMSE_train
0,Ridge,SNPs,-,325201,-0.15122965577642108,0.9799347661614022,0.9873878907874937,0.07034228403591697,1.0331894524342826,0.5389364781899983,0.04410650677364274,0.17435587089476132
1,Lasso,SNPs,-,325201,-0.13010403108310317,0.9776401236457024,0.8424954099936575,0.33358809765236974,0.6243083856317746,0.38164280669605327,0.36034426969125066,0.43553843024064415
2,ElasticNet,SNPs,-,325201,-0.0861314976326765,0.9824695074393555,0.22724722257994398,0.8688115928312335,0.23162306819764322,0.43514206710253167,0.43764880001910994,0.26754898336058724
