,Model_Name,feature_represenation,variance_maintained,Dimentionality,r2_summary,RMSE_summary,r2_train,RMSE_train,standard_error_r2,standard_error_RMSE,standard_error_r2_train,standard_error_RMSE_train
0,Ridge,SNPs,-,358874,-6.127382728693613e+31,0.8201131644075224,0.9661846664000246,0.16504725443032123,2.1840617320562787e+32,0.9182085509294886,0.05374816125366546,0.1541513619443874
1,Lasso,SNPs,-,358874,-1.8255739977701343e+31,0.8329379642874647,0.0018057548065719465,0.9972648628829085,5.190537819431253e+31,1.1628288964300009,0.004800948932492401,0.1140064575653305
2,ElasticNet,SNPs,-,358874,-2.2987134239221774e+31,0.8411531991062259,0.0577885712032953,0.9657521020584612,6.830947202539907e+31,1.144343061660915,0.20864227205667452,0.1118152446761268
