,Model_Name,feature_represenation,variance_maintained,Dimentionality,r2_summary,RMSE_summary,r2_train,RMSE_train,standard_error_r2,standard_error_RMSE,standard_error_r2_train,standard_error_RMSE_train
0,Ridge,SNPs,-,358874,0.6322140720785857,0.5974022967128526,0.9987120265784117,0.01752202390306334,0.1966561806865075,0.19911177126068344,0.006160658617608092,0.06444608115506659
1,Lasso,SNPs,-,358874,0.6007562037715293,0.6212279773106442,0.9364159256483912,0.23638744154085456,0.21684693134826513,0.19382989802370734,0.0893149985456741,0.17937330380346797
2,ElasticNet,SNPs,-,358874,0.5935067472983895,0.6289743634708049,0.8437786684852796,0.3888985423311453,0.20164873712827047,0.20250638901640877,0.11744195938327229,0.14673110391622868
