,Model_Name,feature_represenation,variance_maintained,Dimentionality,r2_summary,RMSE_summary,r2_train,RMSE_train,standard_error_r2,standard_error_RMSE,standard_error_r2_train,standard_error_RMSE_train
0,Ridge,SNPs,-,365718,0.6829619115095688,0.560193507792991,0.9972827754894513,0.050190084766937954,0.07834817049378655,0.08765296670589838,0.002455123411843709,0.02937549615437189
1,Lasso,SNPs,-,365718,0.6531536062102323,0.5857980291231539,0.9296253197186011,0.26060756947316777,0.059249922573828946,0.044408686424298384,0.05436978831005774,0.0996175852749639
2,ElasticNet,SNPs,-,365718,0.6635470889048675,0.5776087589777238,0.8944164364725292,0.3221445437180997,0.050104985475587144,0.0632242549271114,0.05694114513298692,0.08765153621686225
