,Model_Name,feature_represenation,variance_maintained,Dimentionality,r2_summary,RMSE_summary,r2_train,RMSE_train,standard_error_r2,standard_error_RMSE,standard_error_r2_train,standard_error_RMSE_train
0,Ridge,SNPs,-,364949,0.6783783263087523,0.5574499384632567,0.9977241316108081,0.04442673164205319,0.1451993188233,0.10056288013191954,0.003323519178082043,0.035944239642173234
1,Lasso,SNPs,-,364949,0.6549786225549279,0.577671661536193,0.911837427123245,0.2927281474039613,0.14798287965482707,0.09576439721269898,0.05271740894718526,0.10363585512346499
2,ElasticNet,SNPs,-,364949,0.6668934030197418,0.5683728744906049,0.9163120686111905,0.28860158166367034,0.132769897485398,0.09490691052782949,0.023852802536735374,0.04443629967962488
