,Model_Name,feature_represenation,variance_maintained,Dimentionality,r2_summary,RMSE_summary,r2_train,RMSE_train,standard_error_r2,standard_error_RMSE,standard_error_r2_train,standard_error_RMSE_train
0,Ridge,SNPs,-,358874,0.8270412068765238,0.3910315901316398,0.9999999999977522,1.1362398023626898e-06,0.1721765734154436,0.18206907086570856,9.141187914928276e-12,2.0348318091564932e-06
1,Lasso,SNPs,-,358874,0.645304414267204,0.5409829397504978,0.9768365329287504,0.12682780207117889,0.5421236714854959,0.36586879173048387,0.03994726610627397,0.17629535077565947
2,ElasticNet,SNPs,-,358874,0.7829263507493409,0.4444298889688771,0.9213916569536609,0.2755117710664329,0.18256867894289364,0.1827078350207545,0.05689802181971019,0.10748505414453861
