,Model_Name,feature_represenation,variance_maintained,Dimentionality,r2_summary,RMSE_summary,r2_train,RMSE_train,standard_error_r2,standard_error_RMSE,standard_error_r2_train,standard_error_RMSE_train
0,Ridge,SNPs,-,323224,0.06194953838043449,0.9571751495768119,0.5595212475287605,0.66043511178162,0.09884575990239036,0.2117838013510548,0.17697658312036932,0.1434245535829748
1,Lasso,SNPs,-,323224,0.008368425348409803,0.9831380136813279,0.2896689783770119,0.8426437381706198,0.09871254186366367,0.1971469149518853,0.02536587970131756,0.02270827201202928
2,ElasticNet,SNPs,-,323224,0.028235899481707506,0.9737261904026935,0.23183477490483254,0.8743716811835656,0.061286261729528696,0.19536582657252882,0.2109962062100575,0.12937819364838207
