,Model_Name,feature_represenation,variance_maintained,Dimentionality,r2_summary,RMSE_summary,r2_train,RMSE_train,standard_error_r2,standard_error_RMSE,standard_error_r2_train,standard_error_RMSE_train
0,Ridge,SNPs,-,331368,0.12547311906798184,0.9004250989783824,0.7307324955107678,0.5129922941559435,0.16880044718475395,0.5188136280823241,0.1599489519383967,0.19443439300815593
1,Lasso,SNPs,-,331368,0.050919503220395144,0.9331237230656558,0.7205181235669292,0.4867663484144394,0.16186982883772802,0.48023691826450304,0.35513369961241925,0.4398551794294653
2,ElasticNet,SNPs,-,331368,0.054332369116825895,0.9337990524505423,0.3280278162650803,0.8138744620145788,0.13086479851905852,0.4936864460036136,0.35297339334763145,0.24255668712363893
