,Model_Name,feature_represenation,variance_maintained,Dimentionality,r2_summary,RMSE_summary,r2_train,RMSE_train,standard_error_r2,standard_error_RMSE,standard_error_r2_train,standard_error_RMSE_train
0,Ridge,SNPs,-,312695,0.0008045003364554493,0.8875183734244594,0.7761959025317056,0.4698189229476049,0.28497051659172556,0.880007161439106,0.07305100264580268,0.06439913622100395
1,Lasso,SNPs,-,312695,-0.08621537432430629,0.9203842590093265,0.32078551806785394,0.7984231005489849,0.48116783839567134,0.9074639528674362,0.5539328361783099,0.3912456608297107
2,ElasticNet,SNPs,-,312695,-0.08800602399552182,0.9171900577530876,0.1377249534641479,0.9244054018922488,0.20529528035568845,0.870391943654117,0.28359496469875217,0.19641764298342515
