,Model_Name,feature_represenation,variance_maintained,Dimentionality,r2_summary,RMSE_summary,r2_train,RMSE_train,standard_error_r2,standard_error_RMSE,standard_error_r2_train,standard_error_RMSE_train
0,Ridge,SNPs,-,295534,0.07720546211273507,0.8841492542967634,0.6373481387873242,0.5851184996057094,0.3066362740631887,0.6435933133453624,0.28716716880944043,0.25401876129673406
1,Lasso,SNPs,-,295534,-0.0009089229843106117,0.9054282811973402,0.8132499432363656,0.30372875122705595,0.5394691801265039,0.6319629470981528,0.6265021912258827,0.5777499129843493
2,ElasticNet,SNPs,-,295534,0.036798987578118614,0.9141736178144124,0.36321257526628375,0.7795359018949508,0.16260292977033283,0.6988673620724745,0.4939868178106912,0.27692237569046324
