,Model_Name,feature_represenation,variance_maintained,Dimentionality,r2_summary,RMSE_summary,r2_train,RMSE_train,standard_error_r2,standard_error_RMSE,standard_error_r2_train,standard_error_RMSE_train
0,Ridge,SNPs,-,324364,0.14950429792567563,0.5731260628720423,1.0,1.853664410028543e-13,2.705404238390424,0.3029745146676938,0.0,9.95760918567944e-15
1,Lasso,SNPs,-,324364,-0.060307066096190756,0.5574137333423865,0.9987524089889148,0.021698512546569758,4.287702045617361,0.2728068306179647,0.004545656602632333,0.058188023716509205
2,ElasticNet,SNPs,-,324364,-0.6568110567799524,0.6324883241679162,0.9104223909095611,0.28952725850031896,7.274245784723583,0.2757999950933672,0.08875764640475481,0.15971735474709423
