,Model_Name,feature_represenation,variance_maintained,Dimentionality,r2_summary,RMSE_summary,r2_train,RMSE_train,standard_error_r2,standard_error_RMSE,standard_error_r2_train,standard_error_RMSE_train
0,Ridge,SNPs,-,283783,-0.023194212383117606,0.9377563467586439,0.8995707298982207,0.29312187109550225,0.5802980343406721,0.2675535347420875,0.11076573067531881,0.2488983737829681
1,Lasso,SNPs,-,283783,-0.19758828210998702,0.9845423996791658,0.7779709626313938,0.3916088262721223,1.3052434589249808,0.22528843040211882,0.5866227282655276,0.5360314039709623
2,ElasticNet,SNPs,-,283783,-0.08940652453311129,0.9702019934711723,0.3258435998263623,0.8079963930943622,0.47276562800971395,0.1981323921750851,0.455094299812886,0.2903323365384766
