,Model_Name,feature_represenation,variance_maintained,Dimentionality,r2_summary,RMSE_summary,r2_train,RMSE_train,standard_error_r2,standard_error_RMSE,standard_error_r2_train,standard_error_RMSE_train
0,Ridge,SNPs,-,320251,-0.011048791563958948,0.9495799628201584,0.7311555249666619,0.5051238670070846,0.5101827575779555,0.5068680090392667,0.24111267083200796,0.2327048357562259
1,Lasso,SNPs,-,320251,-0.005085341458663617,0.9544179149926635,0.2485767370774839,0.8630704328997332,0.2302087570902976,0.5053541692365295,0.25651769619748754,0.1461977554519086
2,ElasticNet,SNPs,-,320251,-0.009337516485483522,0.9613558442387352,0.0945069188023504,0.9496840463680096,0.1084332224000354,0.5254683965465459,0.18897318656790568,0.11365676124866887
