,Model_Name,feature_represenation,variance_maintained,Dimentionality,r2_summary,RMSE_summary,r2_train,RMSE_train,standard_error_r2,standard_error_RMSE,standard_error_r2_train,standard_error_RMSE_train
0,Ridge,SNPs,-,330341,0.05730353211792907,0.9425879096388358,0.677726899389332,0.5449869012861303,0.39986668593383384,0.5250569560285834,0.2960426743163177,0.3303427120883373
1,Lasso,SNPs,-,330341,0.0506089101749682,0.9456788536219808,0.5786765053901389,0.6055809885543137,0.21174829832356323,0.49451897814699564,0.47269097879858474,0.49835496465513573
2,ElasticNet,SNPs,-,330341,0.025234952596876126,0.9553708344387644,0.3420827641088893,0.8003167175843239,0.17868553792536715,0.46549498544431467,0.41279410645553394,0.2850314259278047
