,Model_Name,feature_represenation,variance_maintained,Dimentionality,r2_summary,RMSE_summary,r2_train,RMSE_train,standard_error_r2,standard_error_RMSE,standard_error_r2_train,standard_error_RMSE_train
0,Ridge,SNPs,-,358874,0.5040318839186755,0.6909474662057955,0.9790418852299094,0.13858927679274236,0.24958434847517988,0.3038589069686527,0.027459283999384628,0.08758576938757415
1,Lasso,SNPs,-,358874,0.41396583110676843,0.7491878136628936,0.9034676960487121,0.2982271737179465,0.2735452132654069,0.28926238746631255,0.1245867998986748,0.1876114435231902
2,ElasticNet,SNPs,-,358874,0.4625855928071945,0.7213596024919492,0.747917594326354,0.499331271190598,0.23734558778507897,0.31596534020385836,0.09710878885535873,0.0968747880735296
