,Model_Name,feature_represenation,variance_maintained,Dimentionality,r2_summary,RMSE_summary,r2_train,RMSE_train,standard_error_r2,standard_error_RMSE,standard_error_r2_train,standard_error_RMSE_train
0,Ridge,SNPs,-,327819,0.18250847972415768,0.8765704332054703,0.9606855570207856,0.19145314541189085,0.2972718064063911,0.20360763730608544,0.037978036535698555,0.10096290829432082
1,Lasso,SNPs,-,327819,0.12533838051877388,0.9118793792439029,0.6400135032265077,0.5621193379789591,0.22037076457698837,0.2361062442668063,0.35824253613590834,0.42456665633192964
2,ElasticNet,SNPs,-,327819,0.12074907110795015,0.911401768098145,0.5561555794460953,0.6527153326840035,0.2409835355787879,0.19648582938096812,0.31870314488925394,0.27305236282388945
