,Model_Name,feature_represenation,variance_maintained,Dimentionality,r2_summary,RMSE_summary,r2_train,RMSE_train,standard_error_r2,standard_error_RMSE,standard_error_r2_train,standard_error_RMSE_train
0,Ridge,SNPs,-,358874,0.5026561927652182,0.6935564977648564,1.0,2.2523076611049164e-13,0.1850909721428737,0.25534832705658905,0.0,2.5169072631644835e-14
1,Lasso,SNPs,-,358874,0.4453062311002893,0.7299536864831931,0.9356143663915272,0.23375884611555495,0.25483528503154995,0.2756965486324381,0.08254129710620714,0.20655780126767864
2,ElasticNet,SNPs,-,358874,0.4487692092322611,0.7317102799462116,0.8715425864520928,0.3396006416495178,0.19135541296695163,0.27674964216343234,0.14417813863494952,0.22888340208935123
