,Model_Name,feature_represenation,variance_maintained,Dimentionality,r2_summary,RMSE_summary,r2_train,RMSE_train,standard_error_r2,standard_error_RMSE,standard_error_r2_train,standard_error_RMSE_train
0,Ridge,SNPs,-,321868,-0.09260700461444216,0.990168741866441,0.06877758220133602,0.9620034676508921,0.18694468198748596,0.4075715436359474,0.2380954678620759,0.1239298101786195
1,Lasso,SNPs,-,321868,-0.07510632857528346,0.9844099483633292,0.00638649370904486,0.9963115523120936,0.1722236266826158,0.420900146599553,0.026400462243269217,0.04668299633475301
2,ElasticNet,SNPs,-,321868,-0.07427260356583416,0.9839937465862101,0.04358266306331206,0.9746790726355092,0.17370741727880584,0.4208287498615061,0.2701281442804844,0.1610916598818417
