,Model_Name,feature_represenation,variance_maintained,Dimentionality,r2_summary,RMSE_summary,r2_train,RMSE_train,standard_error_r2,standard_error_RMSE,standard_error_r2_train,standard_error_RMSE_train
0,Ridge,SNPs,-,331368,0.14660619192692342,0.885501154725961,0.9869245436377673,0.08388835908844268,0.3825046498064927,0.19074207621025432,0.043054547903875605,0.1554517730509249
1,Lasso,SNPs,-,331368,0.10665881802711182,0.9017854732758455,0.7517148018864533,0.44888661319060974,0.45713525325026944,0.16754303656815106,0.3358007151355594,0.44358674169445167
2,ElasticNet,SNPs,-,331368,0.08287418099247734,0.9233194158818501,0.49134226956091337,0.7014385968339454,0.23775138192966552,0.1976764184521509,0.36026853849031365,0.2502335334610074
