,Model_Name,feature_represenation,variance_maintained,Dimentionality,r2_summary,RMSE_summary,r2_train,RMSE_train,standard_error_r2,standard_error_RMSE,standard_error_r2_train,standard_error_RMSE_train
0,Ridge,SNPs,-,323224,0.0284635341747716,0.9690803377359786,0.5921791318783756,0.6315540931587211,0.10907723669901902,0.3295050091673842,0.24609643418113689,0.2094594433511861
1,Lasso,SNPs,-,323224,-0.03041904929282353,0.9975242998911702,0.1999490334749635,0.871722630906725,0.10219072749593326,0.32783649491481,0.6116393736142497,0.4228977256212222
2,ElasticNet,SNPs,-,323224,0.012983813378035091,0.9762285584441378,0.2291746484409541,0.8734949361379906,0.1061655160318782,0.32225021623913214,0.3362162076682843,0.22035621944476216
