,Model_Name,feature_represenation,variance_maintained,Dimentionality,r2_summary,RMSE_summary,r2_train,RMSE_train,standard_error_r2,standard_error_RMSE,standard_error_r2_train,standard_error_RMSE_train
0,Ridge,SNPs,-,278454,0.010119027569879091,0.7337838724418813,1.0,2.91009534329267e-13,1.7205268200131598,0.4570930623725251,0.0,3.9895605010056634e-14
1,Lasso,SNPs,-,278454,-0.044387936488606596,0.782196303867763,0.9827915742188196,0.0781199788404838,1.7061337773949237,0.6556789265603173,0.07026716079542232,0.20660482448905818
2,ElasticNet,SNPs,-,278454,-0.20063836169172328,0.7882738317447444,0.910909867229261,0.2879337329879156,2.5718145829441825,0.45387579167123193,0.08648750256034379,0.15499099885982542
