,Model_Name,feature_represenation,variance_maintained,Dimentionality,r2_summary,RMSE_summary,r2_train,RMSE_train,standard_error_r2,standard_error_RMSE,standard_error_r2_train,standard_error_RMSE_train
0,Ridge,SNPs,-,358874,0.7324888114476227,0.49819817159826274,1.0,1.8606760447002644e-13,0.21739757255864983,0.19679905670938444,0.0,1.1493273592512264e-14
1,Lasso,SNPs,-,358874,0.6388889225319312,0.5768219030705622,0.9649202034160393,0.15595444201647501,0.304174105685364,0.21247881154853698,0.07861938645123322,0.21846879771880742
2,ElasticNet,SNPs,-,358874,0.6950563476152172,0.5341364431797566,0.8996809666157976,0.31269865527458124,0.235161811933491,0.19950109077313757,0.0650039217660061,0.1061031320969358
