,Model_Name,feature_represenation,variance_maintained,Dimentionality,r2_summary,RMSE_summary,r2_train,RMSE_train,standard_error_r2,standard_error_RMSE,standard_error_r2_train,standard_error_RMSE_train
0,Ridge,SNPs,-,305506,-0.7503593776447632,0.8213306891068112,0.014085974389358468,0.9876892290245771,3.6081007962290497,1.2299885062340898,0.016929903010328543,0.20296208194395116
1,Lasso,SNPs,-,305506,-0.755208339869764,0.8219765712355414,0.01516746887197622,0.9864532929618562,3.6011228953452723,1.2283013130799305,0.09400894603129367,0.2011924757764033
2,ElasticNet,SNPs,-,305506,-0.7483067830008502,0.8208862346647755,3.3306690738754695e-17,0.9946840230163159,3.6033022045112633,1.2296350745884403,2.0643700795231004e-16,0.2030603224783884
