,Model_Name,feature_represenation,variance_maintained,Dimentionality,r2_summary,RMSE_summary,r2_train,RMSE_train,standard_error_r2,standard_error_RMSE,standard_error_r2_train,standard_error_RMSE_train
0,Ridge,SNPs,-,364644,0.37647256394727896,0.7659295866070254,0.9907506417504862,0.08467745461678573,0.3555204330780307,0.3064780895705192,0.012115816327783581,0.09358777634251525
1,Lasso,SNPs,-,364644,0.32893818932736685,0.7968790695227399,0.8239308922157983,0.39476069099249106,0.1914157874562659,0.21515032874248147,0.15988132628820373,0.28607197338216334
2,ElasticNet,SNPs,-,364644,0.32320941776968726,0.8017600536937839,0.8232920306850211,0.4083858184076783,0.24864358462698644,0.2725726907943278,0.16989363321044365,0.2106106427471406
