,Model_Name,feature_represenation,variance_maintained,Dimentionality,r2_summary,RMSE_summary,r2_train,RMSE_train,standard_error_r2,standard_error_RMSE,standard_error_r2_train,standard_error_RMSE_train
0,Ridge,SNPs,-,358874,0.5918086365099653,0.6098991792085592,0.9951694095429123,0.03092769567722302,0.2907299644841521,0.2196424923654044,0.019956957385523562,0.12524554371998362
1,Lasso,SNPs,-,358874,0.5534296936129088,0.6419500109032011,0.9117400985096208,0.29139732068706437,0.29301271628069325,0.242036737951792,0.06867451411824588,0.11865968063006074
2,ElasticNet,SNPs,-,358874,0.5298381513505861,0.6659988329142283,0.6985152746882519,0.5422318556019742,0.229732207645161,0.24715697990767413,0.17042001291018627,0.1711368780708724
