,Model_Name,feature_represenation,variance_maintained,Dimentionality,r2_summary,RMSE_summary,r2_train,RMSE_train,standard_error_r2,standard_error_RMSE,standard_error_r2_train,standard_error_RMSE_train
0,Ridge,SNPs,-,358874,0.533655578573467,0.6725799859126592,0.999584745735621,0.011126085170700446,0.18972474437385764,0.1968917686262693,0.001903314846048089,0.03530687720066561
1,Lasso,SNPs,-,358874,0.48443987987190795,0.706551630767389,0.9362501516016107,0.24162500539947523,0.2135198224371777,0.20551172089756703,0.07669870236971747,0.15084858335714382
2,ElasticNet,SNPs,-,358874,0.4986102409659805,0.698204541269472,0.8646055214947252,0.36161018500754644,0.16167047942536567,0.17652567852960574,0.10817761963582487,0.14708517456607517
