,Model_Name,feature_represenation,variance_maintained,Dimentionality,r2_summary,RMSE_summary,r2_train,RMSE_train,standard_error_r2,standard_error_RMSE,standard_error_r2_train,standard_error_RMSE_train
0,Ridge,SNPs,-,320428,-2.664964900351209,0.9062054659007343,0.4608240595869782,0.7292385533017001,14.255765522050119,0.8600050503329412,0.19369358739938838,0.16975029149323478
1,Lasso,SNPs,-,320428,-2.8199404252325775,0.9577788836515356,0.2547582078268008,0.7738717922032492,11.905883508562464,0.8586196966275493,0.7787512111894397,0.7930054270676197
2,ElasticNet,SNPs,-,320428,-1.9851016075115766,0.9057166954392027,0.02085808032226465,0.9867236178136578,11.080422323699764,0.9076822663179962,0.09020491741556831,0.1185220202389274
