,Model_Name,feature_represenation,variance_maintained,Dimentionality,r2_summary,RMSE_summary,r2_train,RMSE_train,standard_error_r2,standard_error_RMSE,standard_error_r2_train,standard_error_RMSE_train
0,Ridge,SNPs,-,358874,0.7126346764864269,0.506035703986144,0.9953860076953003,0.05829287858224774,0.25249511192890217,0.20786882149902033,0.00693350463314168,0.07134780013361465
1,Lasso,SNPs,-,358874,0.6861321929800427,0.5323040852779373,0.9622498370095299,0.16206454154251063,0.23873130484034533,0.18796623517928904,0.07399160020392766,0.21705770650152423
2,ElasticNet,SNPs,-,358874,0.67171218364116,0.5528006526227696,0.8500266134182238,0.3777679106463497,0.20496198159449244,0.21985842649970963,0.10627359898193653,0.17576128751581901
