,Model_Name,feature_represenation,variance_maintained,Dimentionality,r2_summary,RMSE_summary,r2_train,RMSE_train,standard_error_r2,standard_error_RMSE,standard_error_r2_train,standard_error_RMSE_train
0,Ridge,SNPs,-,365823,0.8254414041248119,0.40233022839378646,1.0,1.5182274076679298e-13,0.13138515551676047,0.15622198983799745,0.0,1.429644018583715e-14
1,Lasso,SNPs,-,365823,0.7821500265254547,0.4495696362535301,0.9847518079096551,0.09895663076650567,0.15107082319488205,0.16675164011084131,0.035166604336853466,0.15207801085886294
2,ElasticNet,SNPs,-,365823,0.7918229608498494,0.4416912749889211,0.9212874896879921,0.27780483234490433,0.14966468025882937,0.18372194831417696,0.04360778208153344,0.08066957930032045
