,Model_Name,feature_represenation,variance_maintained,Dimentionality,r2_summary,RMSE_summary,r2_train,RMSE_train,standard_error_r2,standard_error_RMSE,standard_error_r2_train,standard_error_RMSE_train
0,Ridge,SNPs,-,358874,0.7809187694964111,0.44509004921689205,1.0,1.7040163727713644e-13,0.21319733534406676,0.20839540370731244,0.0,1.2372955295248716e-14
1,Lasso,SNPs,-,358874,0.7224833815874863,0.5019523805611579,0.9509953745923428,0.2168756613781979,0.24846876449419056,0.20720785985738452,0.040171956667723316,0.10156661262911398
2,ElasticNet,SNPs,-,358874,0.7354086216814326,0.49450990094389,0.9091736175122657,0.2932262358917358,0.22429251954217272,0.21228462334495024,0.08494914297479556,0.13263588823063294
