,Model_Name,feature_represenation,variance_maintained,Dimentionality,r2_summary,RMSE_summary,r2_train,RMSE_train,standard_error_r2,standard_error_RMSE,standard_error_r2_train,standard_error_RMSE_train
0,Ridge,SNPs,-,327819,0.1033442129432013,0.9179922170301015,0.8490890182784689,0.37342660484116974,0.2897594492838375,0.2585461535644919,0.14457829356465954,0.22410228260928355
1,Lasso,SNPs,-,327819,0.010283355887490808,0.962901108238595,0.3807344740060209,0.7780243740816558,0.22578388629466983,0.19996922906321166,0.3743203228080706,0.25540989825293053
2,ElasticNet,SNPs,-,327819,0.024665948119518367,0.9561954289927431,0.3356908181452967,0.809499086497728,0.21813137268512697,0.20849409106232766,0.3153683705263807,0.19642144771287415
