,Model_Name,feature_represenation,variance_maintained,Dimentionality,r2_summary,RMSE_summary,r2_train,RMSE_train,standard_error_r2,standard_error_RMSE,standard_error_r2_train,standard_error_RMSE_train
0,Ridge,SNPs,-,358874,0.28407078490248105,0.8356192891720337,0.9771102778658116,0.1319847430334518,0.27240969669917897,0.45689623434853915,0.04148399535616375,0.15428297369752797
1,Lasso,SNPs,-,358874,0.22956698485520732,0.8629647125649735,0.45980667946362336,0.7347080614972621,0.17757108045958966,0.4038573786699221,0.026137159496413237,0.03398638974666783
2,ElasticNet,SNPs,-,358874,0.21190723056494645,0.8748169165239743,0.513824950842237,0.6936417270362947,0.20191450224430726,0.4318903325235702,0.20283903470731354,0.14932930889722396
