,Model_Name,feature_represenation,variance_maintained,Dimentionality,r2_summary,RMSE_summary,r2_train,RMSE_train,standard_error_r2,standard_error_RMSE,standard_error_r2_train,standard_error_RMSE_train
0,Ridge,SNPs,-,331368,0.16939171982383844,0.8781017945278375,0.9925106267633014,0.06066422563420746,0.29593572865554035,0.18646507302329912,0.02414346974595557,0.12413472978139348
1,Lasso,SNPs,-,331368,0.08607584967617052,0.9201800745460851,0.7339684458354939,0.47706646172673406,0.3249054223310583,0.17779255998212504,0.3540410342713338,0.4018855161454148
2,ElasticNet,SNPs,-,331368,0.10584520905852308,0.9172006001881166,0.4046244785671406,0.767906741343472,0.12057372608124899,0.2136858235160773,0.2116361509205478,0.1309219959402562
