,Model_Name,feature_represenation,variance_maintained,Dimentionality,r2_summary,RMSE_summary,r2_train,RMSE_train,standard_error_r2,standard_error_RMSE,standard_error_r2_train,standard_error_RMSE_train
0,Ridge,SNPs,-,325820,0.5871099645881627,0.5961934649905053,0.9999999999997211,5.271792851287089e-07,0.33185830913542536,0.22571956365344092,6.60190881325696e-14,6.785093274146232e-08
1,Lasso,SNPs,-,325820,-0.4261162844008104,1.0565897590046258,0.999999999735092,1.6228983136589877e-05,2.185666425358347,0.33499150420850976,6.851159178048576e-11,1.8493787802296193e-06
2,ElasticNet,SNPs,-,325820,0.5478662287216862,0.6214974346759186,0.9413458602499754,0.23685125530886178,0.3673124981523594,0.2212838353980693,0.05601976552327148,0.10211751082155512
