,Model_Name,feature_represenation,variance_maintained,Dimentionality,r2_summary,RMSE_summary,r2_train,RMSE_train,standard_error_r2,standard_error_RMSE,standard_error_r2_train,standard_error_RMSE_train
0,Ridge,SNPs,-,359426,0.6955709558650005,0.5004676437597784,0.9990004935849713,0.024086186555290122,0.4907457920246985,0.2394174706429038,0.0023612767999268004,0.042822130885644356
1,Lasso,SNPs,-,359426,0.6546800595268811,0.5401930784384604,0.9540453621944252,0.18961721797077374,0.5216294899989121,0.22962730575937973,0.06566972480630627,0.20257967492653853
2,ElasticNet,SNPs,-,359426,0.6436245666822321,0.5543060708572595,0.8471894710164801,0.38281704867078903,0.4581125228408134,0.19276545877519588,0.12641992089776993,0.16408110328599756
