,Model_Name,feature_represenation,variance_maintained,Dimentionality,r2_summary,RMSE_summary,r2_train,RMSE_train,standard_error_r2,standard_error_RMSE,standard_error_r2_train,standard_error_RMSE_train
0,Ridge,SNPs,-,335382,-0.08489421712166875,0.9798687768943148,0.5983440521510116,0.6286159904709671,0.4363382115368229,0.18261398520753727,0.1880950581560784,0.14869464601841353
1,Lasso,SNPs,-,335382,-0.12453430987235088,0.9965981464770856,0.1415216143443237,0.923939046196194,0.47047749917961273,0.1746045685635735,0.23622645986752902,0.12942884450325448
2,ElasticNet,SNPs,-,335382,-0.13417047549034228,1.000817456509138,0.1052825698365761,0.9432908337498604,0.5104937104514554,0.19800010720534855,0.2266432228522108,0.12171348653495773
