,Model_Name,feature_represenation,variance_maintained,Dimentionality,r2_summary,RMSE_summary,r2_train,RMSE_train,standard_error_r2,standard_error_RMSE,standard_error_r2_train,standard_error_RMSE_train
0,Ridge,SNPs,-,332779,0.5099674108999196,0.6314962348720536,1.0,3.316725441060617e-13,0.3808202632937189,0.43118157262202483,0.0,1.0447071487524734e-13
1,Lasso,SNPs,-,332779,0.4506409900775703,0.6524039700677438,0.9847927317712023,0.08465585756350454,0.4828767838853972,0.32117126835944776,0.0403426056058556,0.19175178526505363
2,ElasticNet,SNPs,-,332779,0.41935778723836115,0.6914395984916669,0.918455231379228,0.2653497166405846,0.46779653126520737,0.48410905842106267,0.1257617878910326,0.2155592233960025
