,Model_Name,feature_represenation,variance_maintained,Dimentionality,r2_summary,RMSE_summary,r2_train,RMSE_train,standard_error_r2,standard_error_RMSE,standard_error_r2_train,standard_error_RMSE_train
0,Ridge,SNPs,-,298680,-0.004654761909247374,0.8775842664449767,0.9690449617808145,0.14714838333786157,0.8833546385884599,0.4555354813913636,0.0765297470944734,0.17832529233639996
1,Lasso,SNPs,-,298680,-0.2176777045772863,0.9559434307512367,0.7826948873129578,0.3957478101985738,1.063777824345246,0.44496532074753997,0.3870011380755121,0.47998378523690527
2,ElasticNet,SNPs,-,298680,-0.09651829853846877,0.931116367995174,0.5207146586081871,0.6489289414457488,0.8305689224679108,0.49791122177440694,0.5992703610606088,0.4794221449601459
