,Model_Name,feature_represenation,variance_maintained,Dimentionality,r2_summary,RMSE_summary,r2_train,RMSE_train,standard_error_r2,standard_error_RMSE,standard_error_r2_train,standard_error_RMSE_train
0,Ridge,SNPs,-,323224,0.02662224588276161,0.9520290042537278,0.9583032528814627,0.18214663146455254,0.2061955441867831,0.23250895315352338,0.0754720410690082,0.19248102274360082
1,Lasso,SNPs,-,323224,-0.07892087447494062,1.0012943907810485,0.44995263412283215,0.7257368752954018,0.2573641815470768,0.23702579609947974,0.4677734274083392,0.315183062505003
2,ElasticNet,SNPs,-,323224,-0.01993607436105066,0.9762794159453668,0.36491863147227244,0.7876493424895615,0.16880771409064219,0.252376968077268,0.370933905381814,0.22323662395561603
