,Model_Name,feature_represenation,variance_maintained,Dimentionality,r2_summary,RMSE_summary,r2_train,RMSE_train,standard_error_r2,standard_error_RMSE,standard_error_r2_train,standard_error_RMSE_train
0,Ridge,SNPs,-,326012,0.4573259939501884,0.6856422299405107,0.9999854836103007,0.0016205040955828338,0.39825833186845805,0.5092185119274519,7.39250140773127e-05,0.0072631266080913845
1,Lasso,SNPs,-,326012,0.3940939089494921,0.7187907340334242,0.9844247165503694,0.10285197556197959,0.3520067199090147,0.42189154094176695,0.03438101038689324,0.14370725005993104
2,ElasticNet,SNPs,-,326012,0.43188326044044323,0.7058991157602843,0.8170211555908824,0.4199207368335485,0.34434224654633877,0.5096206119049564,0.14404883151736736,0.17783504104325684
