,Model_Name,feature_represenation,variance_maintained,Dimentionality,r2_summary,RMSE_summary,r2_train,RMSE_train,standard_error_r2,standard_error_RMSE,standard_error_r2_train,standard_error_RMSE_train
0,Ridge,SNPs,-,289681,-0.09428807603771386,0.8851129933525813,0.9908245965737819,0.08835836232025207,0.7840551555327937,0.6306274731654381,0.013092680382699758,0.0783792387271015
1,Lasso,SNPs,-,289681,-0.15975687754869206,0.9093673842613587,0.5716066642909001,0.5920323146330069,0.6024231482135394,0.5475934686281912,0.580820750799344,0.5941076726005465
2,ElasticNet,SNPs,-,289681,-0.11010006735494607,0.8938368460850517,0.6792840062686128,0.5552745196055813,0.5856920824127837,0.5658233267626382,0.25568069555039163,0.26178884759992427
