,Model_Name,feature_represenation,variance_maintained,Dimentionality,r2_summary,RMSE_summary,r2_train,RMSE_train,standard_error_r2,standard_error_RMSE,standard_error_r2_train,standard_error_RMSE_train
0,Ridge,SNPs,-,334561,0.4716593035775402,0.7078395306004062,0.9992523214891754,0.019513527701392554,0.41917716894400936,0.39536545517827953,0.001600494749378967,0.03897091802355766
1,Lasso,SNPs,-,334561,0.469058298582642,0.7054585202568939,0.9542440013001755,0.19771591547364883,0.408871183746014,0.3333996223272919,0.07027268132332494,0.16844250326672758
2,ElasticNet,SNPs,-,334561,0.4035297596534848,0.7541294883990073,0.8065677558701506,0.4298417827550041,0.4493952182646043,0.42881454811146186,0.1456154416463152,0.18117331215165094
