,Model_Name,feature_represenation,variance_maintained,Dimentionality,r2_summary,RMSE_summary,r2_train,RMSE_train,standard_error_r2,standard_error_RMSE,standard_error_r2_train,standard_error_RMSE_train
0,Ridge,SNPs,-,322648,0.04893381358424694,0.959551086850285,0.8498576269687167,0.35842618921465447,0.14300695132584548,0.3048906966668202,0.20586039385207414,0.3078372158874306
1,Lasso,SNPs,-,322648,0.2562122377554004,0.8480530208588603,0.3304186806341105,0.8180057459843715,0.10535920904903542,0.26133843036297744,0.023744300750212666,0.01861184861927134
2,ElasticNet,SNPs,-,322648,0.237945388159641,0.8567062210750352,0.37037385674333506,0.7865576216378863,0.10272633022031918,0.23539351723153207,0.3137207413290419,0.23705496520487043
