,Model_Name,feature_represenation,variance_maintained,Dimentionality,r2_summary,RMSE_summary,r2_train,RMSE_train,standard_error_r2,standard_error_RMSE,standard_error_r2_train,standard_error_RMSE_train
0,Ridge,SNPs,-,295534,-0.08519402257218354,0.9728609412992427,0.7845193863541271,0.4584422487018499,0.4158587377225618,0.3858942474563062,0.1391492235452412,0.14947934849966504
1,Lasso,SNPs,-,295534,-0.2223924985203184,1.036204347947273,0.3123050983610699,0.7830319529691588,0.3954087664833383,0.43238230239428294,0.7338441297528018,0.5852148342216984
2,ElasticNet,SNPs,-,295534,-0.14226609686750843,0.9990341706238461,0.02850132853080143,0.9846301748138904,0.36176925128129206,0.3780463712350433,0.1305508253138847,0.08863600449449897
