,Model_Name,feature_represenation,variance_maintained,Dimentionality,r2_summary,RMSE_summary,r2_train,RMSE_train,standard_error_r2,standard_error_RMSE,standard_error_r2_train,standard_error_RMSE_train
0,Ridge,SNPs,-,307883,-0.10958192676620371,0.8619752745496339,0.6384684556604142,0.5854264914549838,0.3956494831553586,1.0998321486516511,0.3031944929887925,0.321276258707686
1,Lasso,SNPs,-,307883,-0.08649385989155639,0.8551751122860232,0.36521371568810945,0.7653697430452483,0.4079489548022074,1.1031656497739315,0.52125611507603,0.33647900798927227
2,ElasticNet,SNPs,-,307883,-0.08851705227838205,0.8601547636766127,2.2204460492503132e-17,0.9957897372396329,0.16288888182665046,1.0962587102248695,1.3762467196820668e-16,0.18438225952923562
