,Model_Name,feature_represenation,variance_maintained,Dimentionality,r2_summary,RMSE_summary,r2_train,RMSE_train,standard_error_r2,standard_error_RMSE,standard_error_r2_train,standard_error_RMSE_train
0,Ridge,SNPs,-,323224,0.12025017450767525,0.921800410446978,0.9780075617739534,0.14385841297908297,0.20494427301671914,0.23955524098182268,0.021782668060402046,0.06848539895084677
1,Lasso,SNPs,-,323224,0.043664391939375415,0.9632913972350289,0.40976588399741143,0.7603545382289447,0.11436447483493242,0.25192035898528564,0.32006500909045155,0.20869146827455573
2,ElasticNet,SNPs,-,323224,0.06525102110461144,0.9535940617822098,0.38919420309223995,0.7742642211238977,0.10306277585025046,0.2642259544894639,0.3505843871226981,0.2218347656678217
