,Model_Name,feature_represenation,variance_maintained,Dimentionality,r2_summary,RMSE_summary,r2_train,RMSE_train,standard_error_r2,standard_error_RMSE,standard_error_r2_train,standard_error_RMSE_train
0,Ridge,SNPs,-,358874,0.2856380721659282,0.8372954789171511,0.9725856938934808,0.15280466714697688,0.27097552618115334,0.4372521426999818,0.03408843994086972,0.13544441330733778
1,Lasso,SNPs,-,358874,0.2005191554825227,0.8831408158027739,0.48005368350392463,0.7184434244869421,0.19816051552406938,0.41332216866998495,0.1913873164499715,0.15114611675767273
2,ElasticNet,SNPs,-,358874,0.19986405733033102,0.8835952175807278,0.5236074473472927,0.68638367203281,0.1958743274059167,0.41034586684360486,0.21236689217846103,0.1615091881854713
