,Model_Name,feature_represenation,variance_maintained,Dimentionality,r2_summary,RMSE_summary,r2_train,RMSE_train,standard_error_r2,standard_error_RMSE,standard_error_r2_train,standard_error_RMSE_train
0,Ridge,SNPs,-,327819,0.06751008221953803,0.9245876632244636,0.824309010482069,0.4044901428996858,0.3439536357591771,0.21588447261618662,0.17001724401293605,0.21409126937059125
1,Lasso,SNPs,-,327819,0.09527253759112583,0.9114728154539732,0.6814554672799745,0.5366344311422169,0.25596534531996257,0.17750963725376825,0.29552982365502506,0.3530197832571571
2,ElasticNet,SNPs,-,327819,0.03223205348281102,0.9458458610626714,0.39089561121294303,0.7688975491499942,0.2913269011998273,0.2540137137045779,0.39790287003605274,0.2664596372901983
