,Model_Name,feature_represenation,variance_maintained,Dimentionality,r2_summary,RMSE_summary,r2_train,RMSE_train,standard_error_r2,standard_error_RMSE,standard_error_r2_train,standard_error_RMSE_train
0,Ridge,SNPs,-,323224,-0.022709244742329902,0.9669887311881561,0.4277860458739372,0.7548090972624346,0.15264081898990636,0.3986758919213756,0.14129399116914698,0.09766370932204514
1,Lasso,SNPs,-,323224,-0.018136455371748426,0.9635606461862001,0.2322606252461542,0.8655754659853978,0.20995185321827278,0.39961653142598563,0.4530571154386808,0.26815293005503
2,ElasticNet,SNPs,-,323224,-0.059527936336502815,0.9826949685961084,0.14380124143425574,0.9236060615907334,0.15366385821769735,0.3866313679746484,0.21656654829887315,0.13925234363383912
