,Model_Name,feature_represenation,variance_maintained,Dimentionality,r2_summary,RMSE_summary,r2_train,RMSE_train,standard_error_r2,standard_error_RMSE,standard_error_r2_train,standard_error_RMSE_train
0,Ridge,SNPs,-,323409,-0.060835644751127904,0.9675534511232005,0.016694532380096473,0.9911107689250802,0.24664277912058405,0.5730296456424366,0.029942965746267817,0.0712984271747491
1,Lasso,SNPs,-,323409,-0.03847599132011903,0.957481799387546,0.12432291802184794,0.9288559336657713,0.23491672018506798,0.5689197921425774,0.36834456069396154,0.21155783771109862
2,ElasticNet,SNPs,-,323409,-0.05957519198348613,0.9669183316846144,0.0,0.9994055512358274,0.2447476383734964,0.5717185245464689,0.0,0.06346377012597897
