,Model_Name,feature_represenation,variance_maintained,Dimentionality,r2_summary,RMSE_summary,r2_train,RMSE_train,standard_error_r2,standard_error_RMSE,standard_error_r2_train,standard_error_RMSE_train
0,Ridge,SNPs,-,322648,0.13211954447334037,0.9065539297993296,0.9503165159936001,0.21361296584113,0.21559821666849932,0.3528328282323027,0.05162559877674476,0.13752639287327637
1,Lasso,SNPs,-,322648,0.1175737180181645,0.9151164790704093,0.697249815317051,0.5309557254597819,0.14482698299299748,0.34474028805494933,0.32260980458024074,0.3125851864458679
2,ElasticNet,SNPs,-,322648,0.2373673218615151,0.8500223665310354,0.5348996910145807,0.6746254299984823,0.16344403929792772,0.32129039301070306,0.25839378693304,0.21369712007922329
