,Model_Name,feature_represenation,variance_maintained,Dimentionality,r2_summary,RMSE_summary,r2_train,RMSE_train,standard_error_r2,standard_error_RMSE,standard_error_r2_train,standard_error_RMSE_train
0,Ridge,SNPs,-,363320,0.06377734702494965,0.9537805575377064,0.6863244595021291,0.5563800296809803,0.07586125383489203,0.24417159158519128,0.13104118730171174,0.12745614840913932
1,Lasso,SNPs,-,363320,-0.006292431626082051,0.9895823394608554,0.21988670529008425,0.8796524648322693,0.04557322907088771,0.26098564994220114,0.2977608165992128,0.1668274599497809
2,ElasticNet,SNPs,-,363320,0.03430526252633357,0.9694621211102484,0.2030321337535622,0.8920521562167641,0.0704146699411302,0.2587043664745297,0.11181751176022632,0.06802849494322262
