,Model_Name,feature_represenation,variance_maintained,Dimentionality,r2_summary,RMSE_summary,r2_train,RMSE_train,standard_error_r2,standard_error_RMSE,standard_error_r2_train,standard_error_RMSE_train
0,Ridge,SNPs,-,323409,-0.1062552557393862,0.9721384073430033,0.2892093581678265,0.8354322143881531,0.22860331093521127,0.5777834392864714,0.29651332358941423,0.18822385905093258
1,Lasso,SNPs,-,323409,-0.08451221577865946,0.9654792651046599,0.09709474009252406,0.9151110892827719,0.09423597640150205,0.5875130907114857,0.6017994339283104,0.5198314841058954
2,ElasticNet,SNPs,-,323409,-0.07899269736329743,0.9629282125993562,-2.2204460492503132e-17,0.99861326677877,0.10606978300347501,0.5877156484873769,1.3762467196820668e-16,0.08974325081979428
