,Model_Name,feature_represenation,variance_maintained,Dimentionality,r2_summary,RMSE_summary,r2_train,RMSE_train,standard_error_r2,standard_error_RMSE,standard_error_r2_train,standard_error_RMSE_train
0,Ridge,SNPs,-,323409,-0.20497700374919006,0.7870785540395346,0.9579485980358157,0.058882697881247795,0.6348856218222714,1.2381006436368895,0.2603360956061359,0.3468980686164268
1,Lasso,SNPs,-,323409,-0.1562418694660181,0.7826282098927847,0.29290316916506254,0.8207779185365253,0.45329949757873317,1.2445159230002412,0.5246198423665276,0.3810362352596971
2,ElasticNet,SNPs,-,323409,-0.1828818323465709,0.7948825667114351,0.009126687422548563,0.9906862506406727,0.40536638848974965,1.2732637909833688,0.05656779470542357,0.19012534209455176
