,Model_Name,feature_represenation,variance_maintained,Dimentionality,r2_summary,RMSE_summary,r2_train,RMSE_train,standard_error_r2,standard_error_RMSE,standard_error_r2_train,standard_error_RMSE_train
0,Ridge,SNPs,-,323409,-0.03933057882189237,0.9299029724776988,0.16158517453341897,0.9144831775165347,0.101370879163065,0.809357452843186,0.07661813100266948,0.10898122830651055
1,Lasso,SNPs,-,323409,-0.036444213829811375,0.927829653459437,-5.551115123125783e-17,0.9987149312490835,0.08928347906793595,0.8037838466491204,3.7339455742791814e-16,0.09858593167227706
2,ElasticNet,SNPs,-,323409,-0.036444214153182,0.9278296535074044,0.0,0.9987149312490834,0.08928347966424165,0.8037838463767972,2.0515874793467993e-16,0.09858593167227704
