,Model_Name,feature_represenation,variance_maintained,Dimentionality,r2_summary,RMSE_summary,r2_train,RMSE_train,standard_error_r2,standard_error_RMSE,standard_error_r2_train,standard_error_RMSE_train
0,Ridge,SNPs,-,287409,0.18723166878531022,0.8706336375409124,0.9983395094748698,0.026748338392264127,0.3840178701905574,0.19463019378903862,0.004582992618625861,0.06350604116769946
1,Lasso,SNPs,-,287409,0.739803954486516,0.46170839807982306,0.8420888222390709,0.3948018677133989,0.4594131219700182,0.4055804680985853,0.06692870970386891,0.09091335201695892
2,ElasticNet,SNPs,-,287409,0.6793170047461197,0.5263717880768222,0.7278310161993387,0.5177325903305199,0.42139824868528225,0.3599446667573803,0.13701177825267324,0.12971718139468646
