,Model_Name,feature_represenation,variance_maintained,Dimentionality,r2_summary,RMSE_summary,r2_train,RMSE_train,standard_error_r2,standard_error_RMSE,standard_error_r2_train,standard_error_RMSE_train
0,Ridge,SNPs,-,334205,0.3467509425868901,0.7870571764699718,1.0,2.7023362534732435e-13,0.35499104260305714,0.1859874946519252,0.0,2.4184617235041075e-14
1,Lasso,SNPs,-,334205,0.2623912012795014,0.8349364636312863,0.9251640457320486,0.24317758834817074,0.4221399277565358,0.18283577244339475,0.13053649459713226,0.25977756496122417
2,ElasticNet,SNPs,-,334205,0.3464658978235789,0.7891405779875426,0.8661351667867501,0.35661905633574265,0.31032461546459117,0.16966823407075415,0.11645082614979937,0.16835818232014263
