,Model_Name,feature_represenation,variance_maintained,Dimentionality,r2_summary,RMSE_summary,r2_train,RMSE_train,standard_error_r2,standard_error_RMSE,standard_error_r2_train,standard_error_RMSE_train
0,Ridge,SNPs,-,323224,0.03385878359242247,0.9687129096231104,0.6166015093538029,0.6161145669113299,0.1471576215636652,0.2525618079735989,0.16534010487208686,0.12587431363863086
1,Lasso,SNPs,-,323224,-0.02112693863226368,0.9960264802323762,0.26703146378955017,0.8420349765774703,0.07688333624420765,0.23934229963600492,0.5407784515187914,0.32562653150014337
2,ElasticNet,SNPs,-,323224,0.005345515613698537,0.9837402318393973,0.25003109174108545,0.8620649737359453,0.05627079334629771,0.24647021736543812,0.3099633275616887,0.1899704564253134
