,Model_Name,feature_represenation,variance_maintained,Dimentionality,r2_summary,RMSE_summary,r2_train,RMSE_train,standard_error_r2,standard_error_RMSE,standard_error_r2_train,standard_error_RMSE_train
0,Ridge,SNPs,-,335382,-0.026725405187582686,0.9916274025996897,0.6598169921542433,0.5680222175832785,0.34731038154790866,0.13738147968985925,0.24711915033216456,0.2735556404391203
1,Lasso,SNPs,-,335382,-0.09340953135257754,1.0256782894318,0.1850968064743762,0.8842095623860026,0.2442083961360427,0.09878696047250439,0.5931910989499792,0.37713239904955376
2,ElasticNet,SNPs,-,335382,-0.010423491018542896,0.9868864736843048,0.15631454225470856,0.9155804769157279,0.13909239221305178,0.05950010059279813,0.2650095692094663,0.14673832672064044
