,Model_Name,feature_represenation,variance_maintained,Dimentionality,r2_summary,RMSE_summary,r2_train,RMSE_train,standard_error_r2,standard_error_RMSE,standard_error_r2_train,standard_error_RMSE_train
0,Ridge,SNPs,-,358874,0.5411682010769466,0.6491093849456419,1.0,2.3927346149087013e-13,0.392374814280633,0.2165166768579027,0.0,1.656776024970499e-14
1,Lasso,SNPs,-,358874,0.4701873610999632,0.6925765298279533,0.9809316084763426,0.11477582271548324,0.5090307952776226,0.26694441709695554,0.04132155555341548,0.1595790694520609
2,ElasticNet,SNPs,-,358874,0.5135837745378423,0.6724654381122136,0.9157344754250464,0.2767727502850517,0.35704488317671657,0.236808197848528,0.11408148778224289,0.17659018016264977
