,Model_Name,feature_represenation,variance_maintained,Dimentionality,r2_summary,RMSE_summary,r2_train,RMSE_train,standard_error_r2,standard_error_RMSE,standard_error_r2_train,standard_error_RMSE_train
0,Ridge,SNPs,-,358874,0.7388210057977943,0.49757552421859197,0.9999591829339516,0.002545351136372396,0.1764505181879653,0.16480760700096503,0.0002278049504035522,0.012094318417647439
1,Lasso,SNPs,-,358874,0.6821955474635883,0.5489220881787092,0.984558854248089,0.09923379852074797,0.1956110765234475,0.14432827553593416,0.036818275269006356,0.15467231550805086
2,ElasticNet,SNPs,-,358874,0.701060697380195,0.5340033531842996,0.9002236887617356,0.30964005611506207,0.1892777695133957,0.17925930657522868,0.08401887591309636,0.12222231781796138
