,Model_Name,feature_represenation,variance_maintained,Dimentionality,r2_summary,RMSE_summary,r2_train,RMSE_train,standard_error_r2,standard_error_RMSE,standard_error_r2_train,standard_error_RMSE_train
0,Ridge,SNPs,-,326915,0.029673625951800297,0.9478798716609373,0.829686027793807,0.38920455056449865,0.2800228143263612,0.2596668213257299,0.18723512092213163,0.27098664818617535
1,Lasso,SNPs,-,326915,-0.0007104484564725122,0.9636532340625737,0.5848987427830763,0.6236680739711328,0.1651176881338186,0.2394983275064181,0.4114208488412078,0.34657927117244225
2,ElasticNet,SNPs,-,326915,0.016955722355268155,0.9587470005212642,0.293705450578448,0.8377316548312804,0.12574957695954098,0.2842063584067913,0.20367485214563472,0.11684667657901758
