,Model_Name,feature_represenation,variance_maintained,Dimentionality,r2_summary,RMSE_summary,r2_train,RMSE_train,standard_error_r2,standard_error_RMSE,standard_error_r2_train,standard_error_RMSE_train
0,Ridge,SNPs,-,337101,0.5301943166721445,0.6502474097292454,1.0,2.727134934917757e-13,0.24123347274976348,0.29396400551806884,0.0,7.998534945635092e-14
1,Lasso,SNPs,-,337101,0.4339577735576749,0.7130663804043815,0.9947334131089243,0.05365427428141015,0.2744376327494098,0.3350684749728908,0.012535755567071954,0.1004675898097094
2,ElasticNet,SNPs,-,337101,0.42980271441567647,0.7163791438733966,0.8469296964148614,0.3876143838166374,0.29889560511217644,0.3308688508159863,0.0777167316410798,0.09512088196134898
