,Model_Name,feature_represenation,variance_maintained,Dimentionality,r2_summary,RMSE_summary,r2_train,RMSE_train,standard_error_r2,standard_error_RMSE,standard_error_r2_train,standard_error_RMSE_train
0,Ridge,SNPs,-,285419,-0.05291881703518614,0.9724158613947116,0.8581733266244732,0.3471650572202635,0.33224037929103306,0.17715433937564903,0.22274192071945395,0.2920178665004353
1,Lasso,SNPs,-,285419,0.20018035192146136,0.8388409939613792,0.6729766882880424,0.5226966069800287,0.6905305229542317,0.3633697720713565,0.3868225391081868,0.458770349629841
2,ElasticNet,SNPs,-,285419,0.24804388310305145,0.8134257312756844,0.5064052010483102,0.6937544502307791,0.4242288320996145,0.23358803060522323,0.2719366489113416,0.20389946132241019
