,Model_Name,feature_represenation,variance_maintained,Dimentionality,r2_summary,RMSE_summary,r2_train,RMSE_train,standard_error_r2,standard_error_RMSE,standard_error_r2_train,standard_error_RMSE_train
0,Ridge,SNPs,-,331681,0.24936199358891867,0.8503132541223911,0.9997030430863297,0.012750689769605654,0.12169643152560898,0.16943816877022816,0.0005988663146136102,0.0240790272651468
1,Lasso,SNPs,-,331681,0.09198892646201437,0.9340501532563861,0.7256933281682914,0.457099999776937,0.1681007691979437,0.17395470497358892,0.4422933993682216,0.5287718735057282
2,ElasticNet,SNPs,-,331681,0.22425074212401877,0.8635549246392896,0.7965995792492178,0.4374455490474617,0.109277615779415,0.1487471789628246,0.2030859191532831,0.22634797708625093
