,Model_Name,feature_represenation,variance_maintained,Dimentionality,r2_summary,RMSE_summary,r2_train,RMSE_train,standard_error_r2,standard_error_RMSE,standard_error_r2_train,standard_error_RMSE_train
0,Ridge,SNPs,-,334119,0.09476535140838484,0.8932163027306008,0.9857015662012113,0.03322129951633048,0.46413498290067756,0.469990363317497,0.08862261084351997,0.20590774766920517
1,Lasso,SNPs,-,334119,0.2178094997502334,0.8306143900586612,0.8831786224955415,0.2828167018758665,0.33150461388788777,0.40444534982442376,0.22035494504771627,0.4100409893987312
2,ElasticNet,SNPs,-,334119,0.09792070124295356,0.9006192251517122,0.4831140701453773,0.7019512063467789,0.3785599829192629,0.5381281609575199,0.42061712908643467,0.2906891602589695
