,Model_Name,feature_represenation,variance_maintained,Dimentionality,r2_summary,RMSE_summary,r2_train,RMSE_train,standard_error_r2,standard_error_RMSE,standard_error_r2_train,standard_error_RMSE_train
0,Ridge,SNPs,-,323409,-0.06856785287322323,0.9703903265931101,0.14803533899082574,0.9224814986536811,0.2653854640024712,0.5737930530511559,0.004527845376138233,0.05936767424454775
1,Lasso,SNPs,-,323409,-0.0380150502959954,0.9580051195715698,0.07115363269781647,0.9620139134808986,0.23271639410700343,0.5724963856973443,0.15261711060772384,0.08259341234607566
2,ElasticNet,SNPs,-,323409,-0.05957519198348613,0.9669183316846144,0.0,0.9994055512358274,0.2447476383734964,0.5717185245464689,0.0,0.06346377012597897
