,Model_Name,feature_represenation,variance_maintained,Dimentionality,r2_summary,RMSE_summary,r2_train,RMSE_train,standard_error_r2,standard_error_RMSE,standard_error_r2_train,standard_error_RMSE_train
0,Ridge,SNPs,-,358874,0.6023816546940552,0.6159161008663505,0.9999734522529506,0.0016613835042750794,0.19318584776451728,0.2567982653538082,0.0001645446409470029,0.01029736164216197
1,Lasso,SNPs,-,358874,0.5463632898638505,0.6575797078046971,0.9548188239169513,0.19484920559998278,0.2153292963261434,0.26288897870211125,0.07839154107223963,0.18349346152281537
2,ElasticNet,SNPs,-,358874,0.5759178072233568,0.6349694676559394,0.8938169281558697,0.32197346650084063,0.18891988339158383,0.2353298757622914,0.07219837677555427,0.11329748467371972
