,Model_Name,feature_represenation,variance_maintained,Dimentionality,r2_summary,RMSE_summary,r2_train,RMSE_train,standard_error_r2,standard_error_RMSE,standard_error_r2_train,standard_error_RMSE_train
0,Ridge,SNPs,-,323224,0.024870399347928097,0.9724880785286122,0.8015386491970118,0.43730194608654793,0.19886323259108052,0.20024223890822362,0.1515976711908712,0.17220337192639779
1,Lasso,SNPs,-,323224,-0.02850674628890515,1.0011640716761119,0.05017450470245917,0.9729752438654586,0.10147490136530359,0.21882790243656267,0.20752438199245846,0.11447049267276409
2,ElasticNet,SNPs,-,323224,-0.028583761552102738,1.0012156302682382,0.07372082944263733,0.9564741609325512,0.07621947068503802,0.21553732451299124,0.3468209580938137,0.19594291884237006
