,Model_Name,feature_represenation,variance_maintained,Dimentionality,r2_summary,RMSE_summary,r2_train,RMSE_train,standard_error_r2,standard_error_RMSE,standard_error_r2_train,standard_error_RMSE_train
0,Ridge,SNPs,-,323224,0.046152194397619875,0.9329539025771633,0.8489375204322469,0.37642483331369425,0.16499408028423146,0.5669206524477168,0.13319953011395982,0.18246371421308477
1,Lasso,SNPs,-,323224,-0.028280377757308704,0.96726542813399,0.13077501588476678,0.9242177759989337,0.08761102291109675,0.5759912409423515,0.3807558247355932,0.21947868034394
2,ElasticNet,SNPs,-,323224,-0.018308560988352717,0.9636245460606376,0.02835274024943968,0.9842020595149403,0.04694611743379429,0.5809781269810586,0.17573210470690548,0.1285956974148134
