,Model_Name,feature_represenation,variance_maintained,Dimentionality,r2_summary,RMSE_summary,r2_train,RMSE_train,standard_error_r2,standard_error_RMSE,standard_error_r2_train,standard_error_RMSE_train
0,Ridge,SNPs,-,320302,-0.0035820519949039896,0.938503447076092,0.9911359244858798,0.05191038152149277,0.4028550923247723,0.18304860441588147,0.04286447187524471,0.15975636579153257
1,Lasso,SNPs,-,320302,-0.021524522895853503,0.9466890919057265,0.4642607296837981,0.725739298554624,0.41553398320199464,0.17714626016513357,0.29021556087048317,0.1910097068167682
2,ElasticNet,SNPs,-,320302,-0.01224077218644809,0.9475205244667905,0.6029763379873557,0.6136917801938058,0.3306156855465855,0.2283164870109267,0.3410794549577488,0.2711386486290001
