,Model_Name,feature_represenation,variance_maintained,Dimentionality,r2_summary,RMSE_summary,r2_train,RMSE_train,standard_error_r2,standard_error_RMSE,standard_error_r2_train,standard_error_RMSE_train
0,Ridge,SNPs,-,323224,0.0530942985993554,0.9539472769398868,0.6937873588358806,0.5493578105847896,0.15873525924491416,0.18145291088234897,0.13613713865237917,0.13698305289614235
1,Lasso,SNPs,-,323224,-0.004834570630030543,0.9838946441838773,0.48759361652957617,0.7109136713278295,0.12781947889504897,0.19605592485946471,0.27226572565599855,0.16295216590095388
2,ElasticNet,SNPs,-,323224,0.05105304218722434,0.9573472150430051,0.36900537948780815,0.789941207890345,0.07918653418516802,0.20443475949757717,0.2590711160008926,0.1623384178422286
