,Model_Name,feature_represenation,variance_maintained,Dimentionality,r2_summary,RMSE_summary,r2_train,RMSE_train,standard_error_r2,standard_error_RMSE,standard_error_r2_train,standard_error_RMSE_train
0,Ridge,SNPs,-,358874,0.6455899078161098,0.5804297955747717,0.998693030206908,0.011547640874058188,0.22136952943349467,0.20987316458882974,0.00810068268743305,0.07156492239240268
1,Lasso,SNPs,-,358874,0.5266017483075629,0.6556492039100394,0.9025870563629562,0.28249394983781545,0.5467104872577287,0.30340003574023794,0.12997492944626787,0.27620418191355145
2,ElasticNet,SNPs,-,358874,0.6075283083697786,0.6124777522720884,0.8931104820142839,0.30501668058590214,0.19915718067728017,0.19213532701591843,0.16204509813609064,0.24404615719410916
