,Model_Name,feature_represenation,variance_maintained,Dimentionality,r2_summary,RMSE_summary,r2_train,RMSE_train,standard_error_r2,standard_error_RMSE,standard_error_r2_train,standard_error_RMSE_train
0,Ridge,SNPs,-,323016,0.03034069058143103,0.9317518304401741,0.6856301804025922,0.5583183944794192,0.23028680360656612,0.33234926186624614,0.12326749648859554,0.12088845372417649
1,Lasso,SNPs,-,323016,-0.042325141267550714,0.9627101577774723,0.6430135900073592,0.5519093629695919,0.3007431129662803,0.3153623273868332,0.43676488977767325,0.4649605780728007
2,ElasticNet,SNPs,-,323016,-0.02412859539650577,0.955173073397733,0.2992829022133531,0.8360594396836014,0.3364969144400889,0.3288180506946429,0.10876454560086567,0.07196008898606177
