,Model_Name,feature_represenation,variance_maintained,Dimentionality,r2_summary,RMSE_summary,r2_train,RMSE_train,standard_error_r2,standard_error_RMSE,standard_error_r2_train,standard_error_RMSE_train
0,Ridge,SNPs,-,325162,0.009295762328160428,0.9586569880640298,0.6219021054939684,0.6113505472554785,0.20694330224052904,0.291118224688123,0.155872707494728,0.10622713589794941
1,Lasso,SNPs,-,325162,-0.005262870317003465,0.9680284501329534,0.15457253273851376,0.9185867338309452,0.1873962722982048,0.31804495640442454,0.11515071232259476,0.06859661181207062
2,ElasticNet,SNPs,-,325162,-0.03492147844771376,0.9835242905475524,0.13017390679676968,0.9308136823383667,0.12664929588410143,0.3292865781936921,0.19320289449444633,0.10678123961055434
