,Model_Name,feature_represenation,variance_maintained,Dimentionality,r2_summary,RMSE_summary,r2_train,RMSE_train,standard_error_r2,standard_error_RMSE,standard_error_r2_train,standard_error_RMSE_train
0,Ridge,SNPs,-,305506,-0.10891404677945615,0.9890221894568562,0.6382714623170359,0.5651143566480481,0.2245712725352615,0.5217091925044097,0.5355063976125015,0.3855799958480846
1,Lasso,SNPs,-,305506,-0.3080431283130589,1.0450573326968995,0.41904400017586324,0.6552248785163187,0.8983424985425913,0.45718949471599135,0.8701906906515872,0.7589821559326884
2,ElasticNet,SNPs,-,305506,-0.059922051060652584,0.970113913630668,0.058462369975369556,0.9689422652042957,0.17456126350695703,0.531642658309433,0.1406434668832154,0.09420830825234915
