,Model_Name,feature_represenation,variance_maintained,Dimentionality,r2_summary,RMSE_summary,r2_train,RMSE_train,standard_error_r2,standard_error_RMSE,standard_error_r2_train,standard_error_RMSE_train
0,Ridge,SNPs,-,358874,0.7893309833840757,0.4435929878456935,1.0,1.5147356918048768e-13,0.13621684883765092,0.12555597189822615,0.0,9.674984150190922e-15
1,Lasso,SNPs,-,358874,0.7407780656128506,0.4949151051722698,0.9882152181770063,0.08393487184873359,0.14247274371108307,0.1268508530625099,0.0321578672257127,0.14006401444978273
2,ElasticNet,SNPs,-,358874,0.7645005554950205,0.473592288448078,0.9440090728304507,0.23251166302176213,0.1105090793059179,0.10980456185719227,0.043491765925464596,0.08307774782562925
