,Model_Name,feature_represenation,variance_maintained,Dimentionality,r2_summary,RMSE_summary,r2_train,RMSE_train,standard_error_r2,standard_error_RMSE,standard_error_r2_train,standard_error_RMSE_train
0,Ridge,SNPs,-,320302,0.10132935363328859,0.8883181975592702,0.9888011594008066,0.086897425848736,0.26071800601515477,0.3592914692749855,0.02035334953541265,0.12307725151038838
1,Lasso,SNPs,-,320302,0.046674380965147956,0.9198689328394813,0.5788489388904763,0.629971829089593,0.22357494333212444,0.38898489696675814,0.4238349658987802,0.3224808147569983
2,ElasticNet,SNPs,-,320302,0.05178552149969472,0.9145628047645378,0.7260831270617419,0.5174716254004632,0.2173515239699441,0.3643303064342364,0.17643831234518267,0.16823923763323978
