,Model_Name,feature_represenation,variance_maintained,Dimentionality,r2_summary,RMSE_summary,r2_train,RMSE_train,standard_error_r2,standard_error_RMSE,standard_error_r2_train,standard_error_RMSE_train
0,Ridge,SNPs,-,305506,-0.04649244865285248,0.9436413925484886,0.9406232202815283,0.22163610729744984,0.41852312316030127,0.6182653482829956,0.1226667935410771,0.210752209449057
1,Lasso,SNPs,-,305506,-0.022188554364773204,0.9406891556227907,0.422828517172293,0.683086380802012,0.194479693985604,0.6242176030588412,0.8195203296665123,0.672870815151004
2,ElasticNet,SNPs,-,305506,-0.04312886596885439,0.9536825149845067,0.014828090384490945,0.9912141356493394,0.09870075982962837,0.6421470516732407,0.09190545637303305,0.07738764731095138
