,Model_Name,feature_represenation,variance_maintained,Dimentionality,r2_summary,RMSE_summary,r2_train,RMSE_train,standard_error_r2,standard_error_RMSE,standard_error_r2_train,standard_error_RMSE_train
0,Ridge,SNPs,-,344721,0.21872507058094917,0.8465022914351552,0.9966317163086023,0.04085351336800149,0.410335580908132,0.1084552061676532,0.010540400677876535,0.08316507973681056
1,Lasso,SNPs,-,344721,0.7123461579563503,0.48248587298170736,0.8239524149777084,0.4177659376245769,0.4205256502686601,0.2554343110730339,0.0551681582130013,0.06907397985793258
2,ElasticNet,SNPs,-,344721,0.6747509488285384,0.5286908840551185,0.7299985300524846,0.5176919199637458,0.3776857614010011,0.22182139023894798,0.08105406609589144,0.06802104960250296
