,Model_Name,feature_represenation,variance_maintained,Dimentionality,r2_summary,RMSE_summary,r2_train,RMSE_train,standard_error_r2,standard_error_RMSE,standard_error_r2_train,standard_error_RMSE_train
0,Ridge,SNPs,-,358874,0.6373319147773939,0.5782544344811001,1.0,2.0967442406965146e-13,0.2970557709008153,0.22002402522547052,0.0,2.213820687148254e-14
1,Lasso,SNPs,-,358874,0.5382444199576819,0.6619468619486093,0.9198440253300374,0.25321621399101935,0.2555696598344972,0.16973716067047157,0.13356226944871072,0.26169174494051556
2,ElasticNet,SNPs,-,358874,0.585576134332679,0.6232629432842027,0.9057230833663368,0.2958521229872114,0.3016582148853614,0.22907484892220337,0.08954667338729434,0.16318745414091018
