,Model_Name,feature_represenation,variance_maintained,Dimentionality,r2_summary,RMSE_summary,r2_train,RMSE_train,standard_error_r2,standard_error_RMSE,standard_error_r2_train,standard_error_RMSE_train
0,Ridge,SNPs,-,323224,0.0029761950258641477,0.9323124060050921,0.6405383842563214,0.5964635709314337,0.24150824407945937,0.5968856009897155,0.15656472472792762,0.14734995262940961
1,Lasso,SNPs,-,323224,-0.10781487174710096,0.9802398729960304,0.26230881881605417,0.8515631663722905,0.26404850872508856,0.6064367276716696,0.3320913991020322,0.20914835720169386
2,ElasticNet,SNPs,-,323224,-0.04414498734499354,0.9568930880761696,0.11094471924042018,0.9362065981098514,0.13004861325625017,0.6165800045427283,0.34175172183299923,0.19961156801446833
