,Model_Name,feature_represenation,variance_maintained,Dimentionality,r2_summary,RMSE_summary,r2_train,RMSE_train,standard_error_r2,standard_error_RMSE,standard_error_r2_train,standard_error_RMSE_train
0,Ridge,SNPs,-,305506,-0.7680240205695048,0.8240991130558187,0.14240536258562417,0.9211438931250044,3.6488119745158043,1.230215965979869,0.002898824262745101,0.18813729278350416
1,Lasso,SNPs,-,305506,-0.7588725008662753,0.8223765222354099,0.036084655547638046,0.9749516602953785,3.601383939583923,1.2277976945326188,0.14966699232066952,0.20012070952742636
2,ElasticNet,SNPs,-,305506,-0.7483067830008502,0.8208862346647756,1.1102230246251566e-17,0.9946840230163159,3.6033022045112633,1.2296350745884401,2.6051929940942463e-16,0.2030603224783884
