,Model_Name,feature_represenation,variance_maintained,Dimentionality,r2_summary,RMSE_summary,r2_train,RMSE_train,standard_error_r2,standard_error_RMSE,standard_error_r2_train,standard_error_RMSE_train
0,Ridge,SNPs,-,358874,0.7277041170739506,0.511948105081734,0.9997978379793753,0.006326685782631771,0.1579179920126986,0.16403705166256535,0.0010914232108384038,0.02638360688877413
1,Lasso,SNPs,-,358874,0.6912643323760561,0.5449727201620823,0.9729947065435509,0.14066728462146766,0.1574550398374481,0.13714028026290223,0.05052870832635105,0.17897439268267384
2,ElasticNet,SNPs,-,358874,0.6883184021107833,0.5492127839920619,0.8779316457777656,0.3480353588733465,0.15231466649636904,0.15984846192862417,0.04140156904888039,0.05421601033516169
