,Model_Name,feature_represenation,variance_maintained,Dimentionality,r2_summary,RMSE_summary,r2_train,RMSE_train,standard_error_r2,standard_error_RMSE,standard_error_r2_train,standard_error_RMSE_train
0,Ridge,SNPs,-,320428,-1.226736128302918,0.9502769958989321,0.7148586710294571,0.5164537852711714,7.56371248306868,0.5873172804885767,0.2775256986322333,0.28060914155094985
1,Lasso,SNPs,-,320428,-0.7257486791124687,0.9688233913425468,0.09886028171223046,0.9460800654861495,3.8477027267985733,0.63195024062344,0.2972225839614945,0.20059753455391607
2,ElasticNet,SNPs,-,320428,-0.75324299322123,0.9656930466508215,0.04188052658482755,0.9772214306370004,4.129623252695044,0.6390239531373368,0.17847126151397968,0.12945772136307387
