,Model_Name,feature_represenation,variance_maintained,Dimentionality,r2_summary,RMSE_summary,r2_train,RMSE_train,standard_error_r2,standard_error_RMSE,standard_error_r2_train,standard_error_RMSE_train
0,Ridge,SNPs,-,358874,0.8127249714205027,0.41800718420398497,1.0,1.3363356059178994e-13,0.1746628115145327,0.2081867445381217,0.0,1.642288086040488e-14
1,Lasso,SNPs,-,358874,0.7805116687412658,0.4542925298159864,0.9997374175478781,0.011379214799822606,0.16089332603756096,0.17476215894023983,0.0009008949338002102,0.02378434952978057
2,ElasticNet,SNPs,-,358874,0.7875464220024685,0.44721304845650756,0.9625586730653459,0.18848556312686363,0.18010038829069147,0.21637058802852274,0.03317891452811647,0.08529103878808142
