,Model_Name,feature_represenation,variance_maintained,Dimentionality,r2_summary,RMSE_summary,r2_train,RMSE_train,standard_error_r2,standard_error_RMSE,standard_error_r2_train,standard_error_RMSE_train
0,Ridge,SNPs,-,358874,0.8115902970278085,0.416506912426277,1.0,1.6294547843404772e-13,0.1461707000435152,0.15432194142773697,0.0,1.3850919339854972e-14
1,Lasso,SNPs,-,358874,0.7605434603147726,0.46601735465187927,0.9906988223011673,0.06693063988338147,0.20326699325550776,0.160419447765581,0.02962098862986537,0.14330502561900135
2,ElasticNet,SNPs,-,358874,0.7765862498135663,0.4576612848916098,0.9138512246725664,0.2860294387374982,0.14174384301431747,0.1734433452083862,0.06706739413239286,0.13426718109069669
