,Model_Name,feature_represenation,variance_maintained,Dimentionality,r2_summary,RMSE_summary,r2_train,RMSE_train,standard_error_r2,standard_error_RMSE,standard_error_r2_train,standard_error_RMSE_train
0,Ridge,SNPs,-,358874,0.7858380889194999,0.4492663938326423,1.0,1.5573232403095346e-13,0.15064395562449964,0.18234198295165782,0.0,6.224429561663088e-15
1,Lasso,SNPs,-,358874,0.7379756125518065,0.4957142612550543,0.9624211269176935,0.15915725305714762,0.16551266269273943,0.15908689910604312,0.07279530787405447,0.23174926308637975
2,ElasticNet,SNPs,-,358874,0.7556412584966424,0.4808122030159606,0.93545370867695,0.24701605046981284,0.15932602956857175,0.18342086536220192,0.054204094681862,0.12105553760850131
