,Model_Name,feature_represenation,variance_maintained,Dimentionality,r2_summary,RMSE_summary,r2_train,RMSE_train,standard_error_r2,standard_error_RMSE,standard_error_r2_train,standard_error_RMSE_train
0,Ridge,SNPs,-,323224,0.031979463165766386,0.8799491386558784,0.6036314840025836,0.6253881694370856,0.20191144259565058,0.8909858925045316,0.13129197892493155,0.14001628002083655
1,Lasso,SNPs,-,323224,-0.00865088200425409,0.8920447590622568,0.27987976813322013,0.8323888413421702,0.3278834167875948,0.8877371420801529,0.4073032384230926,0.26850866614514846
2,ElasticNet,SNPs,-,323224,-0.029706459109075812,0.9040879183278581,0.011614109841626996,0.9918231164295154,0.11112840311758214,0.8822177456517311,0.07198499858604078,0.12313196705639078
