,Model_Name,feature_represenation,variance_maintained,Dimentionality,r2_summary,RMSE_summary,r2_train,RMSE_train,standard_error_r2,standard_error_RMSE,standard_error_r2_train,standard_error_RMSE_train
0,Ridge,SNPs,-,327819,-0.015922156480647563,0.9476423795295592,0.442012511390028,0.745925674281488,0.20902681999925773,0.5885627758301343,0.10972564387695209,0.09595114525997113
1,Lasso,SNPs,-,327819,-0.023766283443168456,0.9529441165452768,0.08523678713953156,0.9551889936163841,0.21943673185454426,0.6007789791066361,0.0793558925017579,0.058566701762656694
2,ElasticNet,SNPs,-,327819,-0.04645510292226861,0.9612569602771837,0.04307220411453529,0.9770190810358064,0.2115607353080933,0.5899165136997343,0.16829901750800227,0.1260153802438799
