,Model_Name,feature_represenation,variance_maintained,Dimentionality,r2_summary,RMSE_summary,r2_train,RMSE_train,standard_error_r2,standard_error_RMSE,standard_error_r2_train,standard_error_RMSE_train
0,Ridge,SNPs,-,312723,-0.048049094706248685,1.0065060702161526,0.3575356326659881,0.7890963913185108,0.11637155077715364,0.23308080930951666,0.46206297673398106,0.300697613108486
1,Lasso,SNPs,-,312723,-0.03311215781128637,0.9995821303338185,0.042892780511398165,0.9772334864915599,0.0907261313811414,0.23065699790962885,0.188652091965492,0.11918497121574834
2,ElasticNet,SNPs,-,312723,-0.03259526549298266,0.9989255711748667,0.022352129003642897,0.9882513152980869,0.05085636149218096,0.2154187227675279,0.07683683213126431,0.03483451605424144
