,Model_Name,feature_represenation,variance_maintained,Dimentionality,r2_summary,RMSE_summary,r2_train,RMSE_train,standard_error_r2,standard_error_RMSE,standard_error_r2_train,standard_error_RMSE_train
0,Ridge,SNPs,-,307883,-0.20425640167148684,0.9560459977340479,0.9785670982486803,0.04803663512208415,0.7495377273239073,0.5099355804909882,0.13189640794895696,0.27234520974555215
1,Lasso,SNPs,-,307883,-0.2631962516744326,0.9865287391963252,-8.881784197001253e-17,0.9990203829039505,0.6437874809010201,0.5052793880823763,3.6699912524855115e-16,0.055886370744545756
2,ElasticNet,SNPs,-,307883,-0.28472617823920354,0.9893083336340408,0.03145484522250125,0.982116634314757,0.7601969694978595,0.49245454742471756,0.1507517963603355,0.08509846463383208
