,Model_Name,feature_represenation,variance_maintained,Dimentionality,r2_summary,RMSE_summary,r2_train,RMSE_train,standard_error_r2,standard_error_RMSE,standard_error_r2_train,standard_error_RMSE_train
0,Ridge,SNPs,-,322088,-0.04575799951944974,0.9922880329962842,0.4594544430047867,0.7057315829087357,0.08728507452333994,0.36865108584151385,0.6372204354860933,0.44336139831491145
1,Lasso,SNPs,-,322088,-0.04416166921001705,0.9917990405975656,0.022723952661814883,0.9877742149445585,0.09162651483088434,0.3710972373853345,0.13757362066187268,0.09131144462372057
2,ElasticNet,SNPs,-,322088,-0.037978052594323054,0.9887240411361272,0.06306577357504621,0.964792338666582,0.08062372635410484,0.36709212342790637,0.26354887952775036,0.14353851483512656
