,Model_Name,feature_represenation,variance_maintained,Dimentionality,r2_summary,RMSE_summary,r2_train,RMSE_train,standard_error_r2,standard_error_RMSE,standard_error_r2_train,standard_error_RMSE_train
0,Ridge,SNPs,-,358874,0.6707159720681574,0.5648761688586916,1.0,1.9636764501418873e-13,0.13306373528680815,0.1561819105946822,0.0,1.4413987836560655e-14
1,Lasso,SNPs,-,358874,0.6112015279913108,0.6136844307090804,0.9756179831970287,0.14856834274751873,0.1516480840076,0.1582323791415036,0.030372764848859788,0.09974509395881616
2,ElasticNet,SNPs,-,358874,0.64872626888775,0.5835874248612313,0.944235699223256,0.2241858096113702,0.12553360113352052,0.14608556163176337,0.06840737686017008,0.15651257539584684
