,Model_Name,feature_represenation,variance_maintained,Dimentionality,r2_summary,RMSE_summary,r2_train,RMSE_train,standard_error_r2,standard_error_RMSE,standard_error_r2_train,standard_error_RMSE_train
0,Ridge,SNPs,-,358874,0.7201865607073439,0.519646897337824,0.9999621163872072,0.0019341277757798357,0.15342963190409228,0.21550864413095053,0.00023480506474495054,0.011987848151130668
1,Lasso,SNPs,-,358874,0.6585364919971065,0.5708553839901878,0.9690699615275536,0.16209307674016168,0.17726394090224543,0.1867477469244419,0.04111150232815797,0.13877324600489116
2,ElasticNet,SNPs,-,358874,0.6873631157689428,0.5498511018196226,0.8886241846873315,0.3268604188554836,0.15606261065126692,0.2112027205406044,0.08876352358699403,0.13927171557800883
