,Model_Name,feature_represenation,variance_maintained,Dimentionality,r2_summary,RMSE_summary,r2_train,RMSE_train,standard_error_r2,standard_error_RMSE,standard_error_r2_train,standard_error_RMSE_train
0,Ridge,SNPs,-,358874,0.6478805572722774,0.5748101531844703,1.0,1.7671506564223093e-13,0.18087091513335535,0.15195803146494594,0.0,1.4744158885815266e-14
1,Lasso,SNPs,-,358874,0.5662364465271434,0.6356816227713338,0.9836889040322284,0.09368440435939951,0.24299198675482198,0.14422178334964467,0.04595949543083334,0.17982516847723917
2,ElasticNet,SNPs,-,358874,0.6256137815394868,0.5935604616099885,0.9543733587908613,0.2099853075097305,0.18006526513254836,0.14863186324903696,0.030797042470880536,0.08256575607382598
