,Model_Name,feature_represenation,variance_maintained,Dimentionality,r2_summary,RMSE_summary,r2_train,RMSE_train,standard_error_r2,standard_error_RMSE,standard_error_r2_train,standard_error_RMSE_train
0,Ridge,SNPs,-,358874,0.7541718187945744,0.48473542521740004,0.9999926403709704,0.00087352733245642,0.18302312547517982,0.255997109997101,4.561545331645105e-05,0.005414178498183345
1,Lasso,SNPs,-,358874,0.659402926708146,0.5708809203002992,0.9931229475867058,0.06600358606072514,0.18588861193212936,0.21963463862710067,0.01775614968537282,0.10430220933355726
2,ElasticNet,SNPs,-,358874,0.7126857522262857,0.5249029494593981,0.9068830237368087,0.30099825589936025,0.1636209678502655,0.23119646570452784,0.05969443436169659,0.10936321050346282
