,Model_Name,feature_represenation,variance_maintained,Dimentionality,r2_summary,RMSE_summary,r2_train,RMSE_train,standard_error_r2,standard_error_RMSE,standard_error_r2_train,standard_error_RMSE_train
0,Ridge,SNPs,-,358874,0.7858380921119393,0.4492663922416538,0.999999999997981,9.966318457311499e-07,0.15064392774738775,0.18234195964151256,9.815473338243961e-12,2.1121134135627623e-06
1,Lasso,SNPs,-,358874,0.6283604453621879,0.5851649499175455,0.9585732304795129,0.15673190592673983,0.3790487461280153,0.33936333954935893,0.08842937783266612,0.2713289835166184
2,ElasticNet,SNPs,-,358874,0.7557399160048763,0.4816342428776885,0.9282557009914574,0.2637151906132464,0.1462383176978512,0.16415825239064566,0.05251704838235715,0.09924357475166629
