,Model_Name,feature_represenation,variance_maintained,Dimentionality,r2_summary,RMSE_summary,r2_train,RMSE_train,standard_error_r2,standard_error_RMSE,standard_error_r2_train,standard_error_RMSE_train
0,Ridge,SNPs,-,322088,-0.020082573948184114,0.9883312871197508,0.2332376152356975,0.8722072447797838,0.05507638686292132,0.3965007809123021,0.3027867934887073,0.2091311881072885
1,Lasso,SNPs,-,322088,-0.011427686554500771,0.9839861424972264,0.206374961813578,0.8875642161383696,0.07991844314150248,0.3942171031278807,0.28902323710352934,0.18712652929270215
2,ElasticNet,SNPs,-,322088,-0.014166904818115732,0.9842944035265732,-2.2204460492503132e-17,0.9997087730321846,0.037842129773050175,0.380605562793845,1.3762467196820668e-16,0.04396674983190538
