,Model_Name,feature_represenation,variance_maintained,Dimentionality,r2_summary,RMSE_summary,r2_train,RMSE_train,standard_error_r2,standard_error_RMSE,standard_error_r2_train,standard_error_RMSE_train
0,Ridge,SNPs,-,327819,-0.14728440801111445,0.9433171358466604,0.4545168455301006,0.7345963840780123,0.8066397747254065,0.6737307619750021,0.18434864165166187,0.11736091743929095
1,Lasso,SNPs,-,327819,-0.2829643874137411,0.9933218980967572,0.2937159575016477,0.7901382171657819,0.9119312668262279,0.6682400377389677,0.7668209049674559,0.546245529419194
2,ElasticNet,SNPs,-,327819,-0.13186760075817155,0.9492144132641769,-2.2204460492503132e-17,0.9989406191172853,0.517293551843097,0.6949267307832249,1.3762467196820668e-16,0.07970927819699235
