,Model_Name,feature_represenation,variance_maintained,Dimentionality,r2_summary,RMSE_summary,r2_train,RMSE_train,standard_error_r2,standard_error_RMSE,standard_error_r2_train,standard_error_RMSE_train
0,Ridge,SNPs,-,307883,-0.9767667421087143,0.8870435608094239,0.5725332140420768,0.626164026721107,3.7232300400642533,1.061366943416783,0.5884513585346096,0.4166888350373878
1,Lasso,SNPs,-,307883,-1.1127063643392252,0.8829909638742378,-1.1102230246251565e-16,0.9969893582928586,4.427571093757833,1.0489163223909324,2.2937445328034447e-16,0.14812767515937542
2,ElasticNet,SNPs,-,307883,-1.1127064036065744,0.8829909658422138,2.2204460492503132e-17,0.9969893582928586,4.427571255872633,1.0489163188877053,1.3762467196820668e-16,0.14812767515937542
