,Model_Name,feature_represenation,variance_maintained,Dimentionality,r2_summary,RMSE_summary,r2_train,RMSE_train,standard_error_r2,standard_error_RMSE,standard_error_r2_train,standard_error_RMSE_train
0,Ridge,SNPs,-,323224,0.018323140343939993,0.9728604041044459,0.5329872964707641,0.6813113338869103,0.09108413109597308,0.30047434779928733,0.15768606943788585,0.1320618319892528
1,Lasso,SNPs,-,323224,-0.0043942989880806915,0.9830369370128373,0.23350304023735435,0.8711063096358209,0.13632798041438754,0.29347082610443254,0.30156065970740553,0.18259637906951615
2,ElasticNet,SNPs,-,323224,-0.003325092722547285,0.9818536652073843,0.12227697910221867,0.9361650839922211,0.09835208137021492,0.2803339269779671,0.16864925639550532,0.11560769311618543
