,Model_Name,feature_represenation,variance_maintained,Dimentionality,r2_summary,RMSE_summary,r2_train,RMSE_train,standard_error_r2,standard_error_RMSE,standard_error_r2_train,standard_error_RMSE_train
0,Ridge,SNPs,-,323224,-0.012656824503753383,0.9647218165030469,0.19768076767256376,0.8952238384651027,0.043188439165525255,0.5624263582372088,0.18708403811075314,0.1634827746105762
1,Lasso,SNPs,-,323224,-0.01794107782939005,0.9660921260285791,-2.2204460492503132e-17,0.9993989289794845,0.041191220700622456,0.5532377575550982,2.470438466922057e-16,0.06903673469589813
2,ElasticNet,SNPs,-,323224,-0.01794107766023987,0.9660921259665721,0.0,0.9993989289794845,0.041191220889470886,0.5532377576835689,0.0,0.06903673469589817
