,Model_Name,feature_represenation,variance_maintained,Dimentionality,r2_summary,RMSE_summary,r2_train,RMSE_train,standard_error_r2,standard_error_RMSE,standard_error_r2_train,standard_error_RMSE_train
0,Ridge,SNPs,-,323224,0.07027784548471075,0.9365592947740426,0.8813294986183047,0.3302560157339699,0.2045945206543894,0.4046919066893508,0.11927827348411667,0.1864024064122413
1,Lasso,SNPs,-,323224,0.04136667212448025,0.9535068315637436,0.4736330855737048,0.7023801731574708,0.18027361473917367,0.4269585401893823,0.4348322661839264,0.3909894122411006
2,ElasticNet,SNPs,-,323224,-0.011536060769045842,0.9781238432893258,0.2652996915540377,0.8397176716990181,0.09332692701331781,0.4252446503475884,0.468757048858481,0.3276249881755923
