,Model_Name,feature_represenation,variance_maintained,Dimentionality,r2_summary,RMSE_summary,r2_train,RMSE_train,standard_error_r2,standard_error_RMSE,standard_error_r2_train,standard_error_RMSE_train
0,Ridge,SNPs,-,325820,0.5871100130491922,0.5961934291939325,1.0,1.8567549975940119e-13,0.3318582680485264,0.22571955331062707,0.0,1.5358679945555374e-14
1,Lasso,SNPs,-,325820,0.48981585053551074,0.6669933603409619,0.9987390578074354,0.02174667187639455,0.33457553798762807,0.20456499223023253,0.0053390145642461225,0.05741503570971688
2,ElasticNet,SNPs,-,325820,0.5442413924333702,0.6256512773402966,0.924141507919133,0.2627806574660273,0.36126353102081565,0.2332272852260465,0.09622354319706529,0.1625679042218136
