,Model_Name,feature_represenation,variance_maintained,Dimentionality,r2_summary,RMSE_summary,r2_train,RMSE_train,standard_error_r2,standard_error_RMSE,standard_error_r2_train,standard_error_RMSE_train
0,Ridge,SNPs,-,335382,-0.1025995338110234,0.9879000366771383,0.21111973609089196,0.8869705444533755,0.45764520009278953,0.18866763935434813,0.10809779537766438,0.05901887435001666
1,Lasso,SNPs,-,335382,-0.14990930629576732,1.0089211152945812,0.1395632608953934,0.9239237751076568,0.44722663218736414,0.1773030284783023,0.291175927990629,0.16173167813203132
2,ElasticNet,SNPs,-,335382,-0.10605132725805873,0.9896625263392285,0.14203142564039012,0.9229316529923017,0.4327472563403478,0.17918874038259763,0.27833259210441785,0.16468815564998457
