,Model_Name,feature_represenation,variance_maintained,Dimentionality,r2_summary,RMSE_summary,r2_train,RMSE_train,standard_error_r2,standard_error_RMSE,standard_error_r2_train,standard_error_RMSE_train
0,Ridge,SNPs,-,320428,-0.7931457851396976,0.8937834248354856,0.5451508015992843,0.6670809828083853,3.664824855757882,0.9421459162200889,0.2506683483274663,0.2170612192573009
1,Lasso,SNPs,-,320428,-1.1103552876796672,0.9180328174776275,0.09512688414818196,0.9431000058893245,5.378949394416928,0.923488514207752,0.31832366292103165,0.19196529668728546
2,ElasticNet,SNPs,-,320428,-0.6442841037218416,0.8971900804619511,-1.1102230246251566e-17,0.9978642705754013,2.7128382096669474,0.958040199725966,2.981867892644478e-16,0.1219347168601087
