,Model_Name,feature_represenation,variance_maintained,Dimentionality,r2_summary,RMSE_summary,r2_train,RMSE_train,standard_error_r2,standard_error_RMSE,standard_error_r2_train,standard_error_RMSE_train
0,Ridge,SNPs,-,318434,-0.016258176115837707,0.9377131893805069,0.8280633689712937,0.35214030187793444,0.3431265508190372,0.5075782267758602,0.31513245524224015,0.4502396877341865
1,Lasso,SNPs,-,318434,-0.0843542473692028,0.9694922861536818,0.29447923897221956,0.8188297621523686,0.3416155420406304,0.5172255107136853,0.4295921410176423,0.35743465686132614
2,ElasticNet,SNPs,-,318434,-0.01978561848410777,0.9469814179457116,0.33405701790146675,0.8028248142990666,0.19679634861150305,0.5421149153947094,0.5021638443607863,0.3134044173147167
