,Model_Name,feature_represenation,variance_maintained,Dimentionality,r2_summary,RMSE_summary,r2_train,RMSE_train,standard_error_r2,standard_error_RMSE,standard_error_r2_train,standard_error_RMSE_train
0,Ridge,SNPs,-,323224,-0.02103635013569478,0.9691069489845572,0.2880990853905422,0.8235748023601518,0.05095075586255729,0.5703333619185392,0.4965798733648853,0.4474270364667789
1,Lasso,SNPs,-,323224,-0.01996780720575251,0.9676804407893304,0.010032137681946962,0.994682103656681,0.03952671622258487,0.5607596233943105,0.06217983355569452,0.09472870458590309
2,ElasticNet,SNPs,-,323224,-0.01794107766023987,0.9660921259665721,0.0,0.9993989289794845,0.041191220889470886,0.5532377576835689,0.0,0.06903673469589817
