,Model_Name,feature_represenation,variance_maintained,Dimentionality,r2_summary,RMSE_summary,r2_train,RMSE_train,standard_error_r2,standard_error_RMSE,standard_error_r2_train,standard_error_RMSE_train
0,Ridge,SNPs,-,320302,-0.15346872516598514,0.9856777276423877,0.4800976497183835,0.6275825041194693,0.3778444471507513,0.4666310619653433,0.7402173303630866,0.714357284985148
1,Lasso,SNPs,-,320302,-0.15875462459891568,0.9947280625668148,0.15493406566990153,0.896841979292796,0.3409950157601617,0.5043484151767471,0.5595731938896127,0.43691033228879905
2,ElasticNet,SNPs,-,320302,-0.1308073859790836,0.9816691239674306,0.049908532370539674,0.9723822839400739,0.3574308916581502,0.49171196500501313,0.20732081668428143,0.1169495974826319
