,Model_Name,feature_represenation,variance_maintained,Dimentionality,r2_summary,RMSE_summary,r2_train,RMSE_train,standard_error_r2,standard_error_RMSE,standard_error_r2_train,standard_error_RMSE_train
0,Ridge,SNPs,-,358874,0.778447021755772,0.4518398491976469,1.0,1.493611187072863e-13,0.23971199030598606,0.3190065550937148,0.0,1.6682389872387524e-14
1,Lasso,SNPs,-,358874,0.7283067754286187,0.5058928216845895,0.9927722546797486,0.06010392687866371,0.2168116756221454,0.2895678538432441,0.020784272342589998,0.12542497555473683
2,ElasticNet,SNPs,-,358874,0.715680072904881,0.5181932613784173,0.8985776161607368,0.31309617770308973,0.21828094096576442,0.2954406121785702,0.07664922550019414,0.12342875655818084
