,Model_Name,feature_represenation,variance_maintained,Dimentionality,r2_summary,RMSE_summary,r2_train,RMSE_train,standard_error_r2,standard_error_RMSE,standard_error_r2_train,standard_error_RMSE_train
0,Ridge,SNPs,-,358874,0.2886103956193422,0.8367842857776796,0.9733769841649297,0.15230791281954256,0.2726002410154315,0.39892605617150734,0.032869077244796645,0.12544777772877938
1,Lasso,SNPs,-,358874,0.22679395031766042,0.8708247057313612,0.4882997687427025,0.7127803810941491,0.21937185479197482,0.3737078017767448,0.18303110217408863,0.14354418471416366
2,ElasticNet,SNPs,-,358874,0.2186802697608575,0.8754843500383794,0.5463247920646546,0.6710009892798403,0.19098661768131503,0.3661845312068421,0.15807652297694194,0.122922821631265
