,Model_Name,feature_represenation,variance_maintained,Dimentionality,r2_summary,RMSE_summary,r2_train,RMSE_train,standard_error_r2,standard_error_RMSE,standard_error_r2_train,standard_error_RMSE_train
0,Ridge,SNPs,-,358874,0.6494979198078821,0.5769764889126135,0.9986110553879143,0.014655514568515946,0.23248917681729583,0.19424589970531175,0.007832157085813786,0.07028598786907977
1,Lasso,SNPs,-,358874,0.6136279067920132,0.6045813741579374,0.9677735509988911,0.1637577453720467,0.2656800984424669,0.22875233744493767,0.045462955891950936,0.1509448384827418
2,ElasticNet,SNPs,-,358874,0.6232020951157258,0.6000613547191825,0.8907924018949048,0.3231818976343695,0.2235512421023447,0.20420750225897785,0.09148721843534294,0.13825772034854128
