,Model_Name,feature_represenation,variance_maintained,Dimentionality,r2_summary,RMSE_summary,r2_train,RMSE_train,standard_error_r2,standard_error_RMSE,standard_error_r2_train,standard_error_RMSE_train
0,Ridge,SNPs,-,323224,-0.05573332398160465,0.9839896655279295,0.5123149090007483,0.6937293735497565,0.30792939136457487,0.3200004229875659,0.21205299449768755,0.14868663292448764
1,Lasso,SNPs,-,323224,-0.03602679284255291,0.9769075959104749,0.16002056372555223,0.9139527819588331,0.23614533818906133,0.32718872146976863,0.21631569696860717,0.10885306800372832
2,ElasticNet,SNPs,-,323224,-0.07567601974835121,0.9954064264341906,0.06951880756425778,0.9627069288736079,0.17770153496547195,0.31552513308010777,0.19686885267839568,0.1061927650338403
