,Model_Name,feature_represenation,variance_maintained,Dimentionality,r2_summary,RMSE_summary,r2_train,RMSE_train,standard_error_r2,standard_error_RMSE,standard_error_r2_train,standard_error_RMSE_train
0,Ridge,SNPs,-,209593,-12.114453105618265,0.6381750633105618,0.9801739239048005,0.04039535663779942,71.27197954841219,0.7051605802473911,0.12247090982704507,0.236465552563192
1,Lasso,SNPs,-,209593,-26.289451602129066,0.8385648002188856,0.8980046569553045,0.20016695517488364,143.11100554039947,0.9379152591335086,0.4022223458471525,0.42250146559732554
2,ElasticNet,SNPs,-,209593,-9.472150909803961,0.8236194166674423,0.38502239613989314,0.7587158602433993,49.71284806372285,1.1717989172483663,0.49402936503617356,0.25635462527672054
