,Model_Name,feature_represenation,variance_maintained,Dimentionality,r2_summary,RMSE_summary,r2_train,RMSE_train,standard_error_r2,standard_error_RMSE,standard_error_r2_train,standard_error_RMSE_train
0,Ridge,SNPs,-,363320,0.09496797354956579,0.9266187681456616,0.8005411646035409,0.44243519445346247,0.23496323700182195,0.17260196887429016,0.10554581257072432,0.11240192891759061
1,Lasso,SNPs,-,363320,0.0016201074943573146,0.9745158044970492,0.5369563484774855,0.6576906840986035,0.271711197340203,0.21227190972878898,0.3713096574603575,0.3567829319601974
2,ElasticNet,SNPs,-,363320,0.05619007829712552,0.9479773793368719,0.3422277849394118,0.8098366687830915,0.13843990352724866,0.1632957547756114,0.14702692197094905,0.10020403569741358
