,Model_Name,feature_represenation,variance_maintained,Dimentionality,r2_summary,RMSE_summary,r2_train,RMSE_train,standard_error_r2,standard_error_RMSE,standard_error_r2_train,standard_error_RMSE_train
0,Ridge,SNPs,-,307883,-0.12576771837419334,0.998085817690977,0.8719337206728228,0.2959359438574824,0.6382442294426272,0.3754963203995192,0.25752792102381195,0.3908553458114642
1,Lasso,SNPs,-,307883,-0.02114699535152542,0.9615871046103139,0.35884200081410483,0.7915765484366747,0.29834140682143356,0.3657533343462828,0.38113970474267256,0.24357581870214312
2,ElasticNet,SNPs,-,307883,-0.08972013786474227,0.9947218386902096,0.02619832475950936,0.9856878333523499,0.2892738449116777,0.38859085061563853,0.11156344735821354,0.05487747565530697
