,Model_Name,feature_represenation,variance_maintained,Dimentionality,r2_summary,RMSE_summary,r2_train,RMSE_train,standard_error_r2,standard_error_RMSE,standard_error_r2_train,standard_error_RMSE_train
0,Ridge,SNPs,-,312695,0.09670954112649768,0.7184829766444786,1.0,2.798113984653483e-13,1.6121711459430703,0.5363971505468756,0.0,6.180317274636904e-14
1,Lasso,SNPs,-,312695,-0.30906194194976555,0.7999359900685189,0.9284797829315217,0.18037607785705972,3.185077477148198,0.5220283990375687,0.26133345670297037,0.3926429892617534
2,ElasticNet,SNPs,-,312695,-0.14140474892981675,0.8099299333066998,0.6066377691668172,0.612381509003453,2.1175691719681558,0.5225649449871417,0.3153708720075728,0.26391469404553713
