,Model_Name,feature_represenation,variance_maintained,Dimentionality,r2_summary,RMSE_summary,r2_train,RMSE_train,standard_error_r2,standard_error_RMSE,standard_error_r2_train,standard_error_RMSE_train
0,Ridge,SNPs,-,329899,0.08828307003755874,0.9327059547844563,0.7885775757269586,0.4486081757731111,0.2646391273488057,0.3645078984797223,0.16473306936097287,0.19766670444464754
1,Lasso,SNPs,-,329899,-0.002954363333565413,0.9762439300414041,0.5704945183553317,0.6334515529322179,0.2781203377525314,0.33970360094092167,0.3665021226908425,0.349642548965571
2,ElasticNet,SNPs,-,329899,0.07256815670581124,0.9399914664329054,0.3921035263174794,0.7737310766486731,0.14111995827462748,0.31728754934437675,0.2971544250040399,0.19816296984235962
