,Model_Name,feature_represenation,variance_maintained,Dimentionality,r2_summary,RMSE_summary,r2_train,RMSE_train,standard_error_r2,standard_error_RMSE,standard_error_r2_train,standard_error_RMSE_train
0,Ridge,SNPs,-,320428,-0.8757744463918224,0.9773257061457166,0.520617973374036,0.688112697708938,4.875679288336028,0.3354449534271172,0.16280852674675933,0.10563941131361398
1,Lasso,SNPs,-,320428,-1.3219084065861502,1.0152788666766084,0.35823891706377403,0.7600567272445394,7.4565886803182835,0.353126889237315,0.6195317429089808,0.5053807224390818
2,ElasticNet,SNPs,-,320428,-0.6607076797061548,0.9857975617468004,0.12217418972958632,0.9334366187451656,3.4306769918175304,0.42590027596565067,0.24184385530270514,0.12303050849964184
