,Model_Name,feature_represenation,variance_maintained,Dimentionality,r2_summary,RMSE_summary,r2_train,RMSE_train,standard_error_r2,standard_error_RMSE,standard_error_r2_train,standard_error_RMSE_train
0,Ridge,SNPs,-,323224,0.029683122865574608,0.9576530459164797,0.48527695271716575,0.7172216153990434,0.23331692628099643,0.21091481159553252,0.011028172912658049,0.016976610074331152
1,Lasso,SNPs,-,323224,-0.025232580621234846,0.9837943950989304,0.3051053574625892,0.831564664829868,0.24090282575739452,0.2040601794603392,0.17870979554602429,0.12044083173033422
2,ElasticNet,SNPs,-,323224,0.0023196952681722506,0.9736659100625487,0.2270679379338144,0.8774526512580388,0.159684953594903,0.23070925439171178,0.21479698147774154,0.13445996432353624
