,Model_Name,feature_represenation,variance_maintained,Dimentionality,r2_summary,RMSE_summary,r2_train,RMSE_train,standard_error_r2,standard_error_RMSE,standard_error_r2_train,standard_error_RMSE_train
0,Ridge,SNPs,-,358874,0.835205313842585,0.3931382568091276,1.0,1.3358798541787847e-13,0.14975885583969875,0.21109701437838724,0.0,1.013183280904348e-14
1,Lasso,SNPs,-,358874,0.7923151411663842,0.43975167465341564,0.998571851989924,0.02248316096721251,0.18177967475188384,0.20604555785190592,0.007137097716958049,0.06264550898842504
2,ElasticNet,SNPs,-,358874,0.8124833748046215,0.41956364444294886,0.9572874334286039,0.20393062368354747,0.15438904298543332,0.20224009446508523,0.02903197305810685,0.07157464958809416
