,Model_Name,feature_represenation,variance_maintained,Dimentionality,r2_summary,RMSE_summary,r2_train,RMSE_train,standard_error_r2,standard_error_RMSE,standard_error_r2_train,standard_error_RMSE_train
0,Ridge,SNPs,-,286522,-1.2303275399880648e+31,0.873670698857516,1.0,3.4415290714011663e-13,7.625649097012583e+31,0.49377783429799305,0.0,3.541052412079148e-14
1,Lasso,SNPs,-,286522,-8.651252100708866e+30,0.9185065612919527,0.5817016238734618,0.5916683680471967,5.362101605109055e+31,0.4427743997534241,0.6047723437688636,0.5612184623144442
2,ElasticNet,SNPs,-,286522,-9.55111383044171e+30,0.8461683005245462,0.48369263889897274,0.7111367537808607,5.919841683563288e+31,0.46325462493098624,0.2922742723996347,0.211818402628225
