,Model_Name,feature_represenation,variance_maintained,Dimentionality,r2_summary,RMSE_summary,r2_train,RMSE_train,standard_error_r2,standard_error_RMSE,standard_error_r2_train,standard_error_RMSE_train
0,Ridge,SNPs,-,327819,0.18433695016516294,0.8766476933331335,0.9504961031099147,0.21735950481331606,0.26267313922644414,0.26100485029787385,0.040437157153506494,0.09643245439448572
1,Lasso,SNPs,-,327819,0.07539650056230138,0.9324567618849244,0.7571851017664453,0.4803520189442441,0.29890286199897936,0.26712913797804866,0.2234606157345277,0.23768841081987516
2,ElasticNet,SNPs,-,327819,0.1391384582300212,0.9007719443767905,0.6475748029218413,0.5861378303272964,0.2418075662952147,0.2537261705723895,0.2088764068216454,0.1793987138795846
