,Model_Name,feature_represenation,variance_maintained,Dimentionality,r2_summary,RMSE_summary,r2_train,RMSE_train,standard_error_r2,standard_error_RMSE,standard_error_r2_train,standard_error_RMSE_train
0,Ridge,SNPs,-,323224,-0.027465899443586538,0.9894198364577943,0.5289031597338333,0.675970577900956,0.1346266420057112,0.25938810181749955,0.32657962659301315,0.2514235770297618
1,Lasso,SNPs,-,323224,-0.027992936920635002,0.9921348883843801,0.0,0.9997554287645133,0.07947726450213564,0.2816170813185608,2.9013828376870757e-16,0.03061782840810944
2,ElasticNet,SNPs,-,323224,-0.02799293709333872,0.9921348884696628,0.0,0.9997554287645132,0.07947726306133579,0.2816170812565655,0.0,0.03061782840810943
