,Model_Name,feature_represenation,variance_maintained,Dimentionality,r2_summary,RMSE_summary,r2_train,RMSE_train,standard_error_r2,standard_error_RMSE,standard_error_r2_train,standard_error_RMSE_train
0,Ridge,SNPs,-,295534,0.06919400344776792,0.9354922537044484,0.6376130864087433,0.5981001263252246,0.4257828910336352,0.27425810189353,0.1568607466395448,0.1304447595040431
1,Lasso,SNPs,-,295534,-0.07227673483603865,1.005117287628736,0.30740656839060926,0.8091113377910493,0.39511624336446866,0.2258654179801906,0.6009134322636996,0.39940278765971016
2,ElasticNet,SNPs,-,295534,-0.02660674988700641,0.9903864577065227,0.06689258680742752,0.9640811299731451,0.1750672770861903,0.249860666036985,0.2202942192139089,0.12236158232098916
