,Model_Name,feature_represenation,variance_maintained,Dimentionality,r2_summary,RMSE_summary,r2_train,RMSE_train,standard_error_r2,standard_error_RMSE,standard_error_r2_train,standard_error_RMSE_train
0,Ridge,SNPs,-,358874,0.8376971507692762,0.3862208041972823,1.0,1.319304890020563e-13,0.1720628497889126,0.24563462678540196,0.0,1.0214638798412751e-14
1,Lasso,SNPs,-,358874,0.78936420882182,0.44077923552396936,0.9858480386338557,0.08617026365399555,0.1956532217161609,0.22005734625129564,0.03201138489741237,0.1716380184938894
2,ElasticNet,SNPs,-,358874,0.8085058679191589,0.4213914822296004,0.9468102949342843,0.22652364104291595,0.17642955915636416,0.22961745166633046,0.041599253878784936,0.0883534053079593
