,Model_Name,feature_represenation,variance_maintained,Dimentionality,r2_summary,RMSE_summary,r2_train,RMSE_train,standard_error_r2,standard_error_RMSE,standard_error_r2_train,standard_error_RMSE_train
0,Ridge,SNPs,-,365245,0.8101730856461247,0.40830108326855735,0.9998685971286425,0.0035676763963571416,0.22958629815405743,0.20748136029067127,0.000814443434568158,0.022112687398174388
1,Lasso,SNPs,-,365245,0.7745256915120775,0.4508400646342934,0.9834789567568241,0.10721272646382066,0.20626198733036308,0.19891611008473695,0.03494444978915838,0.14948880803085135
2,ElasticNet,SNPs,-,365245,0.7695713044406666,0.4553111176913604,0.9084367998453404,0.2945872839677041,0.22290029174624734,0.18879028085927463,0.077112696322362,0.14535205285556074
