,Model_Name,feature_represenation,variance_maintained,Dimentionality,r2_summary,RMSE_summary,r2_train,RMSE_train,standard_error_r2,standard_error_RMSE,standard_error_r2_train,standard_error_RMSE_train
0,Ridge,SNPs,-,364644,0.4622436477816035,0.7106630531116027,0.998274617410148,0.03305629376918292,0.3824566048006697,0.28094473543666365,0.0037697887013185606,0.05136472711519015
1,Lasso,SNPs,-,364644,0.3856980436076884,0.7632608172216313,0.9186477142931546,0.26955839495306144,0.333922970966958,0.2465501864026593,0.08617968602077208,0.19127378598923606
2,ElasticNet,SNPs,-,364644,0.42999496612079063,0.7379758566502553,0.8759002541211394,0.3426058835749719,0.2841532774302657,0.25173289274520394,0.1293046157432824,0.15960784585112772
