,Model_Name,feature_represenation,variance_maintained,Dimentionality,r2_summary,RMSE_summary,r2_train,RMSE_train,standard_error_r2,standard_error_RMSE,standard_error_r2_train,standard_error_RMSE_train
0,Ridge,SNPs,-,358874,0.4207818492293209,0.747520442737226,1.0,2.6492235689371483e-13,0.343277957622991,0.42997675815749203,0.0,1.8759994015113144e-14
1,Lasso,SNPs,-,358874,0.3179659715178994,0.8105509847068357,0.7958735926353382,0.3959726405169422,0.32100505762401566,0.3926935705434536,0.3175665600193948,0.4469482515867183
2,ElasticNet,SNPs,-,358874,0.3536545703899292,0.7903413813621962,0.78462625939992,0.4502728036980371,0.3013301339661978,0.4081142123880915,0.2189306125145084,0.24087414744107055
