,Model_Name,feature_represenation,variance_maintained,Dimentionality,r2_summary,RMSE_summary,r2_train,RMSE_train,standard_error_r2,standard_error_RMSE,standard_error_r2_train,standard_error_RMSE_train
0,Ridge,SNPs,-,295428,0.08467737332656686,0.8464871330741062,0.9992952766355951,0.014794055045563952,0.45547750392225406,0.6176872841282965,0.002776990102304037,0.04434217532582892
1,Lasso,SNPs,-,295428,-0.07210407510967104,0.917459321206742,0.7187521005405834,0.4439532271904037,0.4810283807504078,0.6621334997811756,0.5134483559740857,0.6236198478949533
2,ElasticNet,SNPs,-,295428,-0.14688943864314602,0.9395583965934026,0.4119797664531246,0.7381089621003181,0.5557196465129515,0.6156059198366645,0.6320543417101311,0.398502967686936
