,Model_Name,feature_represenation,variance_maintained,Dimentionality,r2_summary,RMSE_summary,r2_train,RMSE_train,standard_error_r2,standard_error_RMSE,standard_error_r2_train,standard_error_RMSE_train
0,Ridge,SNPs,-,320399,0.3050723707263512,0.5775874160469765,1.0,4.2237132838776147e-13,1.3486148800283988,0.4480739098704315,0.0,1.3860235914997954e-13
1,Lasso,SNPs,-,320399,0.32153491612311974,0.6141027479780794,0.9682500455406348,0.1511168104357492,0.9811434119140182,0.4549545097425921,0.055492536174675,0.20519241990212336
2,ElasticNet,SNPs,-,320399,0.17055762655063603,0.6850633984305321,0.8239124431297837,0.4093191802045552,1.2113584251716354,0.48262217564397564,0.16825460289947564,0.20660478991570352
