,Model_Name,feature_represenation,variance_maintained,Dimentionality,r2_summary,RMSE_summary,r2_train,RMSE_train,standard_error_r2,standard_error_RMSE,standard_error_r2_train,standard_error_RMSE_train
0,Ridge,SNPs,-,321020,0.07603205522748721,0.9053887303249635,0.9999999999997344,5.136283290484418e-07,0.31178109309197943,0.2512285239941514,8.36415256978221e-14,8.573138335192888e-08
1,Lasso,SNPs,-,321020,0.10591369707992457,0.896019371493576,0.8122237039134108,0.4057047481155994,0.27689681517927567,0.3152418684393603,0.19475346427281745,0.3181868095481768
2,ElasticNet,SNPs,-,321020,0.05806575985180836,0.9140315772285342,0.7839826800378602,0.4564666753305278,0.273374942654549,0.23153571353724084,0.1961685231263755,0.1870570363454502
