,Model_Name,feature_represenation,variance_maintained,Dimentionality,r2_summary,RMSE_summary,r2_train,RMSE_train,standard_error_r2,standard_error_RMSE,standard_error_r2_train,standard_error_RMSE_train
0,Ridge,SNPs,-,331484,-0.07968886426144041,1.0018999700892957,0.1279147809028273,0.9306004028485887,0.11174971200878601,0.3375251765231871,0.25352295003566483,0.12603718550127688
1,Lasso,SNPs,-,331484,-0.023869486009041273,0.9753792692945368,0.13537094300292857,0.9283018238263233,0.1673410418624585,0.33601974447623073,0.15089947062499423,0.06449380618655455
2,ElasticNet,SNPs,-,331484,-0.05511209028459603,0.9916566277634808,0.012519131300994125,0.9929617098275717,0.09170190507783196,0.3446149718440729,0.07759437970618274,0.03464045482435685
