,Model_Name,feature_represenation,variance_maintained,Dimentionality,r2_summary,RMSE_summary,r2_train,RMSE_train,standard_error_r2,standard_error_RMSE,standard_error_r2_train,standard_error_RMSE_train
0,Ridge,SNPs,-,364890,0.7873235904033481,0.42676289046179894,0.9999970857961795,0.0005396556054744061,0.2468290550086475,0.17768877181600098,1.8062422412028005e-05,0.0033448200951393687
1,Lasso,SNPs,-,364890,0.7330384763522901,0.4853533360823059,0.9644401602499276,0.1521883106636306,0.23900414108423684,0.1637311464753844,0.0689325730670465,0.22975713394689923
2,ElasticNet,SNPs,-,364890,0.7525061204376863,0.4685048220306418,0.9101449389215289,0.29727828996695965,0.22178436371737809,0.1544717188101194,0.044839820085650246,0.0749460904510521
