,Model_Name,feature_represenation,variance_maintained,Dimentionality,r2_summary,RMSE_summary,r2_train,RMSE_train,standard_error_r2,standard_error_RMSE,standard_error_r2_train,standard_error_RMSE_train
0,Ridge,SNPs,-,322648,0.023499262879919457,0.9690504810640544,0.8328090203403979,0.39103670402949103,0.21935080121831718,0.28621836318787386,0.19454596814798236,0.24651249193947125
1,Lasso,SNPs,-,322648,-0.04040922492308968,0.9994997330388727,0.2862785040404644,0.8230427541976407,0.22362691742780907,0.27416474789684236,0.5164661171626779,0.38657507253009227
2,ElasticNet,SNPs,-,322648,-5.8387236088885965e-05,0.9828226563786112,0.19297239532168564,0.8944908682193159,0.09838165428076986,0.28780573253996916,0.29817033871866006,0.1681064350521044
