,Model_Name,feature_represenation,variance_maintained,Dimentionality,r2_summary,RMSE_summary,r2_train,RMSE_train,standard_error_r2,standard_error_RMSE,standard_error_r2_train,standard_error_RMSE_train
0,Ridge,SNPs,-,321020,0.13812736794061992,0.8850846580259705,1.0,2.58877581681156e-13,0.2646974908001917,0.23085677877489746,0.0,1.2221194485825283e-14
1,Lasso,SNPs,-,321020,0.054927075983897886,0.9238637060073304,0.8432166823615372,0.33041730176629835,0.39698209646455346,0.2570691858141328,0.3270816711862092,0.450228051984617
2,ElasticNet,SNPs,-,321020,0.06238446943007273,0.9281502313277356,0.5713256172480407,0.6424524862508532,0.15942562651312592,0.25624722384356036,0.3227299479390005,0.2595081437555071
