,Model_Name,feature_represenation,variance_maintained,Dimentionality,r2_summary,RMSE_summary,r2_train,RMSE_train,standard_error_r2,standard_error_RMSE,standard_error_r2_train,standard_error_RMSE_train
0,Ridge,SNPs,-,335382,-0.07646897206495681,1.0062566577687424,0.16384154635877107,0.9073588994090189,0.21725655610402878,0.29662655084883444,0.3972359196112069,0.22500262018731637
1,Lasso,SNPs,-,335382,-0.05380754849667391,0.9971702685662889,0.020112760573082568,0.9889731752056594,0.1556052849157531,0.29913335054815887,0.12466018155136563,0.0653524158183345
2,ElasticNet,SNPs,-,335382,-0.04271244474979981,0.9925785472124473,0.0,0.999736707884342,0.14455186760552105,0.30553971443096317,6.406079851029988e-16,0.032915278998523624
