,Model_Name,feature_represenation,variance_maintained,Dimentionality,r2_summary,RMSE_summary,r2_train,RMSE_train,standard_error_r2,standard_error_RMSE,standard_error_r2_train,standard_error_RMSE_train
0,Ridge,SNPs,-,333313,-0.027744815497143492,0.9829918672847622,0.9278535485153673,0.25400940994794646,0.2233742071248626,0.2998186208997582,0.09299600557386373,0.16914826785595774
1,Lasso,SNPs,-,333313,-0.05329412987843886,0.994804288376242,0.0946970498835662,0.9466959275593112,0.17228675060267573,0.28317477235187105,0.34127693707948636,0.2039751290826828
2,ElasticNet,SNPs,-,333313,-0.045147913609840704,0.9939964879030626,0.06205712163778203,0.9663607210644827,0.1599925492323628,0.32102416241827,0.25847259286590485,0.1649963924290604
