,Model_Name,feature_represenation,variance_maintained,Dimentionality,r2_summary,RMSE_summary,r2_train,RMSE_train,standard_error_r2,standard_error_RMSE,standard_error_r2_train,standard_error_RMSE_train
0,Ridge,SNPs,-,331112,0.3932949093998448,0.6023688380244002,0.9995926040556752,0.012157421131142264,1.11463931981918,0.26287515235526887,0.0014371202770013822,0.03349898622505342
1,Lasso,SNPs,-,331112,0.27311076045566657,0.6585446253286688,0.966979514789598,0.15415943232451926,1.2243467382750395,0.26687210545190015,0.06391114594527116,0.2003908437541293
2,ElasticNet,SNPs,-,331112,0.28604370217706887,0.6871913642413185,0.8415924088373833,0.39230185144615787,1.0178785599211009,0.3349606259013132,0.1012223423102423,0.11484729161699941
