,Model_Name,feature_represenation,variance_maintained,Dimentionality,r2_summary,RMSE_summary,r2_train,RMSE_train,standard_error_r2,standard_error_RMSE,standard_error_r2_train,standard_error_RMSE_train
0,Ridge,SNPs,-,365713,0.8349438283219127,0.39419160172894874,1.0,1.5076518957702843e-13,0.12846684596585808,0.17362953652119967,0.0,1.2592426797433146e-14
1,Lasso,SNPs,-,365713,0.7916992969341886,0.44439738315654614,0.9705474356121642,0.14940706060318631,0.12919565394883376,0.16289652376199293,0.05108883361818976,0.1738348469533098
2,ElasticNet,SNPs,-,365713,0.7959253162684057,0.43915673593428334,0.9245537828170761,0.2708471694485322,0.13404390053023937,0.17020436610456696,0.048629744416872546,0.09809362314552071
