,Model_Name,feature_represenation,variance_maintained,Dimentionality,r2_summary,RMSE_summary,r2_train,RMSE_train,standard_error_r2,standard_error_RMSE,standard_error_r2_train,standard_error_RMSE_train
0,Ridge,SNPs,-,305506,-0.5037104367430476,0.8370804141416709,0.38684593913607057,0.7354158868515077,1.447726853201626,1.1725239115732577,0.6241775678029259,0.6228067607967629
1,Lasso,SNPs,-,305506,-0.37760477676040594,0.817495445493583,0.0742234201187827,0.9556656423053143,1.283282736730551,1.177433798347014,0.1878671609141977,0.13882333989832063
2,ElasticNet,SNPs,-,305506,-0.4890378191162574,0.8266292051596057,0.00529795399769144,0.9937768089625845,1.6272016340877895,1.16192681472388,0.032837059080138974,0.16104301249518468
