,Model_Name,feature_represenation,variance_maintained,Dimentionality,r2_summary,RMSE_summary,r2_train,RMSE_train,standard_error_r2,standard_error_RMSE,standard_error_r2_train,standard_error_RMSE_train
0,Ridge,SNPs,-,358874,0.8219959361288338,0.407427350974219,1.0,1.40237332508435e-13,0.1546954780820691,0.19850502995226446,0.0,9.116146767305004e-15
1,Lasso,SNPs,-,358874,0.7589197404863525,0.47240454385988073,0.9811781180422894,0.1134303571519396,0.21315710174427058,0.20928286111269828,0.039932749251000946,0.16057339099694032
2,ElasticNet,SNPs,-,358874,0.7877482276223899,0.44596812896777177,0.9372188442230509,0.24604966362068448,0.1643924099304234,0.19270671840328682,0.0470929029116205,0.09870461837524136
