,Model_Name,feature_represenation,variance_maintained,Dimentionality,r2_summary,RMSE_summary,r2_train,RMSE_train,standard_error_r2,standard_error_RMSE,standard_error_r2_train,standard_error_RMSE_train
0,Ridge,SNPs,-,364094,0.6821375990810374,0.5592358172974528,0.9999999999967814,1.7818492683744875e-06,0.1268121929826796,0.12601641996413984,1.5221175891644875e-12,4.378948772566012e-07
1,Lasso,SNPs,-,364094,0.6592908219602625,0.5800595969045546,0.9479870433937065,0.21920563114867275,0.11116995210891142,0.11278229004741247,0.06347123843649258,0.1272037657536261
2,ElasticNet,SNPs,-,364094,0.6684634182051973,0.5714887028235212,0.8931175106621381,0.32363215135121326,0.1209769601413706,0.11817264970106575,0.06845181531846437,0.09567228021912931
