,Model_Name,feature_represenation,variance_maintained,Dimentionality,r2_summary,RMSE_summary,r2_train,RMSE_train,standard_error_r2,standard_error_RMSE,standard_error_r2_train,standard_error_RMSE_train
0,Ridge,SNPs,-,327111,0.04951073443681978,0.9461917395008224,0.8704274251049057,0.34546746946646933,0.2846180490693509,0.20686216322195938,0.13870872682744317,0.20898608369370314
1,Lasso,SNPs,-,327111,-0.02176449452363958,0.9828536786376822,0.5366802907456353,0.6709872288324644,0.24721610925177429,0.2143432700536577,0.2648340751391945,0.2282061984939595
2,ElasticNet,SNPs,-,327111,0.028905460970222042,0.959700416875827,0.4224412445833756,0.7490600777896346,0.13954959366974856,0.19282116923331769,0.3658721989779122,0.26572969680859904
