,Model_Name,feature_represenation,variance_maintained,Dimentionality,r2_summary,RMSE_summary,r2_train,RMSE_train,standard_error_r2,standard_error_RMSE,standard_error_r2_train,standard_error_RMSE_train
0,Ridge,SNPs,-,335382,-0.13159952261114252,0.9647476900315767,0.2938899615469849,0.8343682545262628,0.8137184178688238,0.5517658380031698,0.30884172301451934,0.20676189436881393
1,Lasso,SNPs,-,335382,-0.16722502119497168,0.9760775508275499,0.020954750261454692,0.9877928792019678,0.8744889916793142,0.5348686173317804,0.12987888770736397,0.07910830029643702
2,ElasticNet,SNPs,-,335382,-0.13358786321658778,0.9712096653655758,-2.2204460492503132e-17,0.9992702134905791,0.666541948897947,0.5471048677675687,3.2112423459248225e-16,0.06831858264354335
