,Model_Name,feature_represenation,variance_maintained,Dimentionality,r2_summary,RMSE_summary,r2_train,RMSE_train,standard_error_r2,standard_error_RMSE,standard_error_r2_train,standard_error_RMSE_train
0,Ridge,SNPs,-,358874,0.6294133801334078,0.5989746678519535,0.9999999999988941,8.969948072776314e-07,0.2486783021668594,0.3375381613596524,3.648494120472042e-12,1.147669606515476e-06
1,Lasso,SNPs,-,358874,0.505526388958697,0.6930114510605345,0.9257797196368618,0.22432283158104294,0.3849008058474223,0.42482654298392214,0.1491419657078657,0.32676949520480497
2,ElasticNet,SNPs,-,358874,0.581694574990992,0.6385611640699991,0.9148744144710311,0.2873161659262909,0.22815219591688665,0.3263596562498424,0.06235861768443576,0.10936273838064252
