,Model_Name,feature_represenation,variance_maintained,Dimentionality,r2_summary,RMSE_summary,r2_train,RMSE_train,standard_error_r2,standard_error_RMSE,standard_error_r2_train,standard_error_RMSE_train
0,Ridge,SNPs,-,307883,-1.2191479859134722,0.8711001475126205,0.8995776367510059,0.21203253485421023,7.374881520562304,1.0012861994046198,0.44116485956817936,0.5040732894098954
1,Lasso,SNPs,-,307883,-1.1499591969198006,0.8688738470102374,0.35469264167185593,0.7958465092773552,6.906073875428366,0.9740614020768982,0.4148532284121298,0.34193221796590134
2,ElasticNet,SNPs,-,307883,-1.3353032957045563,0.8949750196365801,-2.2204460492503132e-17,0.9975321679858641,7.438908310380866,0.9675108410555163,1.3762467196820668e-16,0.13923440794403116
