,Model_Name,feature_represenation,variance_maintained,Dimentionality,r2_summary,RMSE_summary,r2_train,RMSE_train,standard_error_r2,standard_error_RMSE,standard_error_r2_train,standard_error_RMSE_train
0,Ridge,SNPs,-,332128,0.10790228543620835,0.9152955380603401,0.9217267883358156,0.2671454055397755,0.35142790984184,0.22211240805857083,0.08848507554356017,0.16929998624335252
1,Lasso,SNPs,-,332128,-0.018141487321514205,0.984985452114429,0.2292179290865661,0.8729923092496017,0.2147716361497219,0.2539519434730874,0.3011748778745126,0.17645959522831883
2,ElasticNet,SNPs,-,332128,0.06358174078221111,0.9422927884317347,0.5909525439337209,0.626672101195579,0.258194103299324,0.2353091386227996,0.2792468149626813,0.25324782605405954
