,Model_Name,feature_represenation,variance_maintained,Dimentionality,r2_summary,RMSE_summary,r2_train,RMSE_train,standard_error_r2,standard_error_RMSE,standard_error_r2_train,standard_error_RMSE_train
0,Ridge,SNPs,-,330473,0.04445042087741975,0.9347269778846087,0.7411456889063401,0.5014616092965074,0.22568429019452235,0.42544923644356986,0.16477336810429496,0.15658982760205786
1,Lasso,SNPs,-,330473,-0.012383166520880062,0.9641763593972564,0.35594029930234355,0.7960678035556491,0.21557182029582087,0.456394735267659,0.3428963029682856,0.20108878251203835
2,ElasticNet,SNPs,-,330473,0.02145343104502717,0.9501252208584157,0.32668494702191136,0.8151489006800453,0.1193737877198714,0.4594953230295721,0.29379345773010235,0.18976044815249332
