,Model_Name,feature_represenation,variance_maintained,Dimentionality,r2_summary,RMSE_summary,r2_train,RMSE_train,standard_error_r2,standard_error_RMSE,standard_error_r2_train,standard_error_RMSE_train
0,Ridge,SNPs,-,330603,0.10427147471316627,0.9124104311865809,0.8613683222662595,0.35819292140451575,0.33980028308240146,0.28982933222185814,0.11037201937933107,0.21276000841327766
1,Lasso,SNPs,-,330603,0.1579739865498782,0.8811162414011738,0.7848251627180358,0.4427437252775866,0.33557233994395014,0.2562652862577881,0.23214921935144392,0.29345516904457597
2,ElasticNet,SNPs,-,330603,0.10602824770520619,0.9143744017049693,0.5083813797121175,0.6940479787067215,0.16502537717217286,0.23178220913703476,0.2451171523544996,0.20369780430387577
