,Model_Name,feature_represenation,variance_maintained,Dimentionality,r2_summary,RMSE_summary,r2_train,RMSE_train,standard_error_r2,standard_error_RMSE,standard_error_r2_train,standard_error_RMSE_train
0,Ridge,SNPs,-,358874,0.821995903808533,0.40742739226083324,0.9999999999983578,9.973108076348917e-07,0.15469547421302263,0.1985049966832044,6.3444438101977804e-12,1.6862286202378804e-06
1,Lasso,SNPs,-,358874,0.7021819327387832,0.5222699995414686,0.9822492496542825,0.10316434354616495,0.2524729447020469,0.22365521950612965,0.03796136513155509,0.1742470447558186
2,ElasticNet,SNPs,-,358874,0.7946030330877569,0.43925115315267266,0.9487357230099345,0.22034297742860892,0.15992160885889561,0.18687904122324667,0.05099186895247971,0.1100970924397914
