,Model_Name,feature_represenation,variance_maintained,Dimentionality,r2_summary,RMSE_summary,r2_train,RMSE_train,standard_error_r2,standard_error_RMSE,standard_error_r2_train,standard_error_RMSE_train
0,Ridge,SNPs,-,320139,0.12243631292841534,0.9256852992995317,0.9429925453460879,0.22126445860710237,0.24387381846075495,0.1811546472687318,0.10446508554019245,0.18578166237822225
1,Lasso,SNPs,-,320139,0.1800754123302317,0.8845619217092392,0.6512543011583036,0.5646758428913433,0.5134069513026955,0.18410987775245774,0.28485302883785657,0.3519361030167024
2,ElasticNet,SNPs,-,320139,0.16959454916253727,0.8979564955344329,0.43789132399325925,0.7459462380215186,0.25743521959858556,0.1216186003807342,0.2323799373111889,0.16184024373622957
