,Model_Name,feature_represenation,variance_maintained,Dimentionality,r2_summary,RMSE_summary,r2_train,RMSE_train,standard_error_r2,standard_error_RMSE,standard_error_r2_train,standard_error_RMSE_train
0,Ridge,SNPs,-,358874,0.4804671120842084,0.7049788413838983,0.9863952142598433,0.06696831472879546,0.31606827362868467,0.5803504741499542,0.053776763271841305,0.18728383469457166
1,Lasso,SNPs,-,358874,0.35325352846006275,0.7748036929445714,0.957302754044754,0.16865145680742916,0.2977778240596309,0.5271710120648009,0.1118235133663049,0.2468712036913812
2,ElasticNet,SNPs,-,358874,0.41193190982023187,0.7504235474827662,0.7195998662541373,0.5257224293043623,0.2902423253245769,0.5881460323588058,0.13421284889762536,0.12712075629936698
