,Model_Name,feature_represenation,variance_maintained,Dimentionality,r2_summary,RMSE_summary,r2_train,RMSE_train,standard_error_r2,standard_error_RMSE,standard_error_r2_train,standard_error_RMSE_train
0,Ridge,SNPs,-,330831,0.5584509435932186,0.5589647408977404,1.0,2.957901173972452e-13,0.411248878199645,0.34163400671170413,0.0,5.072712103468963e-14
1,Lasso,SNPs,-,330831,0.4417824518189994,0.6169088952535385,0.9993747190287018,0.019034807984859944,0.5611394416531283,0.3084844896942526,0.0016111940318153182,0.03358789815041381
2,ElasticNet,SNPs,-,330831,0.4540656214325771,0.633033556689004,0.8685339643973076,0.3477566416446669,0.41963913137580516,0.384256069519305,0.16836834863108072,0.21424852819196147
