,Model_Name,feature_represenation,variance_maintained,Dimentionality,r2_summary,RMSE_summary,r2_train,RMSE_train,standard_error_r2,standard_error_RMSE,standard_error_r2_train,standard_error_RMSE_train
0,Ridge,SNPs,-,358874,0.6130079665254464,0.6111199563156666,0.9999729985585316,0.0016077322738433154,0.19717715956232862,0.23750896446197087,0.00016735666808974392,0.009964827870749747
1,Lasso,SNPs,-,358874,0.5301571006191339,0.6743164624729588,0.9041324250933187,0.2894113293259984,0.186360673828731,0.2329938572246181,0.1466415999922929,0.22641261878246902
2,ElasticNet,SNPs,-,358874,0.5528386452011321,0.6584424554936935,0.8176853469550804,0.40920890887049993,0.1963028104047516,0.24821776940213786,0.177003968626531,0.24808620748411522
