,Model_Name,feature_represenation,variance_maintained,Dimentionality,r2_summary,RMSE_summary,r2_train,RMSE_train,standard_error_r2,standard_error_RMSE,standard_error_r2_train,standard_error_RMSE_train
0,Ridge,SNPs,-,322648,0.05353991967743911,0.9572662906590692,0.7046087305266123,0.5337828204026085,0.13143495264377003,0.30049860614675145,0.2263158111238044,0.20326985029955524
1,Lasso,SNPs,-,322648,0.24908793061850432,0.8525951105774424,0.4717018943964201,0.7218459041370844,0.11272473270732833,0.27378652711442075,0.2525221653535738,0.14954145562429813
2,ElasticNet,SNPs,-,322648,0.22037669676414662,0.8670946805769393,0.27215125523286676,0.8528157814373774,0.10762812182846726,0.25032002034866063,0.0879247500061411,0.07036985004639086
