,Model_Name,feature_represenation,variance_maintained,Dimentionality,r2_summary,RMSE_summary,r2_train,RMSE_train,standard_error_r2,standard_error_RMSE,standard_error_r2_train,standard_error_RMSE_train
0,Ridge,SNPs,-,320302,-0.05745505031249032,0.9695523757124174,0.40800433860184626,0.7617087522333934,0.1630396988866595,0.5699255961630867,0.359053745055726,0.22764797177321497
1,Lasso,SNPs,-,320302,-0.057177453584976015,0.9692105042054041,0.015323236554969654,0.9910356247871045,0.1116538032863849,0.5623427262134754,0.09497440413294181,0.08313693085440226
2,ElasticNet,SNPs,-,320302,-0.052415555901087485,0.9672529830764592,-2.2204460492503132e-17,0.9991144525456758,0.10572629519106282,0.5634570166871306,1.3762467196820668e-16,0.07293453500776638
