,Model_Name,feature_represenation,variance_maintained,Dimentionality,r2_summary,RMSE_summary,r2_train,RMSE_train,standard_error_r2,standard_error_RMSE,standard_error_r2_train,standard_error_RMSE_train
0,Ridge,SNPs,-,363320,-0.03143543587113382,1.0031672577534891,0.1495298484710867,0.9220580046560296,0.05209214501247514,0.14353766961784897,0.005088458758133609,0.014842868795584632
1,Lasso,SNPs,-,363320,-0.023086824701630038,0.9991592024397549,0.048305913758464825,0.9738887677322783,0.06769716191580857,0.14751065137669742,0.20016540728050786,0.10377133285761037
2,ElasticNet,SNPs,-,363320,-0.02448753972327784,0.9998265219027332,-2.2204460492503132e-17,0.9998376326818088,0.04423837052936771,0.14300505303800454,2.247401482266812e-16,0.01601087151316879
