,Model_Name,feature_represenation,variance_maintained,Dimentionality,r2_summary,RMSE_summary,r2_train,RMSE_train,standard_error_r2,standard_error_RMSE,standard_error_r2_train,standard_error_RMSE_train
0,Ridge,SNPs,-,333474,0.5410399219660276,0.6273218115785275,1.0,2.2193778331743628e-13,0.2411572463976638,0.2840874058811552,0.0,2.047464230668942e-14
1,Lasso,SNPs,-,333474,0.44585128047050515,0.6876122373496639,0.9780368247995936,0.0927875805227969,0.2978178587957528,0.2905588843624601,0.07837731146998533,0.2311124877744474
2,ElasticNet,SNPs,-,333474,0.508509619874045,0.6590347067924405,0.9108258276073378,0.29264330032985514,0.15711323167839067,0.31385444574643623,0.0752590636040013,0.1339584427292794
