,Model_Name,feature_represenation,variance_maintained,Dimentionality,r2_summary,RMSE_summary,r2_train,RMSE_train,standard_error_r2,standard_error_RMSE,standard_error_r2_train,standard_error_RMSE_train
0,Ridge,SNPs,-,335382,0.4852040272822528,0.660728196048969,0.9999066548756678,0.0027094357043793435,0.38715628388107654,0.49288496295397294,0.0005785590746681907,0.016793256475634375
1,Lasso,SNPs,-,335382,0.48229021451079174,0.6628721472909195,0.9810268738202843,0.11035191025255424,0.44374492672498944,0.5200140153739432,0.04288761847027553,0.15790179314201408
2,ElasticNet,SNPs,-,335382,0.3959788188573914,0.7250045044331144,0.8051639698014167,0.429205147519959,0.36320848400437544,0.5371964387406779,0.1672853381426544,0.19099118460709696
