,Model_Name,feature_represenation,variance_maintained,Dimentionality,r2_summary,RMSE_summary,r2_train,RMSE_train,standard_error_r2,standard_error_RMSE,standard_error_r2_train,standard_error_RMSE_train
0,Ridge,SNPs,-,330776,0.11143973503561302,0.9275745181903208,0.7962732996096947,0.44714953199168733,0.16786323073569892,0.2067513738428831,0.12180549474398986,0.12169023792263378
1,Lasso,SNPs,-,330776,0.08619894147022246,0.9427163937995475,0.4174543842967034,0.7630080305751267,0.12754040290408608,0.23147598988221435,0.02494101838945674,0.012658755070251897
2,ElasticNet,SNPs,-,330776,0.1062220537587477,0.9326526734929201,0.34603442950576574,0.8081309241709758,0.09399875947470487,0.22802703644884406,0.084819768392958,0.053898526308365995
