,Model_Name,feature_represenation,variance_maintained,Dimentionality,r2_summary,RMSE_summary,r2_train,RMSE_train,standard_error_r2,standard_error_RMSE,standard_error_r2_train,standard_error_RMSE_train
0,Ridge,SNPs,-,358874,0.3122812996256508,0.8229508997088975,0.9862029589373438,0.0899704999016722,0.3138701802307609,0.36941639458777187,0.03948449556937146,0.15937045857176968
1,Lasso,SNPs,-,358874,0.24523882181378898,0.862050145914994,0.5999824303303744,0.6192019816536957,0.25564649894791497,0.3426988385763598,0.28488028778689806,0.28348409482333586
2,ElasticNet,SNPs,-,358874,0.27257822809626847,0.8471546967901277,0.6570553642182753,0.5828371496613449,0.2445004095505757,0.3451286489060068,0.13238965442688572,0.11534084697015777
