,Model_Name,feature_represenation,variance_maintained,Dimentionality,r2_summary,RMSE_summary,r2_train,RMSE_train,standard_error_r2,standard_error_RMSE,standard_error_r2_train,standard_error_RMSE_train
0,Ridge,SNPs,-,323224,-0.018305534474346196,0.963958932104835,0.7790159200392984,0.43430986793360143,0.23365792287299042,0.40923959238814084,0.24608879133794326,0.35663366102909916
1,Lasso,SNPs,-,323224,-0.05471318930502165,0.9798808680760615,0.35659988920667546,0.7787017960940255,0.20251495710588113,0.3946840775680503,0.592344553574468,0.40086760481746364
2,ElasticNet,SNPs,-,323224,-0.0320641159041853,0.9734648563377655,0.1766198334989777,0.8994662148741396,0.15466672736507378,0.4293191672907106,0.39971161274528483,0.2211465349811807
