,Model_Name,feature_represenation,variance_maintained,Dimentionality,r2_summary,RMSE_summary,r2_train,RMSE_train,standard_error_r2,standard_error_RMSE,standard_error_r2_train,standard_error_RMSE_train
0,Ridge,SNPs,-,363320,-0.01732505611687295,0.9870435146415848,0.2733935417366141,0.8507788616455848,0.10142192777598517,0.27659367444865646,0.15173212554392082,0.08387873371288983
1,Lasso,SNPs,-,363320,-0.006942825607893499,0.9823944593974377,0.2296975319246947,0.8762226626611834,0.12047958569000493,0.28391927805331135,0.16101791775825072,0.08076912154458776
2,ElasticNet,SNPs,-,363320,-0.0010033031553230987,0.9807255555734953,0.06142558580414955,0.9683891985811124,0.052680210272068116,0.2922091191494096,0.08110245427735296,0.055050235305974325
