,Model_Name,feature_represenation,variance_maintained,Dimentionality,r2_summary,RMSE_summary,r2_train,RMSE_train,standard_error_r2,standard_error_RMSE,standard_error_r2_train,standard_error_RMSE_train
0,Ridge,SNPs,-,323224,0.010139347495259543,0.9744286241534338,0.5321943230563064,0.68193329877131,0.09490514572957168,0.2947101817497493,0.15765739322334044,0.13301981455074327
1,Lasso,SNPs,-,323224,-0.002149742432108459,0.980805043235123,0.21080708096297468,0.885748125972865,0.1256614952389339,0.30525569958307175,0.2148730536184641,0.09611186633869906
2,ElasticNet,SNPs,-,323224,-0.013712727606943542,0.9851005512219275,0.13744020416723332,0.9277518981372059,0.09610914905677685,0.28214655004691336,0.1645100712809919,0.10339313052065258
