,Model_Name,feature_represenation,variance_maintained,Dimentionality,r2_summary,RMSE_summary,r2_train,RMSE_train,standard_error_r2,standard_error_RMSE,standard_error_r2_train,standard_error_RMSE_train
0,Ridge,SNPs,-,232603,-0.04987791902764784,0.9598133493624541,0.8747299973872972,0.2860950611100913,0.3518201460106564,0.3668544419886058,0.2573007192915522,0.41354607925486914
1,Lasso,SNPs,-,232603,0.03411135736722624,0.9223163706841726,0.52119603642283,0.6704630236097557,0.2960038609951019,0.36269509900754177,0.4177290631480402,0.350226353464641
2,ElasticNet,SNPs,-,232603,-0.02949893419532016,0.9627205039624357,0.3638574369495973,0.777155918578762,0.1944886175149813,0.4426485394124744,0.5410660156551185,0.3709202493095972
