,Model_Name,feature_represenation,variance_maintained,Dimentionality,r2_summary,RMSE_summary,r2_train,RMSE_train,standard_error_r2,standard_error_RMSE,standard_error_r2_train,standard_error_RMSE_train
0,Ridge,SNPs,-,322648,0.09334928863569872,0.9354816862592111,0.962083089304756,0.15238340467961167,0.11630670100210858,0.21903632380571456,0.106087866790855,0.25469341816934676
1,Lasso,SNPs,-,322648,0.004622792227876116,0.9774082337432696,0.3794257100287492,0.7745423256444515,0.16847250206577885,0.1875281001577549,0.5134102200047252,0.3193744706562156
2,ElasticNet,SNPs,-,322648,0.012012533802255398,0.9759556489454686,0.5469846216070146,0.6465587866882821,0.09669236620478533,0.20947899481559357,0.5088610423279797,0.38914478120329066
