,Model_Name,feature_represenation,variance_maintained,Dimentionality,r2_summary,RMSE_summary,r2_train,RMSE_train,standard_error_r2,standard_error_RMSE,standard_error_r2_train,standard_error_RMSE_train
0,Ridge,SNPs,-,320300,-0.7103475463408453,0.9322147080148784,0.7660328188895265,0.4667495165198576,2.8865345669750817,0.5337115093834051,0.2570497309165618,0.23169410306616864
1,Lasso,SNPs,-,320300,-0.6635511051167422,0.9491366675596495,0.26024608966091417,0.8034736802765549,2.4789721213030096,0.5932519525781131,0.6946142432785971,0.6207203349549529
2,ElasticNet,SNPs,-,320300,-0.6729266691311041,0.9494646078385585,0.09492519543815178,0.9476161949520017,2.6063546492128764,0.6087045239957565,0.28071686162718246,0.1695824357553683
