,Model_Name,feature_represenation,variance_maintained,Dimentionality,r2_summary,RMSE_summary,r2_train,RMSE_train,standard_error_r2,standard_error_RMSE,standard_error_r2_train,standard_error_RMSE_train
0,Ridge,SNPs,-,326012,0.48024046164273987,0.6527636913987631,1.0,2.7339509066645326e-13,0.5363553126917946,0.3457988338743339,0.0,6.564969501525507e-14
1,Lasso,SNPs,-,326012,0.3038004431956482,0.7457977790777843,0.9892423852137473,0.08483076355741422,0.8095027235067812,0.31963543952550033,0.019930256240792556,0.11945704243330474
2,ElasticNet,SNPs,-,326012,0.4124292149215667,0.7037650006185546,0.8721579456860163,0.3294659070377425,0.5428267206532503,0.42287062956173577,0.21802098857180913,0.26743228119392515
