,Model_Name,feature_represenation,variance_maintained,Dimentionality,r2_summary,RMSE_summary,r2_train,RMSE_train,standard_error_r2,standard_error_RMSE,standard_error_r2_train,standard_error_RMSE_train
0,Ridge,SNPs,-,290236,-0.1018012612400446,0.9588982220846514,0.2099557902541117,0.8876933976846136,0.5991123319154561,0.5741699559027784,0.09633586345163395,0.08204131466151252
1,Lasso,SNPs,-,290236,-0.11842257652920027,0.9670616592366347,0.06264255121682658,0.9669530823175131,0.575389626851172,0.5762626937225259,0.1817846361231354,0.1382853135993
2,ElasticNet,SNPs,-,290236,-0.11579679055704446,0.9658060404493749,0.007150779757194636,0.9955662818861422,0.5757322966609997,0.5731090309244871,0.033343350705028196,0.07065383250024945
