,Model_Name,feature_represenation,variance_maintained,Dimentionality,r2_summary,RMSE_summary,r2_train,RMSE_train,standard_error_r2,standard_error_RMSE,standard_error_r2_train,standard_error_RMSE_train
0,Ridge,SNPs,-,327819,0.1148462179701337,0.9248565614252657,0.7377931444909237,0.5051863930026017,0.21757092113552515,0.18170848538281717,0.16747148500401812,0.162961981864797
1,Lasso,SNPs,-,327819,0.06751828664373286,0.9493802136963062,0.6216807034065608,0.5859319093372308,0.24369379533806018,0.20230246186922687,0.3435338585759664,0.3860601360472423
2,ElasticNet,SNPs,-,327819,0.09363529048580546,0.9380051111175669,0.3598771583250732,0.7971051404456068,0.13226966927572859,0.1851129349617181,0.20637561807032823,0.13846898803007174
