,Model_Name,feature_represenation,variance_maintained,Dimentionality,r2_summary,RMSE_summary,r2_train,RMSE_train,standard_error_r2,standard_error_RMSE,standard_error_r2_train,standard_error_RMSE_train
0,Ridge,SNPs,-,358874,0.8591875197405309,0.3461079654487314,1.0,1.3004186082268664e-13,0.14090848770304884,0.16271458983297257,0.0,1.0534966434440972e-14
1,Lasso,SNPs,-,358874,0.8303431308948209,0.381257729338701,0.9984263345122866,0.023955912354739657,0.15039620501009957,0.14909125826683806,0.006990844935971219,0.06042797312646771
2,ElasticNet,SNPs,-,358874,0.8336906470866727,0.3779386704812381,0.9497896673672596,0.22127684563010488,0.15520299203956925,0.16070740907760334,0.030986111894544994,0.06809123440989004
