,Model_Name,feature_represenation,variance_maintained,Dimentionality,r2_summary,RMSE_summary,r2_train,RMSE_train,standard_error_r2,standard_error_RMSE,standard_error_r2_train,standard_error_RMSE_train
0,Ridge,SNPs,-,312695,0.3514652611801141,0.7596471107255028,1.0,2.671049312202225e-13,0.3908479009209835,0.2600468412316111,0.0,2.4411281339351376e-14
1,Lasso,SNPs,-,312695,0.4454236090723845,0.7001311640496571,0.9913545622367372,0.06037050130080641,0.4171660217198063,0.24902076824437056,0.035261344331446356,0.13734981745104385
2,ElasticNet,SNPs,-,312695,0.2952390616741504,0.7947425166880496,0.8458077813767702,0.3784372998582939,0.3316238139909488,0.20094164620085966,0.1693767677558897,0.22686201090357458
