,Model_Name,feature_represenation,variance_maintained,Dimentionality,r2_summary,RMSE_summary,r2_train,RMSE_train,standard_error_r2,standard_error_RMSE,standard_error_r2_train,standard_error_RMSE_train
0,Ridge,SNPs,-,322648,0.1322503129434029,0.9061984845464859,0.9769273463827699,0.14177369240406446,0.22803421178932934,0.3536899767345938,0.03112459274356492,0.11624327700577745
1,Lasso,SNPs,-,322648,0.1071711698541959,0.9206502016314366,0.5922343292812012,0.6051576412399339,0.15762300248301858,0.35079545410952456,0.523302332214397,0.4390798346536033
2,ElasticNet,SNPs,-,322648,0.23891277988421705,0.8497184565604694,0.5225562648175406,0.6891573159840971,0.16427276133821037,0.32896225240766186,0.12025707094691616,0.08498012974240782
