,Model_Name,feature_represenation,variance_maintained,Dimentionality,r2_summary,RMSE_summary,r2_train,RMSE_train,standard_error_r2,standard_error_RMSE,standard_error_r2_train,standard_error_RMSE_train
0,Ridge,SNPs,-,320428,-0.8179056551219414,0.8925611870776803,0.5373228499207907,0.6723426926424327,3.7907920110961526,0.933710213580104,0.19684043556409012,0.12280877870802911
1,Lasso,SNPs,-,320428,-0.8839179225751305,0.9116190126847281,0.08008028112597218,0.9549604634994706,3.9741006868047606,0.9349691053506116,0.1854534084430653,0.12820978239631278
2,ElasticNet,SNPs,-,320428,-0.6442841037218416,0.8971900804619511,-1.1102230246251566e-17,0.9978642705754013,2.7128382096669474,0.958040199725966,2.981867892644478e-16,0.1219347168601087
