,Model_Name,feature_represenation,variance_maintained,Dimentionality,r2_summary,RMSE_summary,r2_train,RMSE_train,standard_error_r2,standard_error_RMSE,standard_error_r2_train,standard_error_RMSE_train
0,Ridge,SNPs,-,209593,0.2670903848485963,0.7746686665835795,0.9903905533253683,0.029954597304339484,0.38750447831350787,0.20519120831671425,0.05955996754640621,0.18565617968200435
1,Lasso,SNPs,-,209593,0.1688462715780914,0.8285437411334134,0.8587791390322923,0.33144584106418257,0.38204422051950987,0.2717775758275859,0.2651513555918979,0.35577501835431785
2,ElasticNet,SNPs,-,209593,0.15297679465117256,0.8382904405374636,0.6933095516292237,0.5422975534913042,0.33841414956968313,0.2409499954319563,0.2530290811584112,0.22914204162457796
