,Model_Name,feature_represenation,variance_maintained,Dimentionality,r2_summary,RMSE_summary,r2_train,RMSE_train,standard_error_r2,standard_error_RMSE,standard_error_r2_train,standard_error_RMSE_train
0,Ridge,SNPs,-,322088,0.07114715468286603,0.9416848600033381,0.9253943799491758,0.26059104393682936,0.2523624336087224,0.22440212276203808,0.08336120612606623,0.16178536985265018
1,Lasso,SNPs,-,322088,-0.021094753499485485,0.9877701563478247,0.4447936250550689,0.7075306380179684,0.21099069749227536,0.2156772010376301,0.5589786966428018,0.4867176933993832
2,ElasticNet,SNPs,-,322088,0.033072981487737775,0.9644133478316372,0.40034617184059673,0.765333393615301,0.16414158232849585,0.2506231829447821,0.36545130021432465,0.22010339374985427
