,Model_Name,feature_represenation,variance_maintained,Dimentionality,r2_summary,RMSE_summary,r2_train,RMSE_train,standard_error_r2,standard_error_RMSE,standard_error_r2_train,standard_error_RMSE_train
0,Ridge,SNPs,-,307883,-0.08359212720987325,0.8556544038106866,0.3988439559609475,0.768692837863638,0.21680455240238636,1.124839550112602,0.3606642192420899,0.3273100132153582
1,Lasso,SNPs,-,307883,-0.0793503577149256,0.84957255501564,0.1565557616387146,0.8968741664952267,0.21877320639726788,1.1024948016428675,0.5503755440672469,0.3870414232220289
2,ElasticNet,SNPs,-,307883,-0.07712968408724923,0.8533781343436758,0.04557853212372594,0.9765528234659487,0.15429739450923932,1.1151635494051373,0.2824986688795257,0.311637308631334
