,Model_Name,feature_represenation,variance_maintained,Dimentionality,r2_summary,RMSE_summary,r2_train,RMSE_train,standard_error_r2,standard_error_RMSE,standard_error_r2_train,standard_error_RMSE_train
0,Ridge,SNPs,-,356729,-0.0506795825727883,0.9754365042156234,0.02762097045938735,0.9854053761444903,0.13677160013505232,0.4977148783790538,0.03538660795771614,0.07110222389253158
1,Lasso,SNPs,-,356729,-0.04931847618020417,0.9748494320438331,-4.4408920985006264e-17,0.9992740702979744,0.1410649852628234,0.4983709360268628,2.5542058134358435e-16,0.0658678118783299
2,ElasticNet,SNPs,-,356729,-0.04931847584710103,0.9748494320369725,0.0,0.9992740702979744,0.14106498584712795,0.4983709377560816,0.0,0.0658678118783299
