,Model_Name,feature_represenation,variance_maintained,Dimentionality,r2_summary,RMSE_summary,r2_train,RMSE_train,standard_error_r2,standard_error_RMSE,standard_error_r2_train,standard_error_RMSE_train
0,Ridge,SNPs,-,332957,0.06219448784327601,0.924096255415003,0.8643654142333841,0.2952652752999078,0.4806578523612527,0.2665972010356101,0.24211816785763554,0.4473459039775654
1,Lasso,SNPs,-,332957,-0.09071003527894517,1.0092078099578379,0.10426951309212877,0.9414083780921005,0.1820194996874002,0.28978985902670734,0.32972298804413064,0.1735918913818321
2,ElasticNet,SNPs,-,332957,-0.03344986706493602,0.9793299502035321,0.2690290163550951,0.8412425222061438,0.2677849016248445,0.2683964680147738,0.483195047060179,0.29037774077676953
