,Model_Name,feature_represenation,variance_maintained,Dimentionality,r2_summary,RMSE_summary,r2_train,RMSE_train,standard_error_r2,standard_error_RMSE,standard_error_r2_train,standard_error_RMSE_train
0,Ridge,SNPs,-,358874,0.6004240549163129,0.6226400432140309,1.0,2.1835066533714668e-13,0.15321004191647336,0.18105547954469425,0.0,1.1354659838701094e-14
1,Lasso,SNPs,-,358874,0.5254656651142088,0.6786175540050136,0.9329375007658808,0.23553994285000435,0.20877111180157987,0.21989859811660278,0.08893563402505625,0.22684946860899952
2,ElasticNet,SNPs,-,358874,0.5581188297176247,0.6549408858124102,0.8778733689734816,0.34095333818270557,0.16479002871700116,0.18780417387073525,0.11331489926207686,0.16229641751796325
