,Model_Name,feature_represenation,variance_maintained,Dimentionality,r2_summary,RMSE_summary,r2_train,RMSE_train,standard_error_r2,standard_error_RMSE,standard_error_r2_train,standard_error_RMSE_train
0,Ridge,SNPs,-,358874,0.738088309810007,0.5007476643905323,0.9999119452996637,0.0037637562044760342,0.1572673301379439,0.15637208398196276,0.0004897402858116473,0.0178398570051417
1,Lasso,SNPs,-,358874,0.6981095997031597,0.5375127518457534,0.9740903181539935,0.14287558898758979,0.16306571771107076,0.12987146353892015,0.045522819195571156,0.153394365336802
2,ElasticNet,SNPs,-,358874,0.6992014388060134,0.5356682839654326,0.8904308963400824,0.32480609545141287,0.17806930623908543,0.15293898858211225,0.08925660895503111,0.13827043244185017
