,Model_Name,feature_represenation,variance_maintained,Dimentionality,r2_summary,RMSE_summary,r2_train,RMSE_train,standard_error_r2,standard_error_RMSE,standard_error_r2_train,standard_error_RMSE_train
0,Ridge,SNPs,-,305506,-0.5405439711740624,0.8396392856622491,0.3749482264312059,0.7392018739806747,1.607417437986519,1.1681910651939325,0.6872515276344857,0.6613406040896531
1,Lasso,SNPs,-,305506,-0.41600170822726684,0.8207641693664091,0.05488492775231466,0.9667204118673884,1.4074923074892134,1.171899367237685,0.1389868665434027,0.13794979256628137
2,ElasticNet,SNPs,-,305506,-0.4888134281592887,0.8265342225907099,0.0010331091111400292,0.9959918646703818,1.6274748716124303,1.1619103108227926,0.0064032766108422234,0.16168091780863017
