,Model_Name,feature_represenation,variance_maintained,Dimentionality,r2_summary,RMSE_summary,r2_train,RMSE_train,standard_error_r2,standard_error_RMSE,standard_error_r2_train,standard_error_RMSE_train
0,Ridge,SNPs,-,323224,-0.02061701660835763,0.982945391428395,0.17193388456050118,0.9085893621620138,0.06339852770006382,0.41245657508976014,0.17662884987081537,0.11124250698089215
1,Lasso,SNPs,-,323224,-0.025582584438637403,0.9841084267799722,0.09995370515874907,0.9469378458089933,0.07645144421683066,0.4064936041008717,0.20865087509528218,0.12041637226051993
2,ElasticNet,SNPs,-,323224,-0.018662993152970576,0.9817549811684412,0.007985185361057145,0.995602159655403,0.051546913355243765,0.4104310476596765,0.03855319808586393,0.04781782883622724
