,Model_Name,feature_represenation,variance_maintained,Dimentionality,r2_summary,RMSE_summary,r2_train,RMSE_train,standard_error_r2,standard_error_RMSE,standard_error_r2_train,standard_error_RMSE_train
0,Ridge,SNPs,-,363320,-0.01847176476448873,0.9980134161678542,0.109812790082745,0.9433435392241001,0.05479338069220168,0.1641871607778129,0.04093179878199266,0.031726100373121346
1,Lasso,SNPs,-,363320,-0.020236757202079403,0.9988230327978148,0.013893741285402328,0.9928713784960427,0.059992558586871726,0.16411993849364837,0.03620687889462341,0.027860729818248258
2,ElasticNet,SNPs,-,363320,-0.019546188338984537,0.9984809859867664,-3.3306690738754695e-17,0.9998661075170308,0.05997990584254187,0.16400031862245792,2.0643700795231002e-16,0.017818665509675948
