,Model_Name,feature_represenation,variance_maintained,Dimentionality,r2_summary,RMSE_summary,r2_train,RMSE_train,standard_error_r2,standard_error_RMSE,standard_error_r2_train,standard_error_RMSE_train
0,Ridge,SNPs,-,358874,0.8352052846240403,0.39313829599584976,0.9999999999989186,8.263617668555406e-07,0.14975885842091438,0.211096990349945,4.274623058190227e-12,1.3311574832645706e-06
1,Lasso,SNPs,-,358874,0.4132139294378963,0.7282975745560087,0.9987962166310667,0.010965667245561549,0.5051321074394847,0.35145562011369025,0.007461124350579345,0.067847345784689
2,ElasticNet,SNPs,-,358874,0.810174684190048,0.4225140495316534,0.9558715938431859,0.20680965666447548,0.15180603657658412,0.1961889893332312,0.033167897060689476,0.08060826386740147
