,Model_Name,feature_represenation,variance_maintained,Dimentionality,r2_summary,RMSE_summary,r2_train,RMSE_train,standard_error_r2,standard_error_RMSE,standard_error_r2_train,standard_error_RMSE_train
0,Ridge,SNPs,-,323224,0.13374026938786457,0.9056453291864321,0.9675740521052599,0.16424700669368006,0.2509066903210561,0.37380824802876855,0.050389062582192154,0.1581779357176573
1,Lasso,SNPs,-,323224,0.03795947842077583,0.956949020895642,0.49976442859987324,0.6981874360407558,0.16601497911115465,0.3827889133086574,0.3353291079436919,0.25539715233709587
2,ElasticNet,SNPs,-,323224,0.08216154086204736,0.9363797662638683,0.43407271306728973,0.7484185196245331,0.12515596814718954,0.3907887858151207,0.2100802955473537,0.13649452021586872
