,Model_Name,feature_represenation,variance_maintained,Dimentionality,r2_summary,RMSE_summary,r2_train,RMSE_train,standard_error_r2,standard_error_RMSE,standard_error_r2_train,standard_error_RMSE_train
0,Ridge,SNPs,-,318434,0.014703482262934397,0.8827704343478161,0.7756138347205795,0.4113147563180789,0.5358597143042948,0.8381771929317389,0.4455444900016317,0.5070606635831767
1,Lasso,SNPs,-,318434,-0.1936640732933816,0.9472134414441427,0.5088714840874273,0.6536168288144665,1.1040033521358308,0.8206749974881339,0.6148000863117498,0.5238315955840467
2,ElasticNet,SNPs,-,318434,-0.018668798089022942,0.906916748088616,0.17040910523856617,0.908326334212321,0.12228862056243082,0.8378999382931237,0.33490950612793297,0.2784279631932035
