,Model_Name,feature_represenation,variance_maintained,Dimentionality,r2_summary,RMSE_summary,r2_train,RMSE_train,standard_error_r2,standard_error_RMSE,standard_error_r2_train,standard_error_RMSE_train
0,Ridge,SNPs,-,331484,-0.08464293677650661,0.9692952702328264,0.3268966412006043,0.8158532297416932,0.20757953361897574,0.538495691049748,0.2595727046564288,0.14800210925126467
1,Lasso,SNPs,-,331484,-0.08012505733657375,0.9716090588578656,0.06436460449972332,0.9631924039437159,0.185012440396607,0.5710737724909677,0.31004211578093316,0.20189181593977334
2,ElasticNet,SNPs,-,331484,-0.06486566324294889,0.9636914462241616,2.2204460492503132e-17,0.999210193958971,0.15851477311916537,0.5579481467031842,1.3762467196820668e-16,0.06524848937894602
