,Model_Name,feature_represenation,variance_maintained,Dimentionality,r2_summary,RMSE_summary,r2_train,RMSE_train,standard_error_r2,standard_error_RMSE,standard_error_r2_train,standard_error_RMSE_train
0,Ridge,SNPs,-,323224,-0.03661035115662957,0.9792701596902947,0.01976718929485145,0.9896025105724168,0.09256929774158361,0.4549510292081059,0.047435854598754025,0.06412535179920657
1,Lasso,SNPs,-,323224,-0.035028381094925856,0.9783895144042154,-4.4408920985006264e-17,0.9995312584088912,0.08940742378001479,0.4532991406281743,2.7524934393641336e-16,0.0547456530596649
2,ElasticNet,SNPs,-,323224,-0.035028381935588195,0.9783895146432777,-2.2204460492503132e-17,0.9995312584088912,0.08940742651321824,0.45329913968844,1.3762467196820668e-16,0.05474565305966484
