,Model_Name,feature_represenation,variance_maintained,Dimentionality,r2_summary,RMSE_summary,r2_train,RMSE_train,standard_error_r2,standard_error_RMSE,standard_error_r2_train,standard_error_RMSE_train
0,Ridge,SNPs,-,301691,0.0023195664177813823,0.8545225114331714,0.9041807405949183,0.2377894547626396,0.7840438092206699,0.43552176172224877,0.19246259702028498,0.4007323573008806
1,Lasso,SNPs,-,301691,-0.35724044114462966,0.9858367792785095,0.5595186375111738,0.5990021159591191,1.1875543884940467,0.4699645821066391,0.6359599364736772,0.5466797937285055
2,ElasticNet,SNPs,-,301691,-0.13598293172025022,0.9184695010847092,0.6366256936976267,0.5902141533697127,0.7634059892123356,0.4381157177246188,0.28862551415508486,0.22076669161415508
