,Model_Name,feature_represenation,variance_maintained,Dimentionality,r2_summary,RMSE_summary,r2_train,RMSE_train,standard_error_r2,standard_error_RMSE,standard_error_r2_train,standard_error_RMSE_train
0,Ridge,SNPs,-,322648,0.09645914474022668,0.9335228032960342,0.9979137066339739,0.0356689323382761,0.14774804090710833,0.17406916651115453,0.004435889530120927,0.05904719925702826
1,Lasso,SNPs,-,322648,0.009066576310125595,0.977162260292815,0.548006836501022,0.5961341922909617,0.11168448490749608,0.14860571543598808,0.7239841602908387,0.6341907813557931
2,ElasticNet,SNPs,-,322648,0.04560550790453712,0.9590374644746469,0.5639138531974403,0.6284642191904702,0.1411123423089911,0.15967548434429465,0.5199901459219749,0.4203643708583465
