,Model_Name,feature_represenation,variance_maintained,Dimentionality,r2_summary,RMSE_summary,r2_train,RMSE_train,standard_error_r2,standard_error_RMSE,standard_error_r2_train,standard_error_RMSE_train
0,Ridge,SNPs,-,358874,0.5439021481882849,0.6583188147758133,1.0,2.4459573855462353e-13,0.2774282707728359,0.22432098317945148,0.0,1.5952167448412822e-14
1,Lasso,SNPs,-,358874,0.5038137832275376,0.6873527849189328,0.9147113538302245,0.28656861035207576,0.2599798951826549,0.20882524499433533,0.07036731536211294,0.12028928418187142
2,ElasticNet,SNPs,-,358874,0.49207341500561613,0.6990308433944908,0.8446668344437849,0.3831924335512797,0.20314660445418345,0.19262507399644896,0.1503867295575514,0.1955266932703551
