,Model_Name,feature_represenation,variance_maintained,Dimentionality,r2_summary,RMSE_summary,r2_train,RMSE_train,standard_error_r2,standard_error_RMSE,standard_error_r2_train,standard_error_RMSE_train
0,Ridge,SNPs,-,358874,0.7516715579500274,0.47421460430743545,0.9996801813494471,0.005680819284092724,0.22597747924876735,0.20523072452348035,0.0019822565217999222,0.03520307802289565
1,Lasso,SNPs,-,358874,0.4987437203621474,0.6338181723356813,0.9692119932108897,0.14076856806837781,0.7417384742987903,0.3341757180151175,0.05022433691898596,0.21324508403997247
2,ElasticNet,SNPs,-,358874,0.7134561131976328,0.5153589231212555,0.905716406131378,0.3038649610509339,0.232916153369865,0.21986429822812323,0.05376575541684676,0.08612535665592197
