,Model_Name,feature_represenation,variance_maintained,Dimentionality,r2_summary,RMSE_summary,r2_train,RMSE_train,standard_error_r2,standard_error_RMSE,standard_error_r2_train,standard_error_RMSE_train
0,Ridge,SNPs,-,307883,-0.11311670865783012,0.8998968903498354,0.975297907632553,0.06334191335977464,1.3569026774395403,0.35789241923221954,0.13479468260190455,0.29137253583408285
1,Lasso,SNPs,-,307883,-0.3642671928211136,0.9924069982154717,0.7616985436697807,0.4225199631635404,1.9607737715820215,0.3743756105851818,0.42670652117667457,0.49930243590597784
2,ElasticNet,SNPs,-,307883,-0.12808210989741264,0.9706296479089341,0.2041012030290069,0.8778741568418277,0.5245845874496473,0.4615895805086315,0.5061635431937157,0.316965520012792
