,Model_Name,feature_represenation,variance_maintained,Dimentionality,r2_summary,RMSE_summary,r2_train,RMSE_train,standard_error_r2,standard_error_RMSE,standard_error_r2_train,standard_error_RMSE_train
0,Ridge,SNPs,-,358874,0.5863001329979295,0.6354758032121903,0.9992679079175452,0.01340906672696372,0.20002013294432072,0.2181513040371696,0.003564042620032461,0.048068831963500015
1,Lasso,SNPs,-,358874,0.5200076556674749,0.6844775716857497,0.9160323609753804,0.27157817441464177,0.22699354965785856,0.22397106983786835,0.09197535663544107,0.21446751533365496
2,ElasticNet,SNPs,-,358874,0.52722114974796,0.6808602641056193,0.8117608317264826,0.42571819079461687,0.17911229435137235,0.19417317043905077,0.1418795215186506,0.17567483503206122
