,Model_Name,feature_represenation,variance_maintained,Dimentionality,r2_summary,RMSE_summary,r2_train,RMSE_train,standard_error_r2,standard_error_RMSE,standard_error_r2_train,standard_error_RMSE_train
0,Ridge,SNPs,-,209593,0.21988764498649002,0.7191771836453684,0.9998484688815226,0.003899950638569647,0.7464935101580239,0.30572746625475367,0.0009391996027316968,0.024172144486975407
1,Lasso,SNPs,-,209593,-0.02405316173612012,0.829060846101787,0.9143026169097148,0.20960662890969692,0.9811828850358757,0.36838876223814226,0.26295168539267505,0.3999734342676493
2,ElasticNet,SNPs,-,209593,0.05359518812616165,0.8254769578086838,0.762116139818749,0.46735960181208286,0.6151228275190713,0.422655380588783,0.24143918218230637,0.26049074587079896
