,Model_Name,feature_represenation,variance_maintained,Dimentionality,r2_summary,RMSE_summary,r2_train,RMSE_train,standard_error_r2,standard_error_RMSE,standard_error_r2_train,standard_error_RMSE_train
0,Ridge,SNPs,-,358874,0.33122001378230465,0.7972791874356114,0.9468944718686567,0.22323939082709587,0.2548767888773937,0.4632670557448902,0.0539005824722799,0.11812239175693792
1,Lasso,SNPs,-,358874,0.3251409602032002,0.7992506718722693,0.805895050733085,0.4355839393357354,0.1837084941477426,0.42374834849461557,0.12196181394650812,0.13075937070952584
2,ElasticNet,SNPs,-,358874,0.2866531052159042,0.824369939014807,0.6489911010318635,0.5881557727186818,0.1934485054998588,0.46191167136722977,0.18031785753297452,0.1621472031463867
