,Model_Name,feature_represenation,variance_maintained,Dimentionality,r2_summary,RMSE_summary,r2_train,RMSE_train,standard_error_r2,standard_error_RMSE,standard_error_r2_train,standard_error_RMSE_train
0,Ridge,SNPs,-,334561,-0.029728051965194423,0.9876299053365275,0.7011772935500598,0.5101118929744649,0.17586699726525734,0.37693343680207275,0.5342844073802973,0.39667674351228643
1,Lasso,SNPs,-,334561,-0.06015861364429344,0.9943135922425512,0.056051573085331555,0.9699191461079454,0.21388953507191638,0.30559459779607584,0.17703320756960064,0.08495861813306627
2,ElasticNet,SNPs,-,334561,-0.053927481336075944,0.991962394575608,0.07199878125692973,0.9614165492127021,0.2033688863079334,0.3095494969038483,0.21367838002539918,0.12090981753353215
