,Model_Name,feature_represenation,variance_maintained,Dimentionality,r2_summary,RMSE_summary,r2_train,RMSE_train,standard_error_r2,standard_error_RMSE,standard_error_r2_train,standard_error_RMSE_train
0,Ridge,SNPs,-,323224,7.332082084456903e-05,0.9498423735057048,0.5785365768675598,0.6458215576545653,0.16929938591358448,0.5433659317792193,0.15180003262678235,0.12001044486106585
1,Lasso,SNPs,-,323224,-0.029109334385339757,0.9634676772684315,0.14837306779679305,0.9154003068189766,0.11648753523812928,0.5372101574130645,0.43324513640814283,0.2860996798873938
2,ElasticNet,SNPs,-,323224,-0.023139806809468165,0.9633870858435531,0.08235835297447433,0.9556074673346044,0.05395296242121596,0.5522770080439452,0.22974019230507672,0.14871100831588377
