,Model_Name,feature_represenation,variance_maintained,Dimentionality,r2_summary,RMSE_summary,r2_train,RMSE_train,standard_error_r2,standard_error_RMSE,standard_error_r2_train,standard_error_RMSE_train
0,Ridge,SNPs,-,366001,0.7965393083797693,0.43858859600650996,1.0,1.62549100576539e-13,0.17000072297233,0.17799530351528012,0.0,1.6153373115944508e-14
1,Lasso,SNPs,-,366001,0.7321190441232289,0.5065207575811123,0.9565917754204534,0.1649526215550294,0.17175692591710212,0.16211029123381937,0.08587769050430492,0.2616064158948496
2,ElasticNet,SNPs,-,366001,0.77411166652292,0.4625211516612493,0.9523098408690351,0.2133558818726079,0.18375573891293076,0.1929931905769114,0.038937095560733236,0.09512293205546415
