,Model_Name,feature_represenation,variance_maintained,Dimentionality,r2_summary,RMSE_summary,r2_train,RMSE_train,standard_error_r2,standard_error_RMSE,standard_error_r2_train,standard_error_RMSE_train
0,Ridge,SNPs,-,333316,0.6571217834104539,0.557865690187568,1.0,1.8286465462686772e-13,0.11370150633503728,0.19636316233753764,0.0,1.0739314304248985e-14
1,Lasso,SNPs,-,333316,0.591770638277187,0.6035685682939258,0.9649779341344155,0.1572821329693419,0.15091217223992512,0.17517080282688943,0.06013607296376881,0.2108731149661678
2,ElasticNet,SNPs,-,333316,0.628091990403979,0.5789776869552323,0.9557663512688539,0.20953145156384806,0.11405653656632611,0.17967631100252335,0.01518601167792327,0.04035919972933523
