,Model_Name,feature_represenation,variance_maintained,Dimentionality,r2_summary,RMSE_summary,r2_train,RMSE_train,standard_error_r2,standard_error_RMSE,standard_error_r2_train,standard_error_RMSE_train
0,Ridge,SNPs,-,295534,-0.05663522663962504,0.9880740221047737,0.46993654004171387,0.7108414681365054,0.20965043794344723,0.4898215009760638,0.3723251219277532,0.31764609214580036
1,Lasso,SNPs,-,295534,-0.14647552697575245,1.0211031383772036,0.3542971754324992,0.7784424538469245,0.3230405307107407,0.4570518304840871,0.6214845326739393,0.3858700488982939
2,ElasticNet,SNPs,-,295534,-0.05928151870818736,0.9890667009196685,0.03839981606203754,0.9782932981941546,0.0903586027407337,0.47450565707366205,0.23800452575560999,0.14994037067273952
