,Model_Name,feature_represenation,variance_maintained,Dimentionality,r2_summary,RMSE_summary,r2_train,RMSE_train,standard_error_r2,standard_error_RMSE,standard_error_r2_train,standard_error_RMSE_train
0,Ridge,SNPs,-,322369,-0.19094632164293981,0.9401827573006959,0.14596305463490278,0.9231271247453482,0.5716119480795092,0.7686315435525454,0.003953858895985682,0.07823070652279929
1,Lasso,SNPs,-,322369,-0.18967803928423138,0.9378433478161978,0.04183216563328761,0.9776912822085283,0.5503980652878337,0.753654515202819,0.10945316794713883,0.1116436552785318
2,ElasticNet,SNPs,-,322369,-0.17958063236129856,0.9366197378811735,0.0,0.9989116672605369,0.5485866271547982,0.7691448222390148,0.0,0.08499372858857789
