,Model_Name,feature_represenation,variance_maintained,Dimentionality,r2_summary,RMSE_summary,r2_train,RMSE_train,standard_error_r2,standard_error_RMSE,standard_error_r2_train,standard_error_RMSE_train
0,Ridge,SNPs,-,298680,0.2683432556203439,0.8027349207503712,1.0,2.521453266712167e-13,0.45817408469357035,0.3263173465320731,0.0,1.3128751302669504e-14
1,Lasso,SNPs,-,298680,0.048923657331523276,0.910436423784086,0.836453147692272,0.2601531557421508,0.613358466974995,0.2734963556261794,0.5146226793204617,0.6232938305477257
2,ElasticNet,SNPs,-,298680,0.14685209963545898,0.8735145471033667,0.4820231862846962,0.7077391401000106,0.33143135528402284,0.2619703529620001,0.37143544803992706,0.26663131622924824
