,Model_Name,feature_represenation,variance_maintained,Dimentionality,r2_summary,RMSE_summary,r2_train,RMSE_train,standard_error_r2,standard_error_RMSE,standard_error_r2_train,standard_error_RMSE_train
0,Ridge,SNPs,-,312695,-0.10055787530430496,0.9933812853013124,0.16308765335104664,0.91446152075088,0.1490791132594401,0.44253240546409894,0.08916340969324274,0.09327213867128631
1,Lasso,SNPs,-,312695,-0.09480634923167004,0.9907325472506138,0.0359166384635294,0.9803077738426942,0.18727562945832574,0.45080534153891655,0.22261363154546432,0.15464299969008066
2,ElasticNet,SNPs,-,312695,-0.08506210640607359,0.985125940281135,0.0,0.9993343748735665,0.16032778323192765,0.4293062345068609,0.0,0.051123723302341155
