,Model_Name,feature_represenation,variance_maintained,Dimentionality,r2_summary,RMSE_summary,r2_train,RMSE_train,standard_error_r2,standard_error_RMSE,standard_error_r2_train,standard_error_RMSE_train
0,Ridge,SNPs,-,331800,0.5077328209072177,0.6561004714033507,1.0,4.420990403886373e-13,0.21948983384742457,0.20856180433491947,0.0,1.4090169437926963e-13
1,Lasso,SNPs,-,331800,0.4975951673335731,0.6671853265353306,0.9397481471451321,0.18848952419140774,0.29378501481867597,0.3262846369424086,0.14950188321861607,0.3101081725023754
2,ElasticNet,SNPs,-,331800,0.4517345000360802,0.6980779421607368,0.8564122817217638,0.3621760019312999,0.14402181891044438,0.2341129800024205,0.146292553902762,0.21846074726997652
