,Model_Name,feature_represenation,variance_maintained,Dimentionality,r2_summary,RMSE_summary,r2_train,RMSE_train,standard_error_r2,standard_error_RMSE,standard_error_r2_train,standard_error_RMSE_train
0,Ridge,SNPs,-,336711,0.10464574145430824,0.884198330853424,0.769711261624897,0.4746989790877583,0.47136377277388697,0.28252565785012207,0.12297149711559978,0.13483883453453752
1,Lasso,SNPs,-,336711,0.07762643977863933,0.8979384461255409,0.639107121409519,0.5885149789728263,0.4919648638383044,0.28703349480762747,0.2339037744313022,0.2449897058444999
2,ElasticNet,SNPs,-,336711,0.0794729663103714,0.900490560309703,0.43202634131673223,0.7510458067644773,0.449619325529612,0.30130638703899854,0.2017287184358096,0.13825753781354677
