,Model_Name,feature_represenation,variance_maintained,Dimentionality,r2_summary,RMSE_summary,r2_train,RMSE_train,standard_error_r2,standard_error_RMSE,standard_error_r2_train,standard_error_RMSE_train
0,Ridge,SNPs,-,323224,0.09320991221889456,0.9387608447508843,0.6300056503348113,0.6070962721377374,0.17789718936256382,0.2295352428583161,0.08836545688667796,0.07966669876371078
1,Lasso,SNPs,-,323224,0.016568619170619192,0.9783268427923161,0.30211033608563254,0.8267783166129811,0.14708974917072018,0.23196161568386003,0.3851923077597877,0.2351071468723525
2,ElasticNet,SNPs,-,323224,0.046795918566279446,0.963957032742825,0.3628265153454642,0.7928259566749066,0.15829184236032495,0.2512149760132228,0.30029516590886896,0.17646881684120033
