,Model_Name,feature_represenation,variance_maintained,Dimentionality,r2_summary,RMSE_summary,r2_train,RMSE_train,standard_error_r2,standard_error_RMSE,standard_error_r2_train,standard_error_RMSE_train
0,Ridge,SNPs,-,358874,0.614745648175241,0.6108566355080629,1.0,1.9660032115441507e-13,0.18885736329651875,0.13867268916203906,0.0,2.2240825725673846e-14
1,Lasso,SNPs,-,358874,0.5249297720486297,0.6788300402977846,0.9258176924055469,0.2514027958438331,0.21006535288627057,0.13314048422836575,0.11248429617559828,0.21371739655408367
2,ElasticNet,SNPs,-,358874,0.5673398612309061,0.6483317405816926,0.8652789043442071,0.3576144070691477,0.19317315782103384,0.14715232868344547,0.10825626143981804,0.16870927248893267
