,Model_Name,feature_represenation,variance_maintained,Dimentionality,r2_summary,RMSE_summary,r2_train,RMSE_train,standard_error_r2,standard_error_RMSE,standard_error_r2_train,standard_error_RMSE_train
0,Ridge,SNPs,-,322088,0.07015698660599531,0.9487862645465951,0.7945034876722964,0.45132586007228104,0.1672254914965859,0.1274211353039925,0.07977856674870322,0.08824925614896996
1,Lasso,SNPs,-,322088,0.0058069339835558394,0.9808457255050304,0.5940477499367101,0.6185466062686399,0.13894326440251029,0.10401993926149908,0.4487437338245966,0.3079327571377976
2,ElasticNet,SNPs,-,322088,0.026376070395037643,0.9718918394722004,0.3540519350490871,0.7981541120183204,0.13253203249791412,0.13962617728857124,0.31565664766291607,0.187560764480344
