,Model_Name,feature_represenation,variance_maintained,Dimentionality,r2_summary,RMSE_summary,r2_train,RMSE_train,standard_error_r2,standard_error_RMSE,standard_error_r2_train,standard_error_RMSE_train
0,Ridge,SNPs,-,322648,0.023041319992469854,0.9549929780683807,0.7073582402579293,0.5344266130971148,0.23451302889684444,0.32295918845990707,0.162672036521852,0.15446269862328385
1,Lasso,SNPs,-,322648,-0.012148485788439745,0.977030433825985,0.2129246654377488,0.8852315522020127,0.11439943435050169,0.36083306170215135,0.1954345744050028,0.10531281094087028
2,ElasticNet,SNPs,-,322648,0.019336045512458887,0.963086946470583,0.19955890467765314,0.893673900634828,0.08688334775649954,0.36641909123206706,0.136626099271176,0.08501616186813049
