,Model_Name,feature_represenation,variance_maintained,Dimentionality,r2_summary,RMSE_summary,r2_train,RMSE_train,standard_error_r2,standard_error_RMSE,standard_error_r2_train,standard_error_RMSE_train
0,Ridge,SNPs,-,320230,0.6095439174662379,0.5952871276272306,1.0,1.793617596844643e-13,0.2123949328141427,0.26560664058722,0.0,9.773384161548826e-15
1,Lasso,SNPs,-,320230,0.5627407745298071,0.6255059127396662,0.9960842868268303,0.04921375125892988,0.26311651669954134,0.22753803213302343,0.0069037025732620085,0.07991745913520536
2,ElasticNet,SNPs,-,320230,0.5688583475687121,0.6237929624925334,0.9234361244297709,0.251477417757431,0.24835411166821011,0.2541704940218446,0.17275679518979925,0.2296156204277332
