,Model_Name,feature_represenation,variance_maintained,Dimentionality,r2_summary,RMSE_summary,r2_train,RMSE_train,standard_error_r2,standard_error_RMSE,standard_error_r2_train,standard_error_RMSE_train
0,Ridge,SNPs,-,336783,0.4692493515263447,0.6708574776420447,0.9961829678212617,0.050574934634682524,0.4948880026678082,0.37471075027814676,0.00988105319471855,0.07271222816949466
1,Lasso,SNPs,-,336783,0.371350846094808,0.725519239441832,0.9946475374621091,0.046405340770777084,0.5072660068898781,0.36438359337684784,0.01947371802065273,0.11299704729893147
2,ElasticNet,SNPs,-,336783,0.39297467555197335,0.7258029490215416,0.8604797294183409,0.3693594693080169,0.33655223919879595,0.33335431995065606,0.09279930299057136,0.13258771727695656
