,Model_Name,feature_represenation,variance_maintained,Dimentionality,r2_summary,RMSE_summary,r2_train,RMSE_train,standard_error_r2,standard_error_RMSE,standard_error_r2_train,standard_error_RMSE_train
0,Ridge,SNPs,-,358874,0.72875524347543,0.5109714980889412,1.0,1.6411121411706675e-13,0.1393091565768661,0.16346700383784135,0.0,1.4277985429976907e-14
1,Lasso,SNPs,-,358874,0.6949354311000216,0.5411776194663686,0.988919850358806,0.06947763638784288,0.13360696052014706,0.12482966673913526,0.03563262643670714,0.1657148310439662
2,ElasticNet,SNPs,-,358874,0.6891106270776179,0.5484281172564003,0.9253770009311251,0.26975410258154936,0.12220826595413838,0.14115595314612137,0.048017594340541016,0.08556158433123473
