,Model_Name,feature_represenation,variance_maintained,Dimentionality,r2_summary,RMSE_summary,r2_train,RMSE_train,standard_error_r2,standard_error_RMSE,standard_error_r2_train,standard_error_RMSE_train
0,Ridge,SNPs,-,325450,0.07067074154408298,0.9152521787895277,0.9867334431596047,0.10159477665094478,0.300547241580925,0.30372077639877243,0.023530860323430988,0.11367105593246464
1,Lasso,SNPs,-,325450,-0.010963596148755717,0.9548356035400354,0.5013748444530095,0.6786943909795677,0.26348182085112903,0.2886985213725058,0.5147879235046564,0.4081057366377577
2,ElasticNet,SNPs,-,325450,0.01928324669025807,0.9414499043744258,0.5460854979761661,0.6666592012536025,0.2722206650640901,0.3138654555224453,0.24630752465476297,0.17805833797891757
