,Model_Name,feature_represenation,variance_maintained,Dimentionality,r2_summary,RMSE_summary,r2_train,RMSE_train,standard_error_r2,standard_error_RMSE,standard_error_r2_train,standard_error_RMSE_train
0,Ridge,SNPs,-,322648,0.01072510209459233,0.9617557227030833,0.73285319299692,0.4850554952101967,0.11427146668732906,0.430083156689306,0.2743917112181964,0.38657567282620375
1,Lasso,SNPs,-,322648,-0.03475166865668618,0.9836988230433829,0.08890178343704988,0.9528040252262606,0.055215621387315006,0.4325718537257196,0.21811178629192546,0.13829260974541455
2,ElasticNet,SNPs,-,322648,-0.01587284876760676,0.9747050808912892,0.10588162696325812,0.9427015071030649,0.07400076267779838,0.43113357323175394,0.23745975828380944,0.12960180599330098
