,Model_Name,feature_represenation,variance_maintained,Dimentionality,r2_summary,RMSE_summary,r2_train,RMSE_train,standard_error_r2,standard_error_RMSE,standard_error_r2_train,standard_error_RMSE_train
0,Ridge,SNPs,-,323224,-0.030544853138645724,1.0003299765787814,0.14957556111945547,0.9220194565014249,0.06387019731439972,0.16194173791124858,0.0031828840874931334,0.01654789089052286
1,Lasso,SNPs,-,323224,-0.027513077456852896,0.9990188435644327,0.0001447677644136114,0.9997508605360526,0.05756641767058758,0.16466246744781776,0.0008972798999424276,0.018310898184481866
2,ElasticNet,SNPs,-,323224,-0.027299582527158407,0.998903840993204,0.0,0.9998224606227714,0.05771970594186193,0.16437169498919676,0.0,0.018120787633188577
