,Model_Name,feature_represenation,variance_maintained,Dimentionality,r2_summary,RMSE_summary,r2_train,RMSE_train,standard_error_r2,standard_error_RMSE,standard_error_r2_train,standard_error_RMSE_train
0,Ridge,SNPs,-,288753,-0.0698305781876928,0.9860782125712434,0.4174524439191134,0.7441759813392385,0.25085491560660306,0.37903888761153226,0.4854172241910068,0.33677549074532453
1,Lasso,SNPs,-,288753,-0.08546936983267601,0.9909601858339081,0.37394995336112835,0.7098202448162741,0.3861874310142912,0.3849286260190224,0.8094576453543089,0.7178709033917643
2,ElasticNet,SNPs,-,288753,-0.07669199100615584,0.9904392856391472,0.025180154032964662,0.9856201065263461,0.175385838114623,0.37887649844268667,0.15606821161296464,0.08790925644146275
