,Model_Name,feature_represenation,variance_maintained,Dimentionality,r2_summary,RMSE_summary,r2_train,RMSE_train,standard_error_r2,standard_error_RMSE,standard_error_r2_train,standard_error_RMSE_train
0,Ridge,SNPs,-,358874,0.3920839562622369,0.7679764147505602,0.9915998988862377,0.07930493420850512,0.18581903729546664,0.16380642508771767,0.013069287283939173,0.09559502803631728
1,Lasso,SNPs,-,358874,0.30001587497014925,0.8250049935435955,0.6268633150033704,0.5773365249271862,0.1417866604391841,0.1405995220440446,0.4085346337519659,0.4198965375040576
2,ElasticNet,SNPs,-,358874,0.356891941403429,0.7921827876447226,0.7274703637250526,0.5163975282921551,0.09647917697966886,0.1493437526683157,0.17242047405585315,0.16113700458360292
