,Model_Name,feature_represenation,variance_maintained,Dimentionality,r2_summary,RMSE_summary,r2_train,RMSE_train,standard_error_r2,standard_error_RMSE,standard_error_r2_train,standard_error_RMSE_train
0,Ridge,SNPs,-,290236,-0.01420233951264559,0.9851570531058963,0.3742343353218916,0.7893660332951019,0.19016347495600897,0.23557628763389127,0.14042018364432762,0.0851248721589009
1,Lasso,SNPs,-,290236,-0.013246112386727482,0.9837309721009431,0.2982642239939723,0.8179235870777075,0.20436718806036436,0.22568119650604068,0.563773491363731,0.35208041706554427
2,ElasticNet,SNPs,-,290236,-0.032186065553352274,0.9962971860633931,0.050873413970830984,0.9733434941352169,0.08289128178157025,0.24968689644013065,0.1207631420183925,0.05486848420219359
