,Model_Name,feature_represenation,variance_maintained,Dimentionality,r2_summary,RMSE_summary,r2_train,RMSE_train,standard_error_r2,standard_error_RMSE,standard_error_r2_train,standard_error_RMSE_train
0,Ridge,SNPs,-,295534,-0.2551069970928859,1.0024521305717051,0.40790154283652424,0.7582957164054552,0.9307006533248285,0.37014083727726005,0.41045412157429484,0.2502573036088836
1,Lasso,SNPs,-,295534,-0.31190805843731906,1.0366450734785877,0.18444641602100428,0.851535616273338,0.8757168485173239,0.4745807880937603,0.7172575745668934,0.639679679635103
2,ElasticNet,SNPs,-,295534,-0.249186429553315,1.0040815381073531,0.10419446504247304,0.9412010815150252,0.8428708376983273,0.36475697450655736,0.3248106270594494,0.1783556061295627
