,Model_Name,feature_represenation,variance_maintained,Dimentionality,r2_summary,RMSE_summary,r2_train,RMSE_train,standard_error_r2,standard_error_RMSE,standard_error_r2_train,standard_error_RMSE_train
0,Ridge,SNPs,-,358874,0.6653755340292493,0.5652810842285588,0.9999983112786613,0.00042068786775160277,0.2106916063774256,0.23882858691506578,1.0466695846915542e-05,0.002589066240725103
1,Lasso,SNPs,-,358874,0.45750502351842925,0.7037865676870133,0.971499137659346,0.1407173711805803,0.6053195177185641,0.41930859994443187,0.04942288176193277,0.1980044440687241
2,ElasticNet,SNPs,-,358874,0.6198478106836711,0.6015470097803942,0.8516599581558978,0.3801952619290524,0.23083697896791236,0.23341019872276364,0.09404934618618567,0.13702361118434642
