,Model_Name,feature_represenation,variance_maintained,Dimentionality,r2_summary,RMSE_summary,r2_train,RMSE_train,standard_error_r2,standard_error_RMSE,standard_error_r2_train,standard_error_RMSE_train
0,Ridge,SNPs,-,358874,0.48847554799900383,0.6887828900290529,1.0,2.5668513464012604e-13,0.40734757787920345,0.23561422447950228,0.0,1.8273396881205958e-14
1,Lasso,SNPs,-,358874,0.4227450185949773,0.7318368682778735,0.9213174931253552,0.25208301022612356,0.43745453119024147,0.268569065066756,0.11346927609048515,0.24939123308148653
2,ElasticNet,SNPs,-,358874,0.44776545755619435,0.7226274809433537,0.8673925265106627,0.3579429860422528,0.32514876242476665,0.23270311032494542,0.09796078093172852,0.1319150366612886
