,Model_Name,feature_represenation,variance_maintained,Dimentionality,r2_summary,RMSE_summary,r2_train,RMSE_train,standard_error_r2,standard_error_RMSE,standard_error_r2_train,standard_error_RMSE_train
0,Ridge,SNPs,-,327452,0.12152283059477195,0.908902548095164,0.978663962394271,0.11677004430826146,0.2402954780389932,0.24493511135179544,0.047021700086524926,0.17669740922887126
1,Lasso,SNPs,-,327452,0.027639427480676004,0.9570417358934157,0.5585558107567299,0.6497970184563462,0.18541377024233108,0.2338837072283686,0.35312401155346806,0.27972662922051894
2,ElasticNet,SNPs,-,327452,0.07823751242694973,0.931197547189765,0.515083890066795,0.6907518574348384,0.1820196440750702,0.21587174147433644,0.24644108925826536,0.1794151385375395
