,Model_Name,feature_represenation,variance_maintained,Dimentionality,r2_summary,RMSE_summary,r2_train,RMSE_train,standard_error_r2,standard_error_RMSE,standard_error_r2_train,standard_error_RMSE_train
0,Ridge,SNPs,-,358874,0.6499077767494905,0.5766024324882131,0.9998910880726708,0.0032921592981997464,0.23322993787194937,0.19496364167606114,0.0006750431192490036,0.020405014730781434
1,Lasso,SNPs,-,358874,0.6094882006140737,0.6073139193610003,0.9655808539561632,0.17004241843584691,0.27639659699798286,0.22976810861714,0.04796134041417541,0.15120991840676168
2,ElasticNet,SNPs,-,358874,0.6085240232222386,0.6134648198979691,0.85859648029278,0.36698777234984514,0.21002144084806276,0.1955131634389629,0.12094576580306123,0.16580726535977605
