,Model_Name,feature_represenation,variance_maintained,Dimentionality,r2_summary,RMSE_summary,r2_train,RMSE_train,standard_error_r2,standard_error_RMSE,standard_error_r2_train,standard_error_RMSE_train
0,Ridge,SNPs,-,366297,0.735903932602379,0.49565963358716597,0.9996046230705496,0.006249818479602091,0.21502858314276754,0.22239708555090773,0.0024505715974394923,0.03873677626083297
1,Lasso,SNPs,-,366297,0.6813538614945248,0.5453221323259942,0.9466055273103706,0.2168240796583107,0.23145173459513418,0.21210125502985056,0.06588141346268711,0.16051759893167172
2,ElasticNet,SNPs,-,366297,0.6909036620514833,0.5393411847126204,0.8805518224653753,0.33799775583152275,0.20991861137643852,0.21324222997272638,0.09129843016131205,0.14616989150791748
