,Model_Name,feature_represenation,variance_maintained,Dimentionality,r2_summary,RMSE_summary,r2_train,RMSE_train,standard_error_r2,standard_error_RMSE,standard_error_r2_train,standard_error_RMSE_train
0,Ridge,SNPs,-,232075,0.02246868760676769,0.9522413382346515,0.5207770860311545,0.6882714827971157,0.3880237894376605,0.4500786376424689,0.20083062207594557,0.16456279507086163
1,Lasso,SNPs,-,232075,-0.0740013923417325,0.9965977225978524,0.10925036113699786,0.9402991329020353,0.15507411252215947,0.3857568565237398,0.31083573909306217,0.1880609267122265
2,ElasticNet,SNPs,-,232075,-0.058832072607202704,0.9886479403882635,0.022408227895396614,0.9878788179744891,0.11856652511010751,0.36638010448921976,0.09665306129012048,0.058118757006831806
