,Model_Name,feature_represenation,variance_maintained,Dimentionality,r2_summary,RMSE_summary,r2_train,RMSE_train,standard_error_r2,standard_error_RMSE,standard_error_r2_train,standard_error_RMSE_train
0,Ridge,SNPs,-,320251,0.08953839467532189,0.872385660551011,0.9455113006221608,0.22199044725013609,0.34905581703725147,0.6761721736084672,0.06375462118301242,0.1604820995312302
1,Lasso,SNPs,-,320251,-0.0756811225307213,0.9443021491144092,0.29846890691175565,0.7773739968479776,0.358742271959622,0.6878415979566899,0.8224184039959178,0.7069159722150729
2,ElasticNet,SNPs,-,320251,-0.029503331543543964,0.9330779072190073,0.09985473223201427,0.9439372749863594,0.1478816486472607,0.7243812831528614,0.31570746931503035,0.22066113318972166
