,Model_Name,feature_represenation,variance_maintained,Dimentionality,r2_summary,RMSE_summary,r2_train,RMSE_train,standard_error_r2,standard_error_RMSE,standard_error_r2_train,standard_error_RMSE_train
0,Ridge,SNPs,-,305506,-1.042617242961125,0.8730052809514426,0.363408224398399,0.7652129088789219,5.465327988723632,1.0181602960840412,0.6876351156658069,0.4821567665869524
1,Lasso,SNPs,-,305506,-0.8464248988234183,0.8666811420291284,0.17046697611320985,0.8982427671187457,4.25393648592717,1.0222581759960767,0.4411074870824511,0.2798409624571899
2,ElasticNet,SNPs,-,305506,-0.8448648103329431,0.8649776066593174,0.0,0.9970692100912141,4.345634934958884,1.025812009808196,0.0,0.14717447398971975
