,Model_Name,feature_represenation,variance_maintained,Dimentionality,r2_summary,RMSE_summary,r2_train,RMSE_train,standard_error_r2,standard_error_RMSE,standard_error_r2_train,standard_error_RMSE_train
0,Ridge,SNPs,-,325513,0.03404382934256275,0.9207449717901313,0.8100887591299303,0.4286881400456766,0.37152043326799955,0.5857680526062354,0.1328302837315969,0.1806497257717004
1,Lasso,SNPs,-,325513,-0.09331065342529085,0.9803225731236237,0.23145157185001863,0.8588574173738035,0.23601913193846086,0.5881568604350955,0.5618754775890498,0.37121510333331204
2,ElasticNet,SNPs,-,325513,-0.0310346603767221,0.9541941843028153,0.062087898010011064,0.966150308826811,0.16014261766876836,0.5817022088250154,0.213463438682739,0.12697520973785
