,Model_Name,feature_represenation,variance_maintained,Dimentionality,r2_summary,RMSE_summary,r2_train,RMSE_train,standard_error_r2,standard_error_RMSE,standard_error_r2_train,standard_error_RMSE_train
0,Ridge,SNPs,-,323409,-0.20615671797903928,0.788130959659713,0.9456509248536341,0.06602049024226433,0.6330114307235478,1.2415117978102594,0.3366746238980336,0.39502542789996914
1,Lasso,SNPs,-,323409,-0.12920832530586793,0.7813727189265697,0.22125682309066141,0.8643289652455101,0.41543823806049535,1.2695091434589751,0.5030514776229953,0.36433335038617826
2,ElasticNet,SNPs,-,323409,-0.18337404833815987,0.7950523568273933,-2.2204460492503132e-17,0.995483466844824,0.40469439032123666,1.2732250264589415,1.3762467196820668e-16,0.19115855664306652
