,Model_Name,feature_represenation,variance_maintained,Dimentionality,r2_summary,RMSE_summary,r2_train,RMSE_train,standard_error_r2,standard_error_RMSE,standard_error_r2_train,standard_error_RMSE_train
0,Ridge,SNPs,-,358874,0.8248783490463875,0.4074044191054829,1.0,1.3678973059817932e-13,0.12239584230287298,0.16508235978055183,0.0,8.50918553706494e-15
1,Lasso,SNPs,-,358874,0.7772265378569158,0.4574844951164295,0.9944499617190194,0.055082193935889714,0.1497963404219058,0.1442930726102209,0.0153642170344904,0.10370413775824634
2,ElasticNet,SNPs,-,358874,0.7994073280769871,0.43685163852982895,0.9541575358416408,0.2103722301879059,0.12728934017746868,0.15908796078395784,0.032843557973229284,0.08034356198950995
