,Model_Name,feature_represenation,variance_maintained,Dimentionality,r2_summary,RMSE_summary,r2_train,RMSE_train,standard_error_r2,standard_error_RMSE,standard_error_r2_train,standard_error_RMSE_train
0,Ridge,SNPs,-,306574,0.045748327533343534,0.9546091129867303,0.6516558785569988,0.5883004070790314,0.2329828150693127,0.14347119501326103,0.10422865498654965,0.10294671247024259
1,Lasso,SNPs,-,306574,-0.03680519824938004,0.999455580055113,0.19500487520390578,0.8892503792924451,0.13648294478196227,0.19652898019567275,0.41819482003146086,0.2555724177932499
2,ElasticNet,SNPs,-,306574,0.023002475405821243,0.9673195900704721,0.45775171103160694,0.7234287031609541,0.19126495105577263,0.15085981137677856,0.4067655008480187,0.27436862807129014
