,Model_Name,feature_represenation,variance_maintained,Dimentionality,r2_summary,RMSE_summary,r2_train,RMSE_train,standard_error_r2,standard_error_RMSE,standard_error_r2_train,standard_error_RMSE_train
0,Ridge,SNPs,-,306956,-0.20893251728604856,0.8867234510067515,0.9461539927121468,0.17996360595260458,1.2285369831362267,0.8752082830841067,0.14825000786420928,0.3070004592058656
1,Lasso,SNPs,-,306956,-0.31536779074890053,0.9266136933480125,-4.4408920985006264e-17,0.9984754116010869,0.8723484072175374,0.8279772548256854,1.834995626242756e-16,0.09517077027496049
2,ElasticNet,SNPs,-,306956,-0.3153677900371829,0.9266136931435285,0.0,0.9984754116010869,0.8723483971828513,0.8279772546206448,0.0,0.09517077027496049
