,Model_Name,feature_represenation,variance_maintained,Dimentionality,r2_summary,RMSE_summary,r2_train,RMSE_train,standard_error_r2,standard_error_RMSE,standard_error_r2_train,standard_error_RMSE_train
0,Ridge,SNPs,-,323224,-0.005909545665177674,0.9605005472236944,0.7694943427352339,0.4626030141780618,0.19465676311061497,0.4127913701185357,0.2332910754478419,0.252840692703746
1,Lasso,SNPs,-,323224,-0.028839883698712564,0.9729633259765262,0.2398679326873033,0.8669809101841334,0.14649795904245597,0.42665965101552605,0.3063792577817136,0.19382257804694963
2,ElasticNet,SNPs,-,323224,-0.02136671120299649,0.9704658335818943,0.14288057808922291,0.9222302945835776,0.14445071198020906,0.43751147305104976,0.2877330692086964,0.17254654314250747
