,Model_Name,feature_represenation,variance_maintained,Dimentionality,r2_summary,RMSE_summary,r2_train,RMSE_train,standard_error_r2,standard_error_RMSE,standard_error_r2_train,standard_error_RMSE_train
0,Ridge,SNPs,-,318434,0.1131633080713666,0.9094135375756105,0.9927929155235957,0.032946941659262895,0.349041731615352,0.3040844573585618,0.041516975311460945,0.15636235837108053
1,Lasso,SNPs,-,318434,0.1283753576249257,0.8997496482612725,0.7087827190931657,0.5101666426251158,0.3112463245230777,0.2539342142138793,0.32800763596615673,0.35907779074225127
2,ElasticNet,SNPs,-,318434,0.10442975613941263,0.9164699648673318,0.6022188742275355,0.619852836788252,0.25437296025677486,0.2948106735308443,0.2700210564555255,0.23071568024426575
