,Model_Name,feature_represenation,variance_maintained,Dimentionality,r2_summary,RMSE_summary,r2_train,RMSE_train,standard_error_r2,standard_error_RMSE,standard_error_r2_train,standard_error_RMSE_train
0,Ridge,SNPs,-,366534,0.6716660762318087,0.5667087999791403,0.9885893457880873,0.10593509380205135,0.07765474697872325,0.09594094562990638,0.0059367128197431885,0.029435050263002173
1,Lasso,SNPs,-,366534,0.654993602596895,0.5799475347161237,0.8781325162080269,0.34538451042400603,0.08434683818006652,0.07631493149247073,0.07684418559053378,0.11340754738169011
2,ElasticNet,SNPs,-,366534,0.653151986314172,0.5824824136415084,0.8848179329706369,0.33665228923828977,0.07410165020053094,0.09253141103765138,0.056550453125645876,0.08930692473934891
