,Model_Name,feature_represenation,variance_maintained,Dimentionality,r2_summary,RMSE_summary,r2_train,RMSE_train,standard_error_r2,standard_error_RMSE,standard_error_r2_train,standard_error_RMSE_train
0,Ridge,SNPs,-,281659,-0.2186691636297594,0.9414545881275362,0.8342008088122469,0.379271255848467,0.9019327897555454,0.36779450425714993,0.183339010878053,0.31006758222656833
1,Lasso,SNPs,-,281659,0.2899463919764186,0.7117176552805423,0.7251830144987739,0.5106230864972136,0.7660071848652036,0.39969905868441113,0.22067250648379585,0.24050359812708458
2,ElasticNet,SNPs,-,281659,0.2239434269111421,0.7493772732710215,0.4955672772615667,0.705609825222196,0.6412460877431192,0.347751210093283,0.22263813916550054,0.17473475543887357
