,Model_Name,feature_represenation,variance_maintained,Dimentionality,r2_summary,RMSE_summary,r2_train,RMSE_train,standard_error_r2,standard_error_RMSE,standard_error_r2_train,standard_error_RMSE_train
0,Ridge,SNPs,-,323224,0.07926136963182809,0.9491496110811086,0.851827431325363,0.380861370986486,0.17942965645944506,0.18969745882845737,0.08759304707643145,0.11631810433314374
1,Lasso,SNPs,-,323224,-0.028975156849458072,1.0046106174315776,0.2262808438531833,0.8737652335911139,0.15638076055968425,0.20636169940933624,0.34977184923199145,0.20403236076837553
2,ElasticNet,SNPs,-,323224,0.04294713115781905,0.9694769446078457,0.3409770006917379,0.8012149213590604,0.07589241149054404,0.1930975218112008,0.39373488413390956,0.26006929269989815
