,Model_Name,feature_represenation,variance_maintained,Dimentionality,r2_summary,RMSE_summary,r2_train,RMSE_train,standard_error_r2,standard_error_RMSE,standard_error_r2_train,standard_error_RMSE_train
0,Ridge,SNPs,-,295534,-0.12163286660616456,0.9209906197016081,0.5973856305703853,0.6303643573538174,0.8393873458128164,0.5889687081173315,0.15120702290773255,0.1097987294761371
1,Lasso,SNPs,-,295534,-0.30200893677435225,0.9902667051222283,0.20209343697762563,0.8812155173343057,0.8480320514983983,0.5730600137670283,0.5248122340419076,0.3784485634763971
2,ElasticNet,SNPs,-,295534,-0.31570380784977786,0.9782689688037216,0.16007380830481602,0.9063781962084296,0.9908441478637027,0.48116552425262965,0.4001361910807676,0.24742408092950044
