,Model_Name,feature_represenation,variance_maintained,Dimentionality,r2_summary,RMSE_summary,r2_train,RMSE_train,standard_error_r2,standard_error_RMSE,standard_error_r2_train,standard_error_RMSE_train
0,Ridge,SNPs,-,358874,0.7789744052636414,0.4497836169857865,1.0,1.547202295267672e-13,0.28060348079224473,0.43851322277955884,0.0,1.685012013736325e-14
1,Lasso,SNPs,-,358874,0.726124358671229,0.5020474242512918,0.9900101199258373,0.07248638517576134,0.2734461072634505,0.39152260717768683,0.02748853662543859,0.1429320857504297
2,ElasticNet,SNPs,-,358874,0.7196170666157007,0.5094462065749943,0.9025385822638057,0.30921058627082404,0.2739417162871335,0.4037421695136415,0.0590832771670447,0.1031173541320995
