,Model_Name,feature_represenation,variance_maintained,Dimentionality,r2_summary,RMSE_summary,r2_train,RMSE_train,standard_error_r2,standard_error_RMSE,standard_error_r2_train,standard_error_RMSE_train
0,Ridge,SNPs,-,209593,0.14111582301932074,0.6530807602157331,1.0,3.478720770264781e-13,1.141436625836197,0.4731905663690137,0.0,3.713127495301945e-14
1,Lasso,SNPs,-,209593,-0.3134267208367768,0.7681693033811918,0.963558065441757,0.15772668248688945,2.4927312415600382,0.5044010875578924,0.07755705608990773,0.19661043720633128
2,ElasticNet,SNPs,-,209593,-0.5905328850415223,0.8783471365804778,0.48650023304734324,0.6707384278688497,2.2400829190028477,0.672967669951339,0.6588579703822213,0.4989655074525281
