,Model_Name,feature_represenation,variance_maintained,Dimentionality,r2_summary,RMSE_summary,r2_train,RMSE_train,standard_error_r2,standard_error_RMSE,standard_error_r2_train,standard_error_RMSE_train
0,Ridge,SNPs,-,334224,-0.03636242908929321,0.9635466006860601,0.867813313797577,0.3440930773495223,0.47610016729482585,0.18045187353088682,0.21273692283959356,0.23426635366462004
1,Lasso,SNPs,-,334224,-0.08284124515014693,0.9993563490086133,-8.881784197001253e-17,0.9995630594686169,0.1172228708673286,0.23549589648177066,4.2045031785851613e-16,0.02471698134140039
2,ElasticNet,SNPs,-,334224,-0.0925285530293926,1.0013646274758223,0.19762106409446395,0.8871408391020156,0.1863122646506383,0.2108264932148716,0.4171843548621817,0.23483803882105952
