,Model_Name,feature_represenation,variance_maintained,Dimentionality,r2_summary,RMSE_summary,r2_train,RMSE_train,standard_error_r2,standard_error_RMSE,standard_error_r2_train,standard_error_RMSE_train
0,Ridge,SNPs,-,358874,0.5555484425991946,0.6548200414348011,0.992851155792255,0.074039260724024,0.2504661691450816,0.3015491934238932,0.013832051111401594,0.0848865783030333
1,Lasso,SNPs,-,358874,0.4840319838938456,0.7036326002130016,0.8739599031197541,0.34984502537343926,0.285687034725688,0.29651947896654457,0.09161080793664596,0.13305710589720682
2,ElasticNet,SNPs,-,358874,0.5087372916101587,0.6891486866126587,0.7762183900232268,0.4676513687911155,0.234758749902562,0.28797774888437666,0.1465884357910791,0.1565471723621414
