,Model_Name,feature_represenation,variance_maintained,Dimentionality,r2_summary,RMSE_summary,r2_train,RMSE_train,standard_error_r2,standard_error_RMSE,standard_error_r2_train,standard_error_RMSE_train
0,Ridge,SNPs,-,358874,0.6294133559436091,0.5989746888261516,1.0,1.9990747171848571e-13,0.24867826514288213,0.3375381240517708,0.0,1.9120268011906603e-14
1,Lasso,SNPs,-,358874,0.5440881594808741,0.6666558286826315,0.9068258107725284,0.2664184878941926,0.18922094757073787,0.28951796020065906,0.16104045403151632,0.31117247564116407
2,ElasticNet,SNPs,-,358874,0.5885907918658599,0.6326749155258492,0.9300920462805768,0.2560507159083701,0.22824670546871179,0.3226616056406381,0.07450015514881449,0.14488141602686902
