,Model_Name,feature_represenation,variance_maintained,Dimentionality,r2_summary,RMSE_summary,r2_train,RMSE_train,standard_error_r2,standard_error_RMSE,standard_error_r2_train,standard_error_RMSE_train
0,Ridge,SNPs,-,331368,0.18669862807044038,0.8530000014928615,0.9991494902072313,0.019036997936113534,0.39312541574461823,0.1920949806258982,0.0022980185512015594,0.04463649280131411
1,Lasso,SNPs,-,331368,0.1269976751712254,0.8860586642231889,0.7696080423511473,0.45219933339828916,0.39459583146609534,0.22130072235473197,0.23155973788709316,0.31922459937824244
2,ElasticNet,SNPs,-,331368,0.11141261127109944,0.8992468684141514,0.5722892500476482,0.6454311443902916,0.2810522643007478,0.2288732322557642,0.2579938530732051,0.206845185569374
