,Model_Name,feature_represenation,variance_maintained,Dimentionality,r2_summary,RMSE_summary,r2_train,RMSE_train,standard_error_r2,standard_error_RMSE,standard_error_r2_train,standard_error_RMSE_train
0,Ridge,SNPs,-,323224,0.05746818554244657,0.9466195395366128,0.7223105004128747,0.5216421581329579,0.12593788917706777,0.2909472301574444,0.1537472185956284,0.15569529874860044
1,Lasso,SNPs,-,323224,-0.0025718034895211516,0.9764362644875035,0.46836966005684266,0.7178893482999202,0.14459227761628446,0.3018963070702171,0.41196345845467625,0.2593616340625175
2,ElasticNet,SNPs,-,323224,0.034193566197525505,0.9607407414400807,0.4145967634027952,0.757679898128108,0.10242761672620491,0.3196881618592406,0.29591194287206557,0.22000879889049027
