,Model_Name,feature_represenation,variance_maintained,Dimentionality,r2_summary,RMSE_summary,r2_train,RMSE_train,standard_error_r2,standard_error_RMSE,standard_error_r2_train,standard_error_RMSE_train
0,Ridge,SNPs,-,305506,-0.11472501798617399,0.9917055291674012,0.6275896722360689,0.5619005389087043,0.22013875064849614,0.5230956214763578,0.6548962780943107,0.45211379736488055
1,Lasso,SNPs,-,305506,-0.15005196074266225,0.9996181263981273,0.33458677691368915,0.7113249523140697,0.533002349073439,0.5105391006014854,0.8801225945093762,0.7936904611860558
2,ElasticNet,SNPs,-,305506,-0.09696555118545495,0.9823336636819855,0.03914654080565834,0.9779423526620145,0.26032052623034874,0.5108028629891275,0.1809787045996909,0.10049796073626886
