,Model_Name,feature_represenation,variance_maintained,Dimentionality,r2_summary,RMSE_summary,r2_train,RMSE_train,standard_error_r2,standard_error_RMSE,standard_error_r2_train,standard_error_RMSE_train
0,Ridge,SNPs,-,323224,-0.014705852510759742,0.9815734625213312,0.5250859854258594,0.6857597491559377,0.12768325771525268,0.3019017146957761,0.20168418918647746,0.16436207294049623
1,Lasso,SNPs,-,323224,-0.045764293371715725,0.9946219911441609,-2.2204460492503132e-17,0.9996733622909635,0.12670652787825187,0.2778719786012316,2.470438466922057e-16,0.03318518422607515
2,ElasticNet,SNPs,-,323224,-0.061959274691806135,1.0021569774133656,0.10561400066417213,0.9427001349847025,0.14396064952362145,0.2793419312957233,0.2859377228478505,0.16966081070620354
