,Model_Name,feature_represenation,variance_maintained,Dimentionality,r2_summary,RMSE_summary,r2_train,RMSE_train,standard_error_r2,standard_error_RMSE,standard_error_r2_train,standard_error_RMSE_train
0,Ridge,SNPs,-,322088,-0.03835611459898952,0.9332756452356847,0.7556184318930186,0.48160445209512204,0.2534987661855504,0.6863229250041898,0.21457159526950684,0.2503504128057499
1,Lasso,SNPs,-,322088,-0.04563283032191432,0.9410898521576065,0.016018307683534606,0.9913861938410314,0.0894143840697456,0.69992239579178,0.0814211215594477,0.12361887556437567
2,ElasticNet,SNPs,-,322088,-0.055089931973251,0.9443761075904202,0.07528297677623771,0.9554041597304971,0.11556371321781511,0.700953775292676,0.31608393715482624,0.17977379728647946
