,Model_Name,feature_represenation,variance_maintained,Dimentionality,r2_summary,RMSE_summary,r2_train,RMSE_train,standard_error_r2,standard_error_RMSE,standard_error_r2_train,standard_error_RMSE_train
0,Ridge,SNPs,-,334224,-0.07261455409138254,1.0061616142122196,0.01222033097151507,0.993553096543928,0.1625107792058824,0.025390681478283945,0.0005341671778081024,0.0025577199971886233
1,Lasso,SNPs,-,334224,-0.07259900922035827,1.0061605034671495,-1.3322676295501878e-16,0.9996800287351338,0.16195802593948305,0.0249679365785417,7.662617440307531e-16,0.0024519598132919625
2,ElasticNet,SNPs,-,334224,-0.07259901035398979,1.0061605039714125,1.1102230246251566e-17,0.9996800287351338,0.16195802850822552,0.024967938700662027,6.683422117836844e-16,0.0024519598132919226
