,Model_Name,feature_represenation,variance_maintained,Dimentionality,r2_summary,RMSE_summary,r2_train,RMSE_train,standard_error_r2,standard_error_RMSE,standard_error_r2_train,standard_error_RMSE_train
0,Ridge,SNPs,-,331484,-0.0752726196373774,1.0083710532601748,0.33590043229571176,0.804122332454072,0.2549133138348469,0.2735684748617556,0.38308919050292745,0.2640697059478278
1,Lasso,SNPs,-,331484,-0.049675059031349125,0.9983449545218889,0.03887696758181908,0.9790912055644266,0.11128208116352892,0.2715641111318885,0.16070958147328532,0.08335552929372482
2,ElasticNet,SNPs,-,331484,-0.041233654827772616,0.994332236030165,0.0,0.9996939242558551,0.06336578094600359,0.26548123651214117,2.0515874793467993e-16,0.027083194332555904
