,Model_Name,feature_represenation,variance_maintained,Dimentionality,r2_summary,RMSE_summary,r2_train,RMSE_train,standard_error_r2,standard_error_RMSE,standard_error_r2_train,standard_error_RMSE_train
0,Ridge,SNPs,-,305506,-0.016070178650195877,0.9930116571565436,0.7116475273283971,0.4964865607404894,0.14985063963839612,0.34983879597909007,0.49249938624752904,0.43522604683085886
1,Lasso,SNPs,-,305506,-0.021660593142881168,0.9954831963318981,0.44427095164642233,0.6578673696676616,0.24700430771593504,0.37150013160456885,0.8265285588617022,0.754749564408319
2,ElasticNet,SNPs,-,305506,-0.01247111428118448,0.9904128627649126,0.046168610327793604,0.9756536736438539,0.01758905168617989,0.31872258725738556,0.20161024963860308,0.13273678103525896
