,Model_Name,feature_represenation,variance_maintained,Dimentionality,r2_summary,RMSE_summary,r2_train,RMSE_train,standard_error_r2,standard_error_RMSE,standard_error_r2_train,standard_error_RMSE_train
0,Ridge,SNPs,-,330648,0.13519342911766305,0.8953199558351752,0.8439818612768887,0.3877352100818082,0.27594904080061833,0.3705255068681793,0.09049794378947865,0.16087736822714357
1,Lasso,SNPs,-,330648,0.09994028670841319,0.911166206331105,0.7767938606489347,0.44086768759725115,0.2474799844763238,0.34836122289641636,0.2511765063672985,0.35329797180103056
2,ElasticNet,SNPs,-,330648,0.04685562957342354,0.9371055664438088,0.43236454947295333,0.7396969530367414,0.1923442956663496,0.3327112176727737,0.44113957876593995,0.3225902434888957
