,Model_Name,feature_represenation,variance_maintained,Dimentionality,r2_summary,RMSE_summary,r2_train,RMSE_train,standard_error_r2,standard_error_RMSE,standard_error_r2_train,standard_error_RMSE_train
0,Ridge,SNPs,-,326322,0.5847346108309149,0.6096729596865774,0.9999999999997207,5.239981361525302e-07,0.27619501461828755,0.21603880376929713,1.511394971871238e-13,1.2783053762346441e-07
1,Lasso,SNPs,-,326322,0.2468575533606995,0.8079632624969695,0.9926712043150999,0.05239112668807757,0.729293339156641,0.36623354064025426,0.025180646060210844,0.14095921757111332
2,ElasticNet,SNPs,-,326322,0.5489153964585891,0.6371699418176001,0.9257935648200499,0.2618039755209796,0.27363285782554553,0.21119400044669945,0.08513486240436331,0.16092080795307642
