,Model_Name,feature_represenation,variance_maintained,Dimentionality,r2_summary,RMSE_summary,r2_train,RMSE_train,standard_error_r2,standard_error_RMSE,standard_error_r2_train,standard_error_RMSE_train
0,Ridge,SNPs,-,334224,-0.06345973183731893,1.0038600568571021,0.47241604506043217,0.7234037748365998,0.35753634391069666,0.14301782825460252,0.18320990703186185,0.1245140371377088
1,Lasso,SNPs,-,334224,-0.0574810093227172,1.004960051946799,0.022580045970960326,0.9877315915249774,0.13054899851700424,0.08824634628394903,0.1399525748815077,0.07530415236696558
2,ElasticNet,SNPs,-,334224,-0.07106051324143012,1.0107836766789198,0.03628891488248055,0.9807150705085698,0.173102658513623,0.09017628731784369,0.1500712239348478,0.08070311990987737
