,Model_Name,feature_represenation,variance_maintained,Dimentionality,r2_summary,RMSE_summary,r2_train,RMSE_train,standard_error_r2,standard_error_RMSE,standard_error_r2_train,standard_error_RMSE_train
0,Ridge,SNPs,-,327819,0.10285069411051065,0.9297724667906502,0.8798408767299422,0.3274976236987759,0.22502377156126674,0.24227027490229072,0.13699341962808495,0.2339065614432888
1,Lasso,SNPs,-,327819,0.12507719583170512,0.9186876295208132,0.5847698273141516,0.6297506835476216,0.15489397800708202,0.22202619540267982,0.31087363679654456,0.27525646736301557
2,ElasticNet,SNPs,-,327819,0.11091100671054484,0.9269790687484275,0.5702582163291833,0.6462682027250993,0.13133856803763433,0.22957374422624258,0.27514589539086187,0.2152500790772299
