,Model_Name,feature_represenation,variance_maintained,Dimentionality,r2_summary,RMSE_summary,r2_train,RMSE_train,standard_error_r2,standard_error_RMSE,standard_error_r2_train,standard_error_RMSE_train
0,Ridge,SNPs,-,318434,-0.0382890263852204,0.9825997899356192,0.633322327538289,0.5577002587378055,0.17084657877637086,0.34164921869120807,0.4186324217424255,0.4964801763090003
1,Lasso,SNPs,-,318434,-0.09192455624128007,1.0045171513893105,0.11629547200174295,0.9285184811751791,0.18285867287983798,0.31022761745071936,0.4562089361599058,0.29607560303008845
2,ElasticNet,SNPs,-,318434,-0.034998822598868426,0.9780693879920914,0.2722831174378061,0.8501294139183062,0.18213259726249767,0.3061963916034636,0.21814455816399927,0.1261958713897875
