,Model_Name,feature_represenation,variance_maintained,Dimentionality,r2_summary,RMSE_summary,r2_train,RMSE_train,standard_error_r2,standard_error_RMSE,standard_error_r2_train,standard_error_RMSE_train
0,Ridge,SNPs,-,333563,0.5929786075323735,0.6308541918725803,1.0,2.1421564570840024e-13,0.0950617323812982,0.15396947361523236,0.0,1.4484445586772027e-14
1,Lasso,SNPs,-,333563,0.595613257443516,0.6266744027889067,0.9816999048928572,0.12225973644496213,0.09636271220671727,0.11754165363150848,0.032378949804291714,0.11956796096266
2,ElasticNet,SNPs,-,333563,0.5665885397208152,0.6502064312071862,0.9256481586654068,0.26866833205083546,0.08525745349442236,0.1305229821028459,0.05668162308537705,0.10134701758703825
