,Model_Name,feature_represenation,variance_maintained,Dimentionality,r2_summary,RMSE_summary,r2_train,RMSE_train,standard_error_r2,standard_error_RMSE,standard_error_r2_train,standard_error_RMSE_train
0,Ridge,SNPs,-,358874,0.670985989451645,0.5482959408064177,1.0,1.9784533175494145e-13,0.30092241336508985,0.1842088075227407,0.0,1.2646589255375368e-14
1,Lasso,SNPs,-,358874,0.6306855107746699,0.5814019446550203,0.927679601419261,0.2491631952589249,0.3177825696097405,0.18033180046915712,0.08704655868849405,0.20648003162685524
2,ElasticNet,SNPs,-,358874,0.6396152947147257,0.5793455392043874,0.8871101257605333,0.3293727144812942,0.2565255489484309,0.17744376596621075,0.09048980426352606,0.13430288547425176
