,Model_Name,feature_represenation,variance_maintained,Dimentionality,r2_summary,RMSE_summary,r2_train,RMSE_train,standard_error_r2,standard_error_RMSE,standard_error_r2_train,standard_error_RMSE_train
0,Ridge,SNPs,-,327819,-0.08748378892883532,0.912834800415477,0.49798215135023505,0.707497383261287,0.5788917654458661,0.751262499461701,0.11106921408108436,0.12322255249520034
1,Lasso,SNPs,-,327819,-0.0859100653353875,0.9065228323969815,0.5036741348876168,0.6898695109105931,0.6479024193084144,0.7415773152055808,0.3794476522633389,0.3210290012144561
2,ElasticNet,SNPs,-,327819,-0.11371136923226785,0.9308171329419721,0.01909903221853465,0.9891677160546333,0.3686304162633129,0.7658754362531739,0.07610698903786832,0.10117379445889109
