,Model_Name,feature_represenation,variance_maintained,Dimentionality,r2_summary,RMSE_summary,r2_train,RMSE_train,standard_error_r2,standard_error_RMSE,standard_error_r2_train,standard_error_RMSE_train
0,Ridge,SNPs,-,363320,-0.009513774475775883,0.9909712601170474,0.2730533736242507,0.8521598545922073,0.13895671621608935,0.12416514677949828,0.08006421415710588,0.04814312051930816
1,Lasso,SNPs,-,363320,-0.03376141614017397,1.003345215289491,0.05315193673243733,0.9727655313143901,0.0992409340020911,0.12462417073276916,0.05985950092274062,0.029153990722054237
2,ElasticNet,SNPs,-,363320,-0.028323497970706178,1.0008648738069184,0.045681406039249826,0.9763367581061517,0.06922376196779755,0.12164342631966935,0.099402675143451,0.04555354972722057
