,Model_Name,feature_represenation,variance_maintained,Dimentionality,r2_summary,RMSE_summary,r2_train,RMSE_train,standard_error_r2,standard_error_RMSE,standard_error_r2_train,standard_error_RMSE_train
0,Ridge,SNPs,-,321020,0.11253451625354481,0.8934002419219891,1.0,2.5573395094418367e-13,0.38954550748736344,0.4117826870626906,0.0,1.751027959283453e-14
1,Lasso,SNPs,-,321020,0.04801908039232655,0.9250777392673606,0.8190496619617783,0.34792953945190946,0.4687562960583346,0.4401420823770667,0.3703553332198032,0.4889292703030896
2,ElasticNet,SNPs,-,321020,0.06465327415177893,0.922905774028517,0.6721272421784662,0.5493950736432276,0.32346201646682504,0.4371849458140345,0.32952556982000764,0.30765008994097837
