,Model_Name,feature_represenation,variance_maintained,Dimentionality,r2_summary,RMSE_summary,r2_train,RMSE_train,standard_error_r2,standard_error_RMSE,standard_error_r2_train,standard_error_RMSE_train
0,Ridge,SNPs,-,331484,-0.067965787384721,0.995960574402725,0.4805832266243946,0.7145412286085783,0.15824499059909464,0.3025207895933114,0.2653239856865162,0.19451015468796812
1,Lasso,SNPs,-,331484,-0.0985245897393167,1.007200306036934,0.05357642970617589,0.967117181716674,0.24289444985196615,0.2841061922663651,0.33207015167198656,0.19006665422394126
2,ElasticNet,SNPs,-,331484,-0.06328859302527415,0.9943048760695936,0.002824672768150893,0.998180080970263,0.16058535221612294,0.30889791457304483,0.017507503200338708,0.0332974374480249
