,Model_Name,feature_represenation,variance_maintained,Dimentionality,r2_summary,RMSE_summary,r2_train,RMSE_train,standard_error_r2,standard_error_RMSE,standard_error_r2_train,standard_error_RMSE_train
0,Ridge,SNPs,-,363320,-0.006396556645476647,0.9806973881894847,0.21772642042779344,0.8830807385004186,0.060335981879807994,0.3747409276128595,0.18221808051650135,0.1301299362058892
1,Lasso,SNPs,-,363320,-0.013091470977795417,0.9841007083263499,-1.3322676295501878e-16,0.9996570824648785,0.04072675418046002,0.37680789149790084,2.247401482266812e-16,0.05017858135970542
2,ElasticNet,SNPs,-,363320,-0.014337664615926959,0.9846695471656248,0.004330373107887697,0.9974531517344976,0.04285594936189345,0.3765263239177459,0.026839930592963673,0.05070492476286888
