,Model_Name,feature_represenation,variance_maintained,Dimentionality,r2_summary,RMSE_summary,r2_train,RMSE_train,standard_error_r2,standard_error_RMSE,standard_error_r2_train,standard_error_RMSE_train
0,Ridge,SNPs,-,317777,0.48599043862063196,0.6744944448976349,0.999984879355553,0.00119904131289709,0.3537567002070427,0.6455057847115279,9.371872523842654e-05,0.007431735047750754
1,Lasso,SNPs,-,317777,0.40926571419101676,0.7115371817743784,0.9356955734549224,0.17870817442289938,0.37382397842194315,0.5921331204203928,0.21920402906453593,0.36621978236868036
2,ElasticNet,SNPs,-,317777,0.3942748687166436,0.7388178608827832,0.8062606284915501,0.4264556882953747,0.3455503859528206,0.6834425598023904,0.2195113102505366,0.20298379247529136
