,Model_Name,feature_represenation,variance_maintained,Dimentionality,r2_summary,RMSE_summary,r2_train,RMSE_train,standard_error_r2,standard_error_RMSE,standard_error_r2_train,standard_error_RMSE_train
0,Ridge,SNPs,-,307883,-0.36760209585871406,0.8996023158372204,0.6584124933573532,0.5145140023976125,1.2021726286377628,1.0445008998989962,0.6945627998831719,0.5921537673015768
1,Lasso,SNPs,-,307883,-0.3532505005504731,0.88983351517648,0.011989387050669442,0.9922437746476087,1.2072684335061206,1.011819550947124,0.07431099082571122,0.17936570468422816
2,ElasticNet,SNPs,-,307883,-0.3525966807098004,0.8891836305093819,-4.4408920985006264e-17,0.9971205201358873,1.2079133252439715,1.008399455663601,1.834995626242756e-16,0.15022240883302365
