,Model_Name,feature_represenation,variance_maintained,Dimentionality,r2_summary,RMSE_summary,r2_train,RMSE_train,standard_error_r2,standard_error_RMSE,standard_error_r2_train,standard_error_RMSE_train
0,Ridge,SNPs,-,331178,0.11518010164834876,0.8985620149311536,0.9595958239506145,0.14275845733074097,0.4963280295042597,0.25405431013907814,0.10419987641553216,0.2909884857332746
1,Lasso,SNPs,-,331178,-0.007151637965848068,0.9651066422949022,0.504746744236028,0.6535721269475444,0.28596634457181713,0.17446194981156626,0.551558303003977,0.5328892677582092
2,ElasticNet,SNPs,-,331178,0.0798787365847304,0.9252218507199056,0.5679178809629681,0.64735877059085,0.2276318001859041,0.2020930586082596,0.2953306260428164,0.22310301537648072
