,Model_Name,feature_represenation,variance_maintained,Dimentionality,r2_summary,RMSE_summary,r2_train,RMSE_train,standard_error_r2,standard_error_RMSE,standard_error_r2_train,standard_error_RMSE_train
0,Ridge,SNPs,-,363320,-0.04667124797430537,0.9972248423396931,0.2276233335863244,0.8773744638538291,0.1402355045834929,0.23039579048023776,0.15588381101847198,0.07913868285537407
1,Lasso,SNPs,-,363320,-0.04937166776327349,0.9988103258182763,0.017650675578880348,0.9908202338784348,0.12846005441052916,0.23243897687112727,0.03930293378157755,0.028247398606675286
2,ElasticNet,SNPs,-,363320,-0.043872292875289085,0.9964858443804948,1.1102230246251566e-17,0.9997546148764165,0.11870920837948573,0.23509025159580796,1.9053273071622963e-16,0.025038032815511514
