,Model_Name,feature_represenation,variance_maintained,Dimentionality,r2_summary,RMSE_summary,r2_train,RMSE_train,standard_error_r2,standard_error_RMSE,standard_error_r2_train,standard_error_RMSE_train
0,Ridge,SNPs,-,358874,0.6723809443402761,0.542150196992968,0.9443371998947307,0.23152717346695656,0.39824756035792885,0.48134372323924324,0.04505258852588815,0.11010557903946916
1,Lasso,SNPs,-,358874,0.5985211144481764,0.6070075202206577,0.9154498810218502,0.2817219855563059,0.38488242673675954,0.45945081230183127,0.07800690170779402,0.15799072501636904
2,ElasticNet,SNPs,-,358874,0.5761315453474919,0.6191678789918091,0.6719490652801576,0.5633630703300112,0.4060767269592444,0.41793019469687376,0.29252179423648816,0.23054598842104226
