,Model_Name,feature_represenation,variance_maintained,Dimentionality,r2_summary,RMSE_summary,r2_train,RMSE_train,standard_error_r2,standard_error_RMSE,standard_error_r2_train,standard_error_RMSE_train
0,Ridge,SNPs,-,305506,-0.0009010220227914423,0.9288986145871443,0.9685762820319709,0.16600821674609897,0.2185427084282314,0.6448263082204889,0.04760066488230129,0.12849995053609672
1,Lasso,SNPs,-,305506,0.01968635392198518,0.9244229625689098,0.5307067859639483,0.55027118084215,0.2293964055030248,0.6680201564041635,0.9225654349075992,0.8125455053055668
2,ElasticNet,SNPs,-,305506,-0.02617041566707451,0.9421476588959956,0.23129309201733997,0.8597545277311994,0.10673672618360314,0.6387971704708992,0.605319193277413,0.43692964256959516
