,Model_Name,feature_represenation,variance_maintained,Dimentionality,r2_summary,RMSE_summary,r2_train,RMSE_train,standard_error_r2,standard_error_RMSE,standard_error_r2_train,standard_error_RMSE_train
0,Ridge,SNPs,-,358874,0.5503417531091552,0.651218588470557,0.9992504011620794,0.012210856885444791,0.32325067605554936,0.21554082821727372,0.0030984264800844943,0.050456384295214915
1,Lasso,SNPs,-,358874,0.4784076523574366,0.7052200291844988,0.9733319907108389,0.13079535749560453,0.32154773482915266,0.18281435068479676,0.059386569805527104,0.2020481742716389
2,ElasticNet,SNPs,-,358874,0.520303549129942,0.6777245532092674,0.7933725117568697,0.4531850840688239,0.27236145515176324,0.16215885325051266,0.06854829802682473,0.08080055228114874
