,Model_Name,feature_represenation,variance_maintained,Dimentionality,r2_summary,RMSE_summary,r2_train,RMSE_train,standard_error_r2,standard_error_RMSE,standard_error_r2_train,standard_error_RMSE_train
0,Ridge,SNPs,-,209593,0.19107321769518804,0.7802203041609248,1.0,3.6773679574861475e-13,0.8603907796478387,0.20193829083325623,0.0,2.1350882836840083e-14
1,Lasso,SNPs,-,209593,0.012207866833942349,0.8655841036558802,0.9149926676968907,0.23780977226905056,0.8600740034449412,0.18448046516970934,0.18120940262580756,0.343419539051617
2,ElasticNet,SNPs,-,209593,0.05222003182416518,0.860865658771099,0.7306792713195347,0.5019830619244412,0.7194227157553917,0.2354251314106769,0.27840398572145414,0.24972505944098197
