,Model_Name,feature_represenation,variance_maintained,Dimentionality,r2_summary,RMSE_summary,r2_train,RMSE_train,standard_error_r2,standard_error_RMSE,standard_error_r2_train,standard_error_RMSE_train
0,Ridge,SNPs,-,323224,0.03468786543138778,0.9682163408175086,0.6047611473106586,0.626317412491487,0.15359350160285923,0.2536234908718141,0.1435326616274574,0.11986565773140691
1,Lasso,SNPs,-,323224,-0.02745118889523861,1.0000915372379178,0.2159848462366266,0.8790663174692639,0.07303192231019967,0.2564739524479739,0.3544121947478354,0.20838251000158883
2,ElasticNet,SNPs,-,323224,-0.0024132511245729014,0.9870207202694358,0.15231304633995824,0.9164352943869482,0.055858720716435474,0.24055869577440073,0.29573008096629894,0.17249211202149375
