,Model_Name,feature_represenation,variance_maintained,Dimentionality,r2_summary,RMSE_summary,r2_train,RMSE_train,standard_error_r2,standard_error_RMSE,standard_error_r2_train,standard_error_RMSE_train
0,Ridge,SNPs,-,358874,0.6475163901517856,0.5788462148575337,1.0,2.1529072684844383e-13,0.223272440249223,0.21253841797529732,0.0,1.318942918200024e-14
1,Lasso,SNPs,-,358874,0.5930462186133391,0.6223140827406359,0.8899363511543478,0.3099064261481904,0.21991801745825132,0.18890691988648117,0.10854227331971256,0.24829767747182474
2,ElasticNet,SNPs,-,358874,0.5947858170043524,0.619393690191312,0.8648002720954172,0.35864913878435806,0.2416834183038526,0.21029852329396834,0.1282443329166508,0.17357525655747752
