,Model_Name,feature_represenation,variance_maintained,Dimentionality,r2_summary,RMSE_summary,r2_train,RMSE_train,standard_error_r2,standard_error_RMSE,standard_error_r2_train,standard_error_RMSE_train
0,Ridge,SNPs,-,332957,0.06755492690352712,0.9199313651092422,0.9454898613578934,0.19053938487825434,0.4958857334525675,0.2597476111215819,0.09019862715171556,0.2728253410921383
1,Lasso,SNPs,-,332957,-0.047819077914580475,0.9880283289747975,0.10181850657372311,0.9404924631518536,0.23763589572703553,0.294030073762986,0.37976838456500756,0.2185658992413776
2,ElasticNet,SNPs,-,332957,0.023689833624183754,0.9534532078781174,0.30092475380157024,0.8288221675015618,0.23329434605855504,0.2760790771610214,0.39316459895645445,0.24947436195100425
