,Model_Name,feature_represenation,variance_maintained,Dimentionality,r2_summary,RMSE_summary,r2_train,RMSE_train,standard_error_r2,standard_error_RMSE,standard_error_r2_train,standard_error_RMSE_train
0,Ridge,SNPs,-,358874,0.7292874678671043,0.5013513279988363,1.0,1.6618678850197193e-13,0.27038593261182137,0.3864043995050523,0.0,1.983720865286708e-14
1,Lasso,SNPs,-,358874,0.6836831503262311,0.5456942451585637,0.9984087201522908,0.0232147805257986,0.22997634055915467,0.3461119193824662,0.007844011714511444,0.06807052786674574
2,ElasticNet,SNPs,-,358874,0.6819270222690733,0.5484674368480456,0.914514702250922,0.28366319975766124,0.24026182614583388,0.36873411180117344,0.0694481969324442,0.15518006521177438
