,Model_Name,feature_represenation,variance_maintained,Dimentionality,r2_summary,RMSE_summary,r2_train,RMSE_train,standard_error_r2,standard_error_RMSE,standard_error_r2_train,standard_error_RMSE_train
0,Ridge,SNPs,-,322088,0.013189159295883834,0.9725850929721245,0.6371488234604294,0.5961216242917827,0.18188042776626245,0.3869822593405344,0.19157584224496316,0.19143262351923207
1,Lasso,SNPs,-,322088,-0.03723084726311088,0.9957456385345667,0.18280482729365782,0.8985667365323636,0.13984918627961523,0.3761014222393067,0.3601733079262546,0.2249595810883607
2,ElasticNet,SNPs,-,322088,-0.03359239849574978,0.9926632084287966,0.058337816431500836,0.9684136371843401,0.10951090440284166,0.3579015253994311,0.24185151847981956,0.146631045949515
