,Model_Name,feature_represenation,variance_maintained,Dimentionality,r2_summary,RMSE_summary,r2_train,RMSE_train,standard_error_r2,standard_error_RMSE,standard_error_r2_train,standard_error_RMSE_train
0,Ridge,SNPs,-,358874,0.6390101922322562,0.5910824643132504,0.9999999184190711,9.035304303865603e-05,0.16719041285469094,0.13707617947559989,5.05643836305782e-07,0.000560013961470473
1,Lasso,SNPs,-,358874,0.562351966458052,0.6517136811589401,0.944476417998206,0.19638503239470456,0.18893172911523662,0.143802732770814,0.12025062549171144,0.26878501366947644
2,ElasticNet,SNPs,-,358874,0.6103653718264936,0.6148882726242054,0.8796247390597579,0.33905325454034585,0.17058444840166231,0.12826649748584784,0.1009657570114774,0.1519454297515362
