,Model_Name,feature_represenation,variance_maintained,Dimentionality,r2_summary,RMSE_summary,r2_train,RMSE_train,standard_error_r2,standard_error_RMSE,standard_error_r2_train,standard_error_RMSE_train
0,Ridge,SNPs,-,358874,0.729683862710039,0.5129160090857077,0.9999992501959851,0.00027895010583465504,0.14807453551013952,0.22109580125494804,4.64733343241293e-06,0.0017289506673934048
1,Lasso,SNPs,-,358874,0.6568518309407689,0.5775249248451122,0.9903092838134323,0.08567220947954646,0.12858949989328772,0.18760178739126393,0.016802411341247193,0.10179996545577516
2,ElasticNet,SNPs,-,358874,0.677939806800254,0.5603673520222071,0.8938319700136614,0.32209153132855656,0.1404602579001842,0.21282983032459638,0.06357912906889682,0.10351950882772669
