,Model_Name,feature_represenation,variance_maintained,Dimentionality,r2_summary,RMSE_summary,r2_train,RMSE_train,standard_error_r2,standard_error_RMSE,standard_error_r2_train,standard_error_RMSE_train
0,Ridge,SNPs,-,365384,0.7195286116424321,0.5122634244000827,1.0,1.7678264640175108e-13,0.1875902800771006,0.2032255741432336,0.0,1.1997745316943716e-14
1,Lasso,SNPs,-,365384,0.6581037363360492,0.5632246419132804,0.9388570522547895,0.23756412601251067,0.22680921727817,0.18810493954081034,0.0649774012322219,0.13679862524787567
2,ElasticNet,SNPs,-,365384,0.6687963080705905,0.5589429437467147,0.9082840173132984,0.2946401087459706,0.18295449075202913,0.18954547670666202,0.09045359494895733,0.14092088254767576
