,Model_Name,feature_represenation,variance_maintained,Dimentionality,r2_summary,RMSE_summary,r2_train,RMSE_train,standard_error_r2,standard_error_RMSE,standard_error_r2_train,standard_error_RMSE_train
0,Ridge,SNPs,-,334224,-0.026888904648139332,0.9779548296353916,0.274413948822383,0.8061928303393963,0.21818841051934534,0.31451859890569994,0.5064096919815234,0.5566082987156752
1,Lasso,SNPs,-,334224,-0.06391488649083384,0.9980161169588845,0.028486752118285785,0.9845142779019499,0.18297551019815106,0.34191538080097483,0.17656271887544564,0.11162035155173174
2,ElasticNet,SNPs,-,334224,-0.045888663432303245,0.9879117295238036,0.06402035674416803,0.9661293453288279,0.16600210035189444,0.3121503954736213,0.20304135247199537,0.12618824368969234
