,Model_Name,feature_represenation,variance_maintained,Dimentionality,r2_summary,RMSE_summary,r2_train,RMSE_train,standard_error_r2,standard_error_RMSE,standard_error_r2_train,standard_error_RMSE_train
0,Ridge,SNPs,-,358874,0.8266040069409735,0.3907345965053466,1.0,1.3715815843196873e-13,0.16273988346187715,0.16562738539407074,0.0,1.1896614425719629e-14
1,Lasso,SNPs,-,358874,0.7759674123772059,0.4440564619397103,0.9961974666686872,0.05746079110910856,0.17323963080680596,0.13678362064511024,0.006201861642566446,0.04881726770192607
2,ElasticNet,SNPs,-,358874,0.7901041819811566,0.42985026263525056,0.9411747461572277,0.23990974917967978,0.18290442113768146,0.1412966563089163,0.03559530902297559,0.0749857258135278
