,Model_Name,feature_represenation,variance_maintained,Dimentionality,r2_summary,RMSE_summary,r2_train,RMSE_train,standard_error_r2,standard_error_RMSE,standard_error_r2_train,standard_error_RMSE_train
0,Ridge,SNPs,-,358874,0.7388929012219818,0.4975500256829078,0.9998951551956539,0.004362967165236931,0.17584443710946923,0.16442496067330456,0.0005130843772068607,0.019049984947015795
1,Lasso,SNPs,-,358874,0.5551545980185716,0.6339863375171405,0.9818960541539139,0.09858692182737934,0.5389951536581445,0.31425962876728625,0.04340819243373882,0.18841355837771884
2,ElasticNet,SNPs,-,358874,0.7052801104583083,0.5284756876551345,0.915825996627265,0.27952438468934127,0.1945946593606516,0.16130812554866975,0.0962382919258933,0.16412650750095426
