,Model_Name,feature_represenation,variance_maintained,Dimentionality,r2_summary,RMSE_summary,r2_train,RMSE_train,standard_error_r2,standard_error_RMSE,standard_error_r2_train,standard_error_RMSE_train
0,Ridge,SNPs,-,358874,0.5687439554233349,0.6444477163106416,0.9999863463452214,0.0013087412953047823,0.2037835993776395,0.1313927435730784,8.305692134438283e-05,0.007124235202684001
1,Lasso,SNPs,-,358874,0.48517309796587504,0.7042328212145177,0.8815225296207765,0.29853507658731565,0.22340626095389937,0.12196662178690448,0.1887022018753153,0.3542306503030619
2,ElasticNet,SNPs,-,358874,0.5165498477066303,0.6841888365846898,0.8328121641889268,0.3991356000695926,0.18611161818440433,0.10940250615514503,0.14368371600715904,0.1798348281973032
