,Model_Name,feature_represenation,variance_maintained,Dimentionality,r2_summary,RMSE_summary,r2_train,RMSE_train,standard_error_r2,standard_error_RMSE,standard_error_r2_train,standard_error_RMSE_train
0,Ridge,SNPs,-,325162,0.009010449811551446,0.9586292086686911,0.6312148132944092,0.6036399534176988,0.21514904407942356,0.2915804109948664,0.1492321408359809,0.10742451514375201
1,Lasso,SNPs,-,325162,-0.02304540457682862,0.9756355917238587,0.15354824601921066,0.9171639849702741,0.2256633515485117,0.31591088946135065,0.2264705643466441,0.1308442086963481
2,ElasticNet,SNPs,-,325162,-0.020814465403862403,0.9756732083230731,0.21952503887077898,0.8797033704051136,0.12256294984125347,0.30784517594615257,0.29500048297287673,0.17437783594771356
