,Model_Name,feature_represenation,variance_maintained,Dimentionality,r2_summary,RMSE_summary,r2_train,RMSE_train,standard_error_r2,standard_error_RMSE,standard_error_r2_train,standard_error_RMSE_train
0,Ridge,SNPs,-,358874,0.24178099180424767,0.8512583528250813,0.9930397950656712,0.032460665139312846,0.22920113433552097,0.4338539028108499,0.03882756867504308,0.15269388938554682
1,Lasso,SNPs,-,358874,0.1360078254105732,0.9023159792737339,0.7435942156911804,0.479371198909642,0.1818415678044345,0.393476600981868,0.3585485540372563,0.3321565976853145
2,ElasticNet,SNPs,-,358874,0.18664617520022134,0.8797479654109756,0.644346398764707,0.5902978888945604,0.1554201682238543,0.415675506987409,0.22345558796597897,0.2005862438135441
