,Model_Name,feature_represenation,variance_maintained,Dimentionality,r2_summary,RMSE_summary,r2_train,RMSE_train,standard_error_r2,standard_error_RMSE,standard_error_r2_train,standard_error_RMSE_train
0,Ridge,SNPs,-,358874,0.7246450558159288,0.5033712676510209,1.0,1.773840228961974e-13,0.3474487373756247,0.5822523526792868,0.0,2.1445804107497278e-14
1,Lasso,SNPs,-,358874,0.6686451977670074,0.5471489092550826,0.9963653720441079,0.02861852737303393,0.36517464402610916,0.5437869366922436,0.02000679065340531,0.09860378725675464
2,ElasticNet,SNPs,-,358874,0.6571579786745917,0.5648115638222753,0.8327861313027464,0.4078374922672147,0.3412805146468784,0.5676722917786284,0.04586704811385131,0.06414529784822098
