,Model_Name,feature_represenation,variance_maintained,Dimentionality,r2_summary,RMSE_summary,r2_train,RMSE_train,standard_error_r2,standard_error_RMSE,standard_error_r2_train,standard_error_RMSE_train
0,Ridge,SNPs,-,358874,0.656937572751392,0.5753124869099157,0.9994164128378156,0.010169338772101669,0.18383976337950952,0.18741413795579046,0.002915916030197388,0.044820717497043534
1,Lasso,SNPs,-,358874,0.5687038883334495,0.6445700854612961,0.9285114786348717,0.25983463635024645,0.21150399048198634,0.16549241244646573,0.06942622741430252,0.13280456379808078
2,ElasticNet,SNPs,-,358874,0.6150100364289148,0.6103500768263128,0.8365131763556143,0.39562965469476014,0.1747304814002974,0.17003923519087794,0.11958549306202107,0.17694529988952934
