,Model_Name,feature_represenation,variance_maintained,Dimentionality,r2_summary,RMSE_summary,r2_train,RMSE_train,standard_error_r2,standard_error_RMSE,standard_error_r2_train,standard_error_RMSE_train
0,Ridge,SNPs,-,295534,-0.052678938192820615,0.9621903788147049,0.6427186509074339,0.58075693111662,0.3436160595626382,0.3732504377336195,0.32293212375579805,0.2674894843867471
1,Lasso,SNPs,-,295534,-0.05273265839602076,0.9600421246307912,0.5834010426185166,0.5364252342801219,0.3902521569831549,0.34990111670366575,0.8406575188287934,0.7477640436656399
2,ElasticNet,SNPs,-,295534,-0.06490640685529178,0.974398743000656,0.3695231705178341,0.7815956650413735,0.22722404078701247,0.39780291616989294,0.4524317781389427,0.28265933064750337
