,Model_Name,feature_represenation,variance_maintained,Dimentionality,r2_summary,RMSE_summary,r2_train,RMSE_train,standard_error_r2,standard_error_RMSE,standard_error_r2_train,standard_error_RMSE_train
0,Ridge,SNPs,-,327819,-0.03604957370394535,0.9669759138551111,0.6533462554596549,0.5737999396139097,0.3097645567086754,0.44756389293082544,0.27718061154928236,0.2836086401618981
1,Lasso,SNPs,-,327819,-0.07276368973458774,0.9853663321911647,0.0653427490223956,0.9656680243603655,0.16171622963011098,0.43442434268719804,0.09345595132175868,0.048847017073945335
2,ElasticNet,SNPs,-,327819,-0.07973446055186817,0.988395900322414,0.09237720326866797,0.9500502108130772,0.15497959644205567,0.43345259213443854,0.2530948880355503,0.15138823264093268
