,Model_Name,feature_represenation,variance_maintained,Dimentionality,r2_summary,RMSE_summary,r2_train,RMSE_train,standard_error_r2,standard_error_RMSE,standard_error_r2_train,standard_error_RMSE_train
0,Ridge,SNPs,-,329387,0.2060817722316048,0.868115710049946,0.9766873851831683,0.14066525178935083,0.22629821163854963,0.13063403699539872,0.03640237114636475,0.12222247696629826
1,Lasso,SNPs,-,329387,0.2106710836130585,0.8655536830591306,0.7813362312795705,0.45388493689766873,0.25173304759435755,0.1378613685031802,0.2479473037661084,0.22992526177965103
2,ElasticNet,SNPs,-,329387,0.18866827594385766,0.8808782305918722,0.710968985663286,0.5336349682624186,0.1768228786285669,0.16260271513510832,0.13931105784742476,0.12865744408306914
