,Model_Name,feature_represenation,variance_maintained,Dimentionality,r2_summary,RMSE_summary,r2_train,RMSE_train,standard_error_r2,standard_error_RMSE,standard_error_r2_train,standard_error_RMSE_train
0,Ridge,SNPs,-,296755,-0.08775744945884029,0.9819901631342562,0.04510890754675889,0.9762995647447434,0.24162628332457098,0.4438178052644229,0.08071940842071867,0.058237131493864176
1,Lasso,SNPs,-,296755,-0.1469758266827204,1.00141556823979,0.12282587419710748,0.9304725101274299,0.4762248282666824,0.43745479728089115,0.33947251886252644,0.18777921183763482
2,ElasticNet,SNPs,-,296755,-0.07877918106262427,0.9789645750655014,-2.2204460492503132e-17,0.9994192611122108,0.2168532996654106,0.44732646412342403,1.3762467196820668e-16,0.05184553507808309
