,Model_Name,feature_represenation,variance_maintained,Dimentionality,r2_summary,RMSE_summary,r2_train,RMSE_train,standard_error_r2,standard_error_RMSE,standard_error_r2_train,standard_error_RMSE_train
0,Ridge,SNPs,-,295428,0.061633863197240436,0.8726811107715264,0.8911846557007689,0.2828011869125635,0.48595011955207296,0.5194784378244249,0.2020080470946842,0.35666263237824564
1,Lasso,SNPs,-,295428,0.0903395713161152,0.8585284533589175,0.8311267297160585,0.3718626680238307,0.5740802977596917,0.5511293698287829,0.26313921406817425,0.3679498587912426
2,ElasticNet,SNPs,-,295428,-0.0897323025383662,0.9497526889986151,0.32364956399285255,0.8092700834343601,0.23784743298649583,0.5184825997239668,0.48968348242630577,0.33485196791708055
