,Model_Name,feature_represenation,variance_maintained,Dimentionality,r2_summary,RMSE_summary,r2_train,RMSE_train,standard_error_r2,standard_error_RMSE,standard_error_r2_train,standard_error_RMSE_train
0,Ridge,SNPs,-,323224,-0.013442182160786409,0.9809824261229234,0.522245842366598,0.6881231338923954,0.12466881822598713,0.30156533175739514,0.19217727734796355,0.16136308038406427
1,Lasso,SNPs,-,323224,-0.045764293371715725,0.9946219911441609,-2.2204460492503132e-17,0.9996733622909635,0.12670652787825187,0.2778719786012316,2.470438466922057e-16,0.03318518422607515
2,ElasticNet,SNPs,-,323224,-0.056236682685690195,0.9995860418179215,0.06545995286454116,0.9655294161192396,0.13300851766762914,0.2790910362430803,0.1697940534827909,0.09974062744683015
