,Model_Name,feature_represenation,variance_maintained,Dimentionality,r2_summary,RMSE_summary,r2_train,RMSE_train,standard_error_r2,standard_error_RMSE,standard_error_r2_train,standard_error_RMSE_train
0,Ridge,SNPs,-,335382,0.03599827503359275,0.9402782282679635,0.8373277598751254,0.3927551669683997,0.3220891354201355,0.12888193122250932,0.1537079548471588,0.18830669892626645
1,Lasso,SNPs,-,335382,-0.023535572471458776,0.9704049604416729,0.31348344964248825,0.8187461279101801,0.2661020170787298,0.10873468422986435,0.41720643145565595,0.25403596123689703
2,ElasticNet,SNPs,-,335382,-0.04200307121648108,0.9772345556626357,0.3442050460609689,0.8040185995492389,0.3415742631096421,0.10909199295717993,0.31739497107614295,0.19525033421933163
