,r2s,RMSEs,hidden,lr,weight_decay,memory,tol,drop_out,epoch,brach_size,hidden_layer_size,feature_selection_alpha,features
0,0.26756852314889157,0.8985333056767124,3,0.0015,0,10,0.05,0.1,7,100,0.6666666666666666,0.01,239
1,0.34110280542412863,0.7686866018003164,3,0.0015,0,10,0.05,0.0,7,100,0.6666666666666666,0.01,251
