,Model_Name,feature_represenation,variance_maintained,Dimentionality,r2_summary,RMSE_summary,r2_train,RMSE_train,standard_error_r2,standard_error_RMSE,standard_error_r2_train,standard_error_RMSE_train
0,Ridge,SNPs,-,13747,0.39005950591897104,0.7594446744525074,0.7774476266087939,0.4711873733927009,0.1497322276810956,0.23639438104552354,0.04114628298349086,0.05142994286457671
1,Lasso,SNPs,-,13747,0.34233337073599485,0.7894480034546105,0.6533878121819864,0.5870709152018798,0.15574907699469148,0.2544618195136569,0.11499967838761789,0.11186234362428027
2,ElasticNet,SNPs,-,13747,0.35596460365983096,0.7832555694995643,0.5784292880258872,0.6480232323091484,0.10370735146697727,0.2595699915854898,0.10607403490801792,0.0876940436874331
