,Model_Name,feature_represenation,variance_maintained,Dimentionality,r2_summary,RMSE_summary,r2_train,RMSE_train,standard_error_r2,standard_error_RMSE,standard_error_r2_train,standard_error_RMSE_train
0,Ridge,SNPs,-,13747,0.23337749500719396,0.77599186346967,0.8396879783071506,0.3976711858815957,0.874863791581772,0.5487937417498118,0.07774096698026282,0.10442498050657184
1,Lasso,SNPs,-,13747,0.1232536937817114,0.8161951443856631,0.7506736069099986,0.49425198813265364,1.111412861674486,0.514768138947632,0.13189320390037765,0.13403523144456875
2,ElasticNet,SNPs,-,13747,0.2490752294823417,0.8114679596914027,0.45741933331510254,0.7345728231321677,0.317164800362431,0.5706269185928918,0.14710818259420966,0.10946456684337043
