,Model_Name,feature_represenation,variance_maintained,Dimentionality,r2_summary,RMSE_summary,r2_train,RMSE_train,standard_error_r2,standard_error_RMSE,standard_error_r2_train,standard_error_RMSE_train
0,Ridge,SNPs,-,13747,0.44901686582538264,0.6713855163700113,0.9635468990362306,0.18932267413588735,0.4551896342759032,0.48827127417513794,0.01999855887065206,0.05719715758318161
1,Lasso,SNPs,-,13747,0.3388297234350412,0.7342899850323129,0.8632878651387745,0.3669606102684882,0.5265503785267608,0.48515210630717753,0.07010982860383523,0.1248501710855398
2,ElasticNet,SNPs,-,13747,0.43578428372420824,0.7036519557294117,0.6492177285877255,0.5849570060251761,0.34064407638067135,0.5306525808146764,0.247803536347896,0.23314442192869025
