,Model_Name,feature_represenation,variance_maintained,Dimentionality,r2_summary,RMSE_summary,r2_train,RMSE_train,standard_error_r2,standard_error_RMSE,standard_error_r2_train,standard_error_RMSE_train
0,Ridge,SNPs,-,13747,0.22168974716322376,0.8350043872397542,0.7399785992483754,0.5078174905331228,0.17299489135983492,0.48180739636007364,0.07941250269063285,0.07853124519212337
1,Lasso,SNPs,-,13747,0.1124459012944909,0.8848916750984922,0.5328313937584632,0.6754842761462616,0.28156402715528744,0.4829415276907844,0.26276215358895016,0.18941566840585491
2,ElasticNet,SNPs,-,13747,0.19958132744358206,0.8525550110186567,0.4402337101044349,0.7472437379452302,0.12481018103975995,0.5203729866858672,0.09483838309421211,0.08086032255979513
