,Model_Name,feature_represenation,variance_maintained,Dimentionality,r2_summary,RMSE_summary,r2_train,RMSE_train,standard_error_r2,standard_error_RMSE,standard_error_r2_train,standard_error_RMSE_train
0,Ridge,SNPs,-,5122,0.20572726299585825,0.8364775654540484,1.0,1.4552723513351428e-11,0.4077442466141723,0.45100761336536593,0.0,8.758949706559953e-13
1,Lasso,SNPs,-,5122,0.18013370420498365,0.8429215585068952,0.7807507343645281,0.4486865233435006,0.6113251198649116,0.45143235333222154,0.1955881037422684,0.2757153439172958
2,ElasticNet,SNPs,-,5122,0.16100343542706788,0.8662543913525226,0.5087491585547035,0.693401259167809,0.3200898009170378,0.48243351215446917,0.2678572390867889,0.20673602810145872
