,Model_Name,feature_represenation,variance_maintained,Dimentionality,r2_summary,RMSE_summary,r2_train,RMSE_train,standard_error_r2,standard_error_RMSE,standard_error_r2_train,standard_error_RMSE_train
0,Ridge,SNPs,-,5450,0.40974630692876984,0.7080570683568629,0.9980593798367191,0.014695662778582436,0.4006653713885163,0.4919820518571338,0.011564404094466373,0.07511940068347739
1,Lasso,SNPs,-,5450,0.20550095600437018,0.8281178312960888,0.7242035795330801,0.4824536173901545,0.44743067523785796,0.5380933292181896,0.3855231693545454,0.4063528715216578
2,ElasticNet,SNPs,-,5450,0.309312018559822,0.7788819133630807,0.7578082711278887,0.48288677731868157,0.3180965594499352,0.5280038419791674,0.19270165386891724,0.1909278744133997
