,Model_Name,feature_represenation,variance_maintained,Dimentionality,r2_summary,RMSE_summary,r2_train,RMSE_train,standard_error_r2,standard_error_RMSE,standard_error_r2_train,standard_error_RMSE_train
0,Ridge,SNPs,-,4224,0.40430848947221965,0.7160507449041897,0.9899232306252201,0.09361839776111709,0.4012736101606436,0.6325190283835643,0.015385214585409509,0.07256374839419838
1,Lasso,SNPs,-,4224,0.216410569620521,0.8196668814064256,0.7001300582276898,0.5369135152512597,0.43219230423540733,0.6534365846415402,0.2511113647314886,0.23277036539980717
2,ElasticNet,SNPs,-,4224,0.29918516686038304,0.784178985260125,0.6506450863209481,0.5863301906641346,0.34598756381934026,0.6689807157751818,0.20029712190388374,0.18871039208403032
