,Model_Name,feature_represenation,variance_maintained,Dimentionality,r2_summary,RMSE_summary,r2_train,RMSE_train,standard_error_r2,standard_error_RMSE,standard_error_r2_train,standard_error_RMSE_train
0,Ridge,SNPs,-,22520,0.6560919287113514,0.5799100660282525,0.9886450361884687,0.10502198777700524,0.08590717059423397,0.0990896146808091,0.008033834770057032,0.038460302380318064
1,Lasso,SNPs,-,22520,0.5996680446333189,0.6257415187959801,0.8891545493229025,0.32763706982900215,0.07207188183770225,0.07920926015815372,0.08294036520445969,0.1225318000108099
2,ElasticNet,SNPs,-,22520,0.6228429003211126,0.6072655995238511,0.8876611953222939,0.3331728669952392,0.07018755003350963,0.07869227537037701,0.051702297500649065,0.08185412955116603
