,Model_Name,feature_represenation,variance_maintained,Dimentionality,r2_summary,RMSE_summary,r2_train,RMSE_train,standard_error_r2,standard_error_RMSE,standard_error_r2_train,standard_error_RMSE_train
0,Ridge,SNPs,-,11224,0.2189231351508234,0.844896518249119,0.9975728949931326,0.040472301018324275,0.3088590647657189,0.22381463388295011,0.005133860838035148,0.055607068193670874
1,Lasso,SNPs,-,11224,0.010151748434094898,0.9474290036795739,0.5351313466947786,0.6606028319939454,0.5589257922013279,0.2729322799739415,0.3894944795430793,0.32508841248065645
2,ElasticNet,SNPs,-,11224,0.11722575451237136,0.9028656848459033,0.6325068155659228,0.5990719286686718,0.2740014172884605,0.2668400308656717,0.22285766857190126,0.1765724389948848
