,Model_Name,feature_represenation,variance_maintained,Dimentionality,r2_summary,RMSE_summary,r2_train,RMSE_train,standard_error_r2,standard_error_RMSE,standard_error_r2_train,standard_error_RMSE_train
0,Ridge,SNPs,-,5162,0.4921405491540683,0.6085287619679267,1.0,8.735796266910181e-12,0.4993837494026603,0.32185435394514084,0.0,4.751788128937048e-13
1,Lasso,SNPs,-,5162,0.28570172334503946,0.7136797380301425,0.942832752057985,0.2144960430411527,0.8150449539520349,0.36586967362250455,0.11269724603201386,0.21720175551301343
2,ElasticNet,SNPs,-,5162,0.37895142846665925,0.7032502499601706,0.8288046735160615,0.38802474035052725,0.4904824756075607,0.5896464644998017,0.25014769122500596,0.23734886135048353
