,Model_Name,feature_represenation,variance_maintained,Dimentionality,r2_summary,RMSE_summary,r2_train,RMSE_train,standard_error_r2,standard_error_RMSE,standard_error_r2_train,standard_error_RMSE_train
0,Ridge,SNPs,-,4709,0.4025003175450404,0.6908505285130215,0.999870157892184,0.003425725143286535,0.252463683255876,0.6472251923990058,0.0008047697219157484,0.021232864345724217
1,Lasso,SNPs,-,4709,0.03868417223585707,0.8556844865073788,0.718854028497934,0.45574507665779906,0.4258263744432524,0.7201743139627436,0.5310254557007967,0.5383788936257833
2,ElasticNet,SNPs,-,4709,0.3446976665877435,0.7397245007260761,0.8452966902062575,0.37971613074897304,0.2928108803490336,0.7522658428610506,0.1419295367199031,0.2040481249067307
