,Model_Name,feature_represenation,variance_maintained,Dimentionality,r2_summary,RMSE_summary,r2_train,RMSE_train,standard_error_r2,standard_error_RMSE,standard_error_r2_train,standard_error_RMSE_train
0,Ridge,SNPs,-,18465,0.20592152847727202,0.874137666818074,0.9440724708244747,0.23365520773373835,0.26429030772742995,0.23239176588340754,0.03699436910281206,0.07825284642882312
1,Lasso,SNPs,-,18465,0.14848550698363486,0.9055561432058495,0.5404213664927424,0.6709337368072331,0.18591985213026463,0.18393490410034025,0.26385438346958456,0.21213115541920458
2,ElasticNet,SNPs,-,18465,0.17299330666861448,0.8934965879683407,0.6463948612749135,0.5875147990048146,0.19243415717880594,0.21123153530271047,0.2337576428978673,0.1970981934554235
