,Model_Name,feature_represenation,variance_maintained,Dimentionality,r2_summary,RMSE_summary,r2_train,RMSE_train,standard_error_r2,standard_error_RMSE,standard_error_r2_train,standard_error_RMSE_train
0,Ridge,SNPs,-,22579,0.529757372656581,0.6740898112616385,0.9826971910861826,0.13003386014034946,0.1657772795541331,0.09693227932271051,0.010102015456901491,0.039375327900946985
1,Lasso,SNPs,-,22579,0.47631794746863293,0.7114494607868275,0.8555478372542077,0.37630535960542566,0.189562745957865,0.11400143095883286,0.07828696045260236,0.10419524053635232
2,ElasticNet,SNPs,-,22579,0.5043695594323586,0.6933991385872024,0.859903245717638,0.37310232154349465,0.15326221935169634,0.09312158758359579,0.0455446757825738,0.05936190523117022
