,Model_Name,feature_represenation,variance_maintained,Dimentionality,r2_summary,RMSE_summary,r2_train,RMSE_train,standard_error_r2,standard_error_RMSE,standard_error_r2_train,standard_error_RMSE_train
0,Ridge,SNPs,-,8471,0.21147866476892488,0.8522029051208739,1.0,6.521764792584829e-12,0.24173058400085481,0.25107264085966713,0.0,4.870599074524932e-13
1,Lasso,SNPs,-,8471,0.14847579765808586,0.8892657568926386,0.7677410342802008,0.4446186915053424,0.298237511498218,0.32822607650586594,0.3011017239565397,0.3936038686644169
2,ElasticNet,SNPs,-,8471,0.14970548189533622,0.8875371427334414,0.8233734668709013,0.41121280172829716,0.19664209502817495,0.26874888957875337,0.14653953203365624,0.18906764369380064
