,Model_Name,feature_represenation,variance_maintained,Dimentionality,r2_summary,RMSE_summary,r2_train,RMSE_train,standard_error_r2,standard_error_RMSE,standard_error_r2_train,standard_error_RMSE_train
0,Ridge,SNPs,-,19794,0.08335421359492545,0.9254879638437542,0.8478148660115317,0.38531474388080533,0.32626404226459316,0.16093723894900594,0.09374745589352883,0.11496439738552557
1,Lasso,SNPs,-,19794,0.0645261433646418,0.9321980936637463,0.3645950068041417,0.7942159699745701,0.4194518092752936,0.15901248669530427,0.21182327768741938,0.11841992453120687
2,ElasticNet,SNPs,-,19794,0.05746792746815728,0.9390710639879067,0.39914901726737034,0.7717746145147604,0.3199877340402923,0.15552556071756107,0.23485111841390816,0.14313679001500518
