,Model_Name,feature_represenation,variance_maintained,Dimentionality,r2_summary,RMSE_summary,r2_train,RMSE_train,standard_error_r2,standard_error_RMSE,standard_error_r2_train,standard_error_RMSE_train
0,Ridge,SNPs,-,18597,0.27994827320418164,0.8351914709310261,0.917116577418009,0.2807172693010073,0.2411883156959458,0.2435636398543973,0.0761468103058096,0.13641915141176653
1,Lasso,SNPs,-,18597,0.15996056252501922,0.9025725538139387,0.5707340875241365,0.6509702774102636,0.21349945419095376,0.22960506611879986,0.19880022445250178,0.1546713695691826
2,ElasticNet,SNPs,-,18597,0.23221788512786584,0.8623452638433728,0.6745642911289272,0.5589506330861689,0.19949760390423538,0.21248263404557904,0.24958417852829795,0.24730407779675775
