,Model_Name,feature_represenation,variance_maintained,Dimentionality,r2_summary,RMSE_summary,r2_train,RMSE_train,standard_error_r2,standard_error_RMSE,standard_error_r2_train,standard_error_RMSE_train
0,Ridge,SNPs,-,2112,0.33468296511181994,0.7626308935782677,1.0,2.2291337112118824e-11,0.44455265203354605,0.24536634218273448,0.0,1.2559853693742487e-12
1,Lasso,SNPs,-,2112,0.016235659044101534,0.9436760225163092,0.8690608613008644,0.25789838912808394,0.39716959896425563,0.24055236241458963,0.4168443632331624,0.5158025586139438
2,ElasticNet,SNPs,-,2112,0.11308210063478757,0.890979911198976,0.7379281469678819,0.4813707936743952,0.40084696912246276,0.1920376747833042,0.39580252720116466,0.3616526379322904
