,Model_Name,feature_represenation,variance_maintained,Dimentionality,r2_summary,RMSE_summary,r2_train,RMSE_train,standard_error_r2,standard_error_RMSE,standard_error_r2_train,standard_error_RMSE_train
0,Ridge,SNPs,-,4652,0.4434524295822328,0.6428529439995126,0.996219639564049,0.036923923890131424,0.3654263015514852,0.9275829034577926,0.017064050187397702,0.07602507425648872
1,Lasso,SNPs,-,4652,0.19614488473325573,0.7610097273974276,0.6898485121081948,0.5237639984911817,0.25228349026059044,0.9144840372811259,0.3389482151302447,0.4105384974601161
2,ElasticNet,SNPs,-,4652,0.19712367867447017,0.759163587050682,0.4679049502307125,0.7073464693001421,0.525330507729629,0.9829693092049806,0.5104239649341813,0.34595139761570565
