,Model_Name,feature_represenation,variance_maintained,Dimentionality,r2_summary,RMSE_summary,r2_train,RMSE_train,standard_error_r2,standard_error_RMSE,standard_error_r2_train,standard_error_RMSE_train
0,Ridge,SNPs,-,4285,0.49704323077881635,0.6746126842168846,1.0,1.06414427684291e-11,0.21223087901012427,0.28929543762463533,0.0,1.7250701090547656e-12
1,Lasso,SNPs,-,4285,0.3104721781154059,0.7692523385853276,0.9303257535827631,0.211542848988073,0.4331646066445491,0.18682917207370786,0.1507466506663297,0.32524348842238443
2,ElasticNet,SNPs,-,4285,0.3377675514224148,0.7674267399856985,0.8417561220500586,0.381649733727507,0.2858088959657148,0.25128753183831276,0.14215361793313425,0.23718454560910698
