,Model_Name,feature_represenation,variance_maintained,Dimentionality,r2_summary,RMSE_summary,r2_train,RMSE_train,standard_error_r2,standard_error_RMSE,standard_error_r2_train,standard_error_RMSE_train
0,Ridge,SNPs,-,6739,0.3628077709307508,0.6230596807594843,0.999769028609443,0.007170512960236016,1.0920817556226747,0.2908767749786772,0.0012504946265499016,0.02810927262502351
1,Lasso,SNPs,-,6739,0.1313080275470917,0.6939598650776267,0.9721205475137144,0.15635548940889396,1.8857770338117499,0.3253012607296563,0.04432825752262946,0.1255398805357651
2,ElasticNet,SNPs,-,6739,0.29194993832458316,0.6729380771973934,0.8786469778142707,0.3420932809273665,1.0945961067063565,0.2919765144457708,0.08979196029421993,0.1458284161321827
