,Model_Name,feature_represenation,variance_maintained,Dimentionality,r2_summary,RMSE_summary,r2_train,RMSE_train,standard_error_r2,standard_error_RMSE,standard_error_r2_train,standard_error_RMSE_train
0,Ridge,SNPs,-,8301,0.28644299280024155,0.8112123495741269,0.9239650690956271,0.26880111943974927,0.33445488879518687,0.2738972389687507,0.06594019481470548,0.13253499014926715
1,Lasso,SNPs,-,8301,0.0929910806748275,0.9172750147122317,0.5710546509828947,0.6434438369697211,0.3499619397795856,0.2874957896434173,0.3177815509621904,0.2530568344301216
2,ElasticNet,SNPs,-,8301,0.1846453766688209,0.8689114151447216,0.5754259873251176,0.6485064144592604,0.27778637462366523,0.24446220330534063,0.16562152959126183,0.1422305292955159
