,Model_Name,feature_represenation,variance_maintained,Dimentionality,r2_summary,RMSE_summary,r2_train,RMSE_train,standard_error_r2,standard_error_RMSE,standard_error_r2_train,standard_error_RMSE_train
0,Ridge,SNPs,-,5325,0.49324619682589166,0.6760173586958761,1.0,8.484044733649919e-12,0.4374161562892772,0.5328039683610732,0.0,6.099359017458339e-13
1,Lasso,SNPs,-,5325,0.3047939967806275,0.7912679388230277,0.8720638954781674,0.2974158492528375,0.5683047840011237,0.5929255052093161,0.23056625213153267,0.4179098781017539
2,ElasticNet,SNPs,-,5325,0.41512889903981365,0.730314678573631,0.8677259550492806,0.35154827596212296,0.3418550410128188,0.5132430829600869,0.14403532267772284,0.197902830675273
